[0.062s] DEBUG:colcon:Command line arguments: ['/usr/bin/colcon', 'build', '--packages-select', 'ros_robot_controller']
[0.062s] DEBUG:colcon:Parsed command line arguments: Namespace(log_base=None, log_level=None, verb_name='build', build_base='build', install_base='install', merge_install=False, symlink_install=False, test_result_base=None, continue_on_error=False, executor='parallel', parallel_workers=16, event_handlers=None, ignore_user_meta=False, metas=['./colcon.meta'], base_paths=['.'], packages_ignore=None, packages_ignore_regex=None, paths=None, packages_up_to=None, packages_up_to_regex=None, packages_above=None, packages_above_and_dependencies=None, packages_above_depth=None, packages_select_by_dep=None, packages_skip_by_dep=None, packages_skip_up_to=None, packages_select_build_failed=False, packages_skip_build_finished=False, packages_select_test_failures=False, packages_skip_test_passed=False, packages_select=['ros_robot_controller'], packages_skip=None, packages_select_regex=None, packages_skip_regex=None, packages_start=None, packages_end=None, allow_overriding=[], cmake_args=None, cmake_target=None, cmake_target_skip_unavailable=False, cmake_clean_cache=False, cmake_clean_first=False, cmake_force_configure=False, ament_cmake_args=None, catkin_cmake_args=None, catkin_skip_building_tests=False, verb_parser=<colcon_defaults.argument_parser.defaults.DefaultArgumentsDecorator object at 0x78b4c684c5f0>, verb_extension=<colcon_core.verb.build.BuildVerb object at 0x78b4c684c2c0>, main=<bound method BuildVerb.main of <colcon_core.verb.build.BuildVerb object at 0x78b4c684c2c0>>)
[0.088s] Level 1:colcon.colcon_core.package_discovery:discover_packages(colcon_meta) check parameters
[0.088s] Level 1:colcon.colcon_core.package_discovery:discover_packages(recursive) check parameters
[0.088s] Level 1:colcon.colcon_core.package_discovery:discover_packages(ignore) check parameters
[0.088s] Level 1:colcon.colcon_core.package_discovery:discover_packages(path) check parameters
[0.088s] Level 1:colcon.colcon_core.package_discovery:discover_packages(colcon_meta) discover
[0.088s] Level 1:colcon.colcon_core.package_discovery:discover_packages(recursive) discover
[0.088s] INFO:colcon.colcon_core.package_discovery:Crawling recursively for packages in '/home/jimmy/project/tank/mcu_rosrobotcontrollerm4_motor_ps2'
[0.088s] Level 1:colcon.colcon_core.package_identification:_identify(.) by extensions ['ignore', 'ignore_ament_install']
[0.088s] Level 1:colcon.colcon_core.package_identification:_identify(.) by extension 'ignore'
[0.088s] Level 1:colcon.colcon_core.package_identification:_identify(.) by extension 'ignore_ament_install'
[0.088s] Level 1:colcon.colcon_core.package_identification:_identify(.) by extensions ['colcon_pkg']
[0.088s] Level 1:colcon.colcon_core.package_identification:_identify(.) by extension 'colcon_pkg'
[0.088s] Level 1:colcon.colcon_core.package_identification:_identify(.) by extensions ['colcon_meta']
[0.088s] Level 1:colcon.colcon_core.package_identification:_identify(.) by extension 'colcon_meta'
[0.088s] Level 1:colcon.colcon_core.package_identification:_identify(.) by extensions ['ros']
[0.088s] Level 1:colcon.colcon_core.package_identification:_identify(.) by extension 'ros'
[0.104s] Level 1:colcon.colcon_core.package_identification:_identify(.) by extensions ['cmake', 'python']
[0.104s] Level 1:colcon.colcon_core.package_identification:_identify(.) by extension 'cmake'
[0.104s] Level 1:colcon.colcon_core.package_identification:_identify(.) by extension 'python'
[0.104s] Level 1:colcon.colcon_core.package_identification:_identify(.) by extensions ['python_setup_py']
[0.104s] Level 1:colcon.colcon_core.package_identification:_identify(.) by extension 'python_setup_py'
[0.104s] Level 1:colcon.colcon_core.package_identification:_identify(Core) by extensions ['ignore', 'ignore_ament_install']
[0.104s] Level 1:colcon.colcon_core.package_identification:_identify(Core) by extension 'ignore'
[0.104s] Level 1:colcon.colcon_core.package_identification:_identify(Core) by extension 'ignore_ament_install'
[0.104s] Level 1:colcon.colcon_core.package_identification:_identify(Core) by extensions ['colcon_pkg']
[0.104s] Level 1:colcon.colcon_core.package_identification:_identify(Core) by extension 'colcon_pkg'
[0.104s] Level 1:colcon.colcon_core.package_identification:_identify(Core) by extensions ['colcon_meta']
[0.104s] Level 1:colcon.colcon_core.package_identification:_identify(Core) by extension 'colcon_meta'
[0.104s] Level 1:colcon.colcon_core.package_identification:_identify(Core) by extensions ['ros']
[0.104s] Level 1:colcon.colcon_core.package_identification:_identify(Core) by extension 'ros'
[0.104s] Level 1:colcon.colcon_core.package_identification:_identify(Core) by extensions ['cmake', 'python']
[0.104s] Level 1:colcon.colcon_core.package_identification:_identify(Core) by extension 'cmake'
[0.104s] Level 1:colcon.colcon_core.package_identification:_identify(Core) by extension 'python'
[0.104s] Level 1:colcon.colcon_core.package_identification:_identify(Core) by extensions ['python_setup_py']
[0.104s] Level 1:colcon.colcon_core.package_identification:_identify(Core) by extension 'python_setup_py'
[0.105s] Level 1:colcon.colcon_core.package_identification:_identify(Core/Inc) by extensions ['ignore', 'ignore_ament_install']
[0.105s] Level 1:colcon.colcon_core.package_identification:_identify(Core/Inc) by extension 'ignore'
[0.105s] Level 1:colcon.colcon_core.package_identification:_identify(Core/Inc) by extension 'ignore_ament_install'
[0.105s] Level 1:colcon.colcon_core.package_identification:_identify(Core/Inc) by extensions ['colcon_pkg']
[0.105s] Level 1:colcon.colcon_core.package_identification:_identify(Core/Inc) by extension 'colcon_pkg'
[0.105s] Level 1:colcon.colcon_core.package_identification:_identify(Core/Inc) by extensions ['colcon_meta']
[0.105s] Level 1:colcon.colcon_core.package_identification:_identify(Core/Inc) by extension 'colcon_meta'
[0.105s] Level 1:colcon.colcon_core.package_identification:_identify(Core/Inc) by extensions ['ros']
[0.105s] Level 1:colcon.colcon_core.package_identification:_identify(Core/Inc) by extension 'ros'
[0.105s] Level 1:colcon.colcon_core.package_identification:_identify(Core/Inc) by extensions ['cmake', 'python']
[0.105s] Level 1:colcon.colcon_core.package_identification:_identify(Core/Inc) by extension 'cmake'
[0.105s] Level 1:colcon.colcon_core.package_identification:_identify(Core/Inc) by extension 'python'
[0.105s] Level 1:colcon.colcon_core.package_identification:_identify(Core/Inc) by extensions ['python_setup_py']
[0.105s] Level 1:colcon.colcon_core.package_identification:_identify(Core/Inc) by extension 'python_setup_py'
[0.105s] Level 1:colcon.colcon_core.package_identification:_identify(Core/Inc/Backup) by extensions ['ignore', 'ignore_ament_install']
[0.105s] Level 1:colcon.colcon_core.package_identification:_identify(Core/Inc/Backup) by extension 'ignore'
[0.105s] Level 1:colcon.colcon_core.package_identification:_identify(Core/Inc/Backup) by extension 'ignore_ament_install'
[0.105s] Level 1:colcon.colcon_core.package_identification:_identify(Core/Inc/Backup) by extensions ['colcon_pkg']
[0.105s] Level 1:colcon.colcon_core.package_identification:_identify(Core/Inc/Backup) by extension 'colcon_pkg'
[0.105s] Level 1:colcon.colcon_core.package_identification:_identify(Core/Inc/Backup) by extensions ['colcon_meta']
[0.105s] Level 1:colcon.colcon_core.package_identification:_identify(Core/Inc/Backup) by extension 'colcon_meta'
[0.105s] Level 1:colcon.colcon_core.package_identification:_identify(Core/Inc/Backup) by extensions ['ros']
[0.105s] Level 1:colcon.colcon_core.package_identification:_identify(Core/Inc/Backup) by extension 'ros'
[0.105s] Level 1:colcon.colcon_core.package_identification:_identify(Core/Inc/Backup) by extensions ['cmake', 'python']
[0.105s] Level 1:colcon.colcon_core.package_identification:_identify(Core/Inc/Backup) by extension 'cmake'
[0.105s] Level 1:colcon.colcon_core.package_identification:_identify(Core/Inc/Backup) by extension 'python'
[0.105s] Level 1:colcon.colcon_core.package_identification:_identify(Core/Inc/Backup) by extensions ['python_setup_py']
[0.105s] Level 1:colcon.colcon_core.package_identification:_identify(Core/Inc/Backup) by extension 'python_setup_py'
[0.105s] Level 1:colcon.colcon_core.package_identification:_identify(Core/Src) by extensions ['ignore', 'ignore_ament_install']
[0.105s] Level 1:colcon.colcon_core.package_identification:_identify(Core/Src) by extension 'ignore'
[0.105s] Level 1:colcon.colcon_core.package_identification:_identify(Core/Src) by extension 'ignore_ament_install'
[0.105s] Level 1:colcon.colcon_core.package_identification:_identify(Core/Src) by extensions ['colcon_pkg']
[0.105s] Level 1:colcon.colcon_core.package_identification:_identify(Core/Src) by extension 'colcon_pkg'
[0.105s] Level 1:colcon.colcon_core.package_identification:_identify(Core/Src) by extensions ['colcon_meta']
[0.105s] Level 1:colcon.colcon_core.package_identification:_identify(Core/Src) by extension 'colcon_meta'
[0.105s] Level 1:colcon.colcon_core.package_identification:_identify(Core/Src) by extensions ['ros']
[0.105s] Level 1:colcon.colcon_core.package_identification:_identify(Core/Src) by extension 'ros'
[0.105s] Level 1:colcon.colcon_core.package_identification:_identify(Core/Src) by extensions ['cmake', 'python']
[0.105s] Level 1:colcon.colcon_core.package_identification:_identify(Core/Src) by extension 'cmake'
[0.105s] Level 1:colcon.colcon_core.package_identification:_identify(Core/Src) by extension 'python'
[0.105s] Level 1:colcon.colcon_core.package_identification:_identify(Core/Src) by extensions ['python_setup_py']
[0.105s] Level 1:colcon.colcon_core.package_identification:_identify(Core/Src) by extension 'python_setup_py'
[0.105s] Level 1:colcon.colcon_core.package_identification:_identify(Core/Src/Backup) by extensions ['ignore', 'ignore_ament_install']
[0.105s] Level 1:colcon.colcon_core.package_identification:_identify(Core/Src/Backup) by extension 'ignore'
[0.106s] Level 1:colcon.colcon_core.package_identification:_identify(Core/Src/Backup) by extension 'ignore_ament_install'
[0.106s] Level 1:colcon.colcon_core.package_identification:_identify(Core/Src/Backup) by extensions ['colcon_pkg']
[0.106s] Level 1:colcon.colcon_core.package_identification:_identify(Core/Src/Backup) by extension 'colcon_pkg'
[0.106s] Level 1:colcon.colcon_core.package_identification:_identify(Core/Src/Backup) by extensions ['colcon_meta']
[0.106s] Level 1:colcon.colcon_core.package_identification:_identify(Core/Src/Backup) by extension 'colcon_meta'
[0.106s] Level 1:colcon.colcon_core.package_identification:_identify(Core/Src/Backup) by extensions ['ros']
[0.106s] Level 1:colcon.colcon_core.package_identification:_identify(Core/Src/Backup) by extension 'ros'
[0.106s] Level 1:colcon.colcon_core.package_identification:_identify(Core/Src/Backup) by extensions ['cmake', 'python']
[0.106s] Level 1:colcon.colcon_core.package_identification:_identify(Core/Src/Backup) by extension 'cmake'
[0.106s] Level 1:colcon.colcon_core.package_identification:_identify(Core/Src/Backup) by extension 'python'
[0.106s] Level 1:colcon.colcon_core.package_identification:_identify(Core/Src/Backup) by extensions ['python_setup_py']
[0.106s] Level 1:colcon.colcon_core.package_identification:_identify(Core/Src/Backup) by extension 'python_setup_py'
[0.106s] Level 1:colcon.colcon_core.package_identification:_identify(Core/Startup) by extensions ['ignore', 'ignore_ament_install']
[0.106s] Level 1:colcon.colcon_core.package_identification:_identify(Core/Startup) by extension 'ignore'
[0.106s] Level 1:colcon.colcon_core.package_identification:_identify(Core/Startup) by extension 'ignore_ament_install'
[0.106s] Level 1:colcon.colcon_core.package_identification:_identify(Core/Startup) by extensions ['colcon_pkg']
[0.106s] Level 1:colcon.colcon_core.package_identification:_identify(Core/Startup) by extension 'colcon_pkg'
[0.106s] Level 1:colcon.colcon_core.package_identification:_identify(Core/Startup) by extensions ['colcon_meta']
[0.106s] Level 1:colcon.colcon_core.package_identification:_identify(Core/Startup) by extension 'colcon_meta'
[0.106s] Level 1:colcon.colcon_core.package_identification:_identify(Core/Startup) by extensions ['ros']
[0.106s] Level 1:colcon.colcon_core.package_identification:_identify(Core/Startup) by extension 'ros'
[0.106s] Level 1:colcon.colcon_core.package_identification:_identify(Core/Startup) by extensions ['cmake', 'python']
[0.106s] Level 1:colcon.colcon_core.package_identification:_identify(Core/Startup) by extension 'cmake'
[0.106s] Level 1:colcon.colcon_core.package_identification:_identify(Core/Startup) by extension 'python'
[0.106s] Level 1:colcon.colcon_core.package_identification:_identify(Core/Startup) by extensions ['python_setup_py']
[0.106s] Level 1:colcon.colcon_core.package_identification:_identify(Core/Startup) by extension 'python_setup_py'
[0.106s] Level 1:colcon.colcon_core.package_identification:_identify(Drivers) by extensions ['ignore', 'ignore_ament_install']
[0.106s] Level 1:colcon.colcon_core.package_identification:_identify(Drivers) by extension 'ignore'
[0.106s] Level 1:colcon.colcon_core.package_identification:_identify(Drivers) by extension 'ignore_ament_install'
[0.106s] Level 1:colcon.colcon_core.package_identification:_identify(Drivers) by extensions ['colcon_pkg']
[0.106s] Level 1:colcon.colcon_core.package_identification:_identify(Drivers) by extension 'colcon_pkg'
[0.106s] Level 1:colcon.colcon_core.package_identification:_identify(Drivers) by extensions ['colcon_meta']
[0.106s] Level 1:colcon.colcon_core.package_identification:_identify(Drivers) by extension 'colcon_meta'
[0.106s] Level 1:colcon.colcon_core.package_identification:_identify(Drivers) by extensions ['ros']
[0.106s] Level 1:colcon.colcon_core.package_identification:_identify(Drivers) by extension 'ros'
[0.106s] Level 1:colcon.colcon_core.package_identification:_identify(Drivers) by extensions ['cmake', 'python']
[0.106s] Level 1:colcon.colcon_core.package_identification:_identify(Drivers) by extension 'cmake'
[0.106s] Level 1:colcon.colcon_core.package_identification:_identify(Drivers) by extension 'python'
[0.106s] Level 1:colcon.colcon_core.package_identification:_identify(Drivers) by extensions ['python_setup_py']
[0.106s] Level 1:colcon.colcon_core.package_identification:_identify(Drivers) by extension 'python_setup_py'
[0.106s] Level 1:colcon.colcon_core.package_identification:_identify(Drivers/CMSIS) by extensions ['ignore', 'ignore_ament_install']
[0.106s] Level 1:colcon.colcon_core.package_identification:_identify(Drivers/CMSIS) by extension 'ignore'
[0.106s] Level 1:colcon.colcon_core.package_identification:_identify(Drivers/CMSIS) by extension 'ignore_ament_install'
[0.106s] Level 1:colcon.colcon_core.package_identification:_identify(Drivers/CMSIS) by extensions ['colcon_pkg']
[0.106s] Level 1:colcon.colcon_core.package_identification:_identify(Drivers/CMSIS) by extension 'colcon_pkg'
[0.106s] Level 1:colcon.colcon_core.package_identification:_identify(Drivers/CMSIS) by extensions ['colcon_meta']
[0.106s] Level 1:colcon.colcon_core.package_identification:_identify(Drivers/CMSIS) by extension 'colcon_meta'
[0.106s] Level 1:colcon.colcon_core.package_identification:_identify(Drivers/CMSIS) by extensions ['ros']
[0.106s] Level 1:colcon.colcon_core.package_identification:_identify(Drivers/CMSIS) by extension 'ros'
[0.106s] Level 1:colcon.colcon_core.package_identification:_identify(Drivers/CMSIS) by extensions ['cmake', 'python']
[0.106s] Level 1:colcon.colcon_core.package_identification:_identify(Drivers/CMSIS) by extension 'cmake'
[0.106s] Level 1:colcon.colcon_core.package_identification:_identify(Drivers/CMSIS) by extension 'python'
[0.107s] Level 1:colcon.colcon_core.package_identification:_identify(Drivers/CMSIS) by extensions ['python_setup_py']
[0.107s] Level 1:colcon.colcon_core.package_identification:_identify(Drivers/CMSIS) by extension 'python_setup_py'
[0.107s] Level 1:colcon.colcon_core.package_identification:_identify(Drivers/CMSIS/Core) by extensions ['ignore', 'ignore_ament_install']
[0.107s] Level 1:colcon.colcon_core.package_identification:_identify(Drivers/CMSIS/Core) by extension 'ignore'
[0.107s] Level 1:colcon.colcon_core.package_identification:_identify(Drivers/CMSIS/Core) by extension 'ignore_ament_install'
[0.107s] Level 1:colcon.colcon_core.package_identification:_identify(Drivers/CMSIS/Core) by extensions ['colcon_pkg']
[0.107s] Level 1:colcon.colcon_core.package_identification:_identify(Drivers/CMSIS/Core) by extension 'colcon_pkg'
[0.107s] Level 1:colcon.colcon_core.package_identification:_identify(Drivers/CMSIS/Core) by extensions ['colcon_meta']
[0.107s] Level 1:colcon.colcon_core.package_identification:_identify(Drivers/CMSIS/Core) by extension 'colcon_meta'
[0.107s] Level 1:colcon.colcon_core.package_identification:_identify(Drivers/CMSIS/Core) by extensions ['ros']
[0.107s] Level 1:colcon.colcon_core.package_identification:_identify(Drivers/CMSIS/Core) by extension 'ros'
[0.107s] Level 1:colcon.colcon_core.package_identification:_identify(Drivers/CMSIS/Core) by extensions ['cmake', 'python']
[0.107s] Level 1:colcon.colcon_core.package_identification:_identify(Drivers/CMSIS/Core) by extension 'cmake'
[0.107s] Level 1:colcon.colcon_core.package_identification:_identify(Drivers/CMSIS/Core) by extension 'python'
[0.107s] Level 1:colcon.colcon_core.package_identification:_identify(Drivers/CMSIS/Core) by extensions ['python_setup_py']
[0.107s] Level 1:colcon.colcon_core.package_identification:_identify(Drivers/CMSIS/Core) by extension 'python_setup_py'
[0.107s] Level 1:colcon.colcon_core.package_identification:_identify(Drivers/CMSIS/Core/Include) by extensions ['ignore', 'ignore_ament_install']
[0.107s] Level 1:colcon.colcon_core.package_identification:_identify(Drivers/CMSIS/Core/Include) by extension 'ignore'
[0.107s] Level 1:colcon.colcon_core.package_identification:_identify(Drivers/CMSIS/Core/Include) by extension 'ignore_ament_install'
[0.107s] Level 1:colcon.colcon_core.package_identification:_identify(Drivers/CMSIS/Core/Include) by extensions ['colcon_pkg']
[0.107s] Level 1:colcon.colcon_core.package_identification:_identify(Drivers/CMSIS/Core/Include) by extension 'colcon_pkg'
[0.107s] Level 1:colcon.colcon_core.package_identification:_identify(Drivers/CMSIS/Core/Include) by extensions ['colcon_meta']
[0.107s] Level 1:colcon.colcon_core.package_identification:_identify(Drivers/CMSIS/Core/Include) by extension 'colcon_meta'
[0.107s] Level 1:colcon.colcon_core.package_identification:_identify(Drivers/CMSIS/Core/Include) by extensions ['ros']
[0.107s] Level 1:colcon.colcon_core.package_identification:_identify(Drivers/CMSIS/Core/Include) by extension 'ros'
[0.107s] Level 1:colcon.colcon_core.package_identification:_identify(Drivers/CMSIS/Core/Include) by extensions ['cmake', 'python']
[0.107s] Level 1:colcon.colcon_core.package_identification:_identify(Drivers/CMSIS/Core/Include) by extension 'cmake'
[0.107s] Level 1:colcon.colcon_core.package_identification:_identify(Drivers/CMSIS/Core/Include) by extension 'python'
[0.107s] Level 1:colcon.colcon_core.package_identification:_identify(Drivers/CMSIS/Core/Include) by extensions ['python_setup_py']
[0.107s] Level 1:colcon.colcon_core.package_identification:_identify(Drivers/CMSIS/Core/Include) by extension 'python_setup_py'
[0.107s] Level 1:colcon.colcon_core.package_identification:_identify(Drivers/CMSIS/Core/Template) by extensions ['ignore', 'ignore_ament_install']
[0.107s] Level 1:colcon.colcon_core.package_identification:_identify(Drivers/CMSIS/Core/Template) by extension 'ignore'
[0.107s] Level 1:colcon.colcon_core.package_identification:_identify(Drivers/CMSIS/Core/Template) by extension 'ignore_ament_install'
[0.107s] Level 1:colcon.colcon_core.package_identification:_identify(Drivers/CMSIS/Core/Template) by extensions ['colcon_pkg']
[0.107s] Level 1:colcon.colcon_core.package_identification:_identify(Drivers/CMSIS/Core/Template) by extension 'colcon_pkg'
[0.107s] Level 1:colcon.colcon_core.package_identification:_identify(Drivers/CMSIS/Core/Template) by extensions ['colcon_meta']
[0.107s] Level 1:colcon.colcon_core.package_identification:_identify(Drivers/CMSIS/Core/Template) by extension 'colcon_meta'
[0.107s] Level 1:colcon.colcon_core.package_identification:_identify(Drivers/CMSIS/Core/Template) by extensions ['ros']
[0.107s] Level 1:colcon.colcon_core.package_identification:_identify(Drivers/CMSIS/Core/Template) by extension 'ros'
[0.107s] Level 1:colcon.colcon_core.package_identification:_identify(Drivers/CMSIS/Core/Template) by extensions ['cmake', 'python']
[0.107s] Level 1:colcon.colcon_core.package_identification:_identify(Drivers/CMSIS/Core/Template) by extension 'cmake'
[0.107s] Level 1:colcon.colcon_core.package_identification:_identify(Drivers/CMSIS/Core/Template) by extension 'python'
[0.107s] Level 1:colcon.colcon_core.package_identification:_identify(Drivers/CMSIS/Core/Template) by extensions ['python_setup_py']
[0.107s] Level 1:colcon.colcon_core.package_identification:_identify(Drivers/CMSIS/Core/Template) by extension 'python_setup_py'
[0.107s] Level 1:colcon.colcon_core.package_identification:_identify(Drivers/CMSIS/Core/Template/ARMv8-M) by extensions ['ignore', 'ignore_ament_install']
[0.108s] Level 1:colcon.colcon_core.package_identification:_identify(Drivers/CMSIS/Core/Template/ARMv8-M) by extension 'ignore'
[0.108s] Level 1:colcon.colcon_core.package_identification:_identify(Drivers/CMSIS/Core/Template/ARMv8-M) by extension 'ignore_ament_install'
[0.108s] Level 1:colcon.colcon_core.package_identification:_identify(Drivers/CMSIS/Core/Template/ARMv8-M) by extensions ['colcon_pkg']
[0.108s] Level 1:colcon.colcon_core.package_identification:_identify(Drivers/CMSIS/Core/Template/ARMv8-M) by extension 'colcon_pkg'
[0.108s] Level 1:colcon.colcon_core.package_identification:_identify(Drivers/CMSIS/Core/Template/ARMv8-M) by extensions ['colcon_meta']
[0.108s] Level 1:colcon.colcon_core.package_identification:_identify(Drivers/CMSIS/Core/Template/ARMv8-M) by extension 'colcon_meta'
[0.108s] Level 1:colcon.colcon_core.package_identification:_identify(Drivers/CMSIS/Core/Template/ARMv8-M) by extensions ['ros']
[0.108s] Level 1:colcon.colcon_core.package_identification:_identify(Drivers/CMSIS/Core/Template/ARMv8-M) by extension 'ros'
[0.108s] Level 1:colcon.colcon_core.package_identification:_identify(Drivers/CMSIS/Core/Template/ARMv8-M) by extensions ['cmake', 'python']
[0.108s] Level 1:colcon.colcon_core.package_identification:_identify(Drivers/CMSIS/Core/Template/ARMv8-M) by extension 'cmake'
[0.108s] Level 1:colcon.colcon_core.package_identification:_identify(Drivers/CMSIS/Core/Template/ARMv8-M) by extension 'python'
[0.108s] Level 1:colcon.colcon_core.package_identification:_identify(Drivers/CMSIS/Core/Template/ARMv8-M) by extensions ['python_setup_py']
[0.108s] Level 1:colcon.colcon_core.package_identification:_identify(Drivers/CMSIS/Core/Template/ARMv8-M) by extension 'python_setup_py'
[0.108s] Level 1:colcon.colcon_core.package_identification:_identify(Drivers/CMSIS/Core_A) by extensions ['ignore', 'ignore_ament_install']
[0.108s] Level 1:colcon.colcon_core.package_identification:_identify(Drivers/CMSIS/Core_A) by extension 'ignore'
[0.108s] Level 1:colcon.colcon_core.package_identification:_identify(Drivers/CMSIS/Core_A) by extension 'ignore_ament_install'
[0.108s] Level 1:colcon.colcon_core.package_identification:_identify(Drivers/CMSIS/Core_A) by extensions ['colcon_pkg']
[0.108s] Level 1:colcon.colcon_core.package_identification:_identify(Drivers/CMSIS/Core_A) by extension 'colcon_pkg'
[0.108s] Level 1:colcon.colcon_core.package_identification:_identify(Drivers/CMSIS/Core_A) by extensions ['colcon_meta']
[0.108s] Level 1:colcon.colcon_core.package_identification:_identify(Drivers/CMSIS/Core_A) by extension 'colcon_meta'
[0.108s] Level 1:colcon.colcon_core.package_identification:_identify(Drivers/CMSIS/Core_A) by extensions ['ros']
[0.108s] Level 1:colcon.colcon_core.package_identification:_identify(Drivers/CMSIS/Core_A) by extension 'ros'
[0.108s] Level 1:colcon.colcon_core.package_identification:_identify(Drivers/CMSIS/Core_A) by extensions ['cmake', 'python']
[0.108s] Level 1:colcon.colcon_core.package_identification:_identify(Drivers/CMSIS/Core_A) by extension 'cmake'
[0.108s] Level 1:colcon.colcon_core.package_identification:_identify(Drivers/CMSIS/Core_A) by extension 'python'
[0.108s] Level 1:colcon.colcon_core.package_identification:_identify(Drivers/CMSIS/Core_A) by extensions ['python_setup_py']
[0.108s] Level 1:colcon.colcon_core.package_identification:_identify(Drivers/CMSIS/Core_A) by extension 'python_setup_py'
[0.108s] Level 1:colcon.colcon_core.package_identification:_identify(Drivers/CMSIS/Core_A/Include) by extensions ['ignore', 'ignore_ament_install']
[0.108s] Level 1:colcon.colcon_core.package_identification:_identify(Drivers/CMSIS/Core_A/Include) by extension 'ignore'
[0.108s] Level 1:colcon.colcon_core.package_identification:_identify(Drivers/CMSIS/Core_A/Include) by extension 'ignore_ament_install'
[0.108s] Level 1:colcon.colcon_core.package_identification:_identify(Drivers/CMSIS/Core_A/Include) by extensions ['colcon_pkg']
[0.108s] Level 1:colcon.colcon_core.package_identification:_identify(Drivers/CMSIS/Core_A/Include) by extension 'colcon_pkg'
[0.108s] Level 1:colcon.colcon_core.package_identification:_identify(Drivers/CMSIS/Core_A/Include) by extensions ['colcon_meta']
[0.108s] Level 1:colcon.colcon_core.package_identification:_identify(Drivers/CMSIS/Core_A/Include) by extension 'colcon_meta'
[0.108s] Level 1:colcon.colcon_core.package_identification:_identify(Drivers/CMSIS/Core_A/Include) by extensions ['ros']
[0.108s] Level 1:colcon.colcon_core.package_identification:_identify(Drivers/CMSIS/Core_A/Include) by extension 'ros'
[0.108s] Level 1:colcon.colcon_core.package_identification:_identify(Drivers/CMSIS/Core_A/Include) by extensions ['cmake', 'python']
[0.108s] Level 1:colcon.colcon_core.package_identification:_identify(Drivers/CMSIS/Core_A/Include) by extension 'cmake'
[0.108s] Level 1:colcon.colcon_core.package_identification:_identify(Drivers/CMSIS/Core_A/Include) by extension 'python'
[0.108s] Level 1:colcon.colcon_core.package_identification:_identify(Drivers/CMSIS/Core_A/Include) by extensions ['python_setup_py']
[0.108s] Level 1:colcon.colcon_core.package_identification:_identify(Drivers/CMSIS/Core_A/Include) by extension 'python_setup_py'
[0.108s] Level 1:colcon.colcon_core.package_identification:_identify(Drivers/CMSIS/Core_A/Source) by extensions ['ignore', 'ignore_ament_install']
[0.108s] Level 1:colcon.colcon_core.package_identification:_identify(Drivers/CMSIS/Core_A/Source) by extension 'ignore'
[0.108s] Level 1:colcon.colcon_core.package_identification:_identify(Drivers/CMSIS/Core_A/Source) by extension 'ignore_ament_install'
[0.108s] Level 1:colcon.colcon_core.package_identification:_identify(Drivers/CMSIS/Core_A/Source) by extensions ['colcon_pkg']
[0.108s] Level 1:colcon.colcon_core.package_identification:_identify(Drivers/CMSIS/Core_A/Source) by extension 'colcon_pkg'
[0.108s] Level 1:colcon.colcon_core.package_identification:_identify(Drivers/CMSIS/Core_A/Source) by extensions ['colcon_meta']
[0.108s] Level 1:colcon.colcon_core.package_identification:_identify(Drivers/CMSIS/Core_A/Source) by extension 'colcon_meta'
[0.108s] Level 1:colcon.colcon_core.package_identification:_identify(Drivers/CMSIS/Core_A/Source) by extensions ['ros']
[0.108s] Level 1:colcon.colcon_core.package_identification:_identify(Drivers/CMSIS/Core_A/Source) by extension 'ros'
[0.109s] Level 1:colcon.colcon_core.package_identification:_identify(Drivers/CMSIS/Core_A/Source) by extensions ['cmake', 'python']
[0.109s] Level 1:colcon.colcon_core.package_identification:_identify(Drivers/CMSIS/Core_A/Source) by extension 'cmake'
[0.109s] Level 1:colcon.colcon_core.package_identification:_identify(Drivers/CMSIS/Core_A/Source) by extension 'python'
[0.109s] Level 1:colcon.colcon_core.package_identification:_identify(Drivers/CMSIS/Core_A/Source) by extensions ['python_setup_py']
[0.109s] Level 1:colcon.colcon_core.package_identification:_identify(Drivers/CMSIS/Core_A/Source) by extension 'python_setup_py'
[0.109s] Level 1:colcon.colcon_core.package_identification:_identify(Drivers/CMSIS/DAP) by extensions ['ignore', 'ignore_ament_install']
[0.109s] Level 1:colcon.colcon_core.package_identification:_identify(Drivers/CMSIS/DAP) by extension 'ignore'
[0.109s] Level 1:colcon.colcon_core.package_identification:_identify(Drivers/CMSIS/DAP) by extension 'ignore_ament_install'
[0.109s] Level 1:colcon.colcon_core.package_identification:_identify(Drivers/CMSIS/DAP) by extensions ['colcon_pkg']
[0.109s] Level 1:colcon.colcon_core.package_identification:_identify(Drivers/CMSIS/DAP) by extension 'colcon_pkg'
[0.109s] Level 1:colcon.colcon_core.package_identification:_identify(Drivers/CMSIS/DAP) by extensions ['colcon_meta']
[0.109s] Level 1:colcon.colcon_core.package_identification:_identify(Drivers/CMSIS/DAP) by extension 'colcon_meta'
[0.109s] Level 1:colcon.colcon_core.package_identification:_identify(Drivers/CMSIS/DAP) by extensions ['ros']
[0.109s] Level 1:colcon.colcon_core.package_identification:_identify(Drivers/CMSIS/DAP) by extension 'ros'
[0.109s] Level 1:colcon.colcon_core.package_identification:_identify(Drivers/CMSIS/DAP) by extensions ['cmake', 'python']
[0.109s] Level 1:colcon.colcon_core.package_identification:_identify(Drivers/CMSIS/DAP) by extension 'cmake'
[0.109s] Level 1:colcon.colcon_core.package_identification:_identify(Drivers/CMSIS/DAP) by extension 'python'
[0.109s] Level 1:colcon.colcon_core.package_identification:_identify(Drivers/CMSIS/DAP) by extensions ['python_setup_py']
[0.109s] Level 1:colcon.colcon_core.package_identification:_identify(Drivers/CMSIS/DAP) by extension 'python_setup_py'
[0.109s] Level 1:colcon.colcon_core.package_identification:_identify(Drivers/CMSIS/DAP/Firmware) by extensions ['ignore', 'ignore_ament_install']
[0.109s] Level 1:colcon.colcon_core.package_identification:_identify(Drivers/CMSIS/DAP/Firmware) by extension 'ignore'
[0.109s] Level 1:colcon.colcon_core.package_identification:_identify(Drivers/CMSIS/DAP/Firmware) by extension 'ignore_ament_install'
[0.109s] Level 1:colcon.colcon_core.package_identification:_identify(Drivers/CMSIS/DAP/Firmware) by extensions ['colcon_pkg']
[0.109s] Level 1:colcon.colcon_core.package_identification:_identify(Drivers/CMSIS/DAP/Firmware) by extension 'colcon_pkg'
[0.109s] Level 1:colcon.colcon_core.package_identification:_identify(Drivers/CMSIS/DAP/Firmware) by extensions ['colcon_meta']
[0.109s] Level 1:colcon.colcon_core.package_identification:_identify(Drivers/CMSIS/DAP/Firmware) by extension 'colcon_meta'
[0.109s] Level 1:colcon.colcon_core.package_identification:_identify(Drivers/CMSIS/DAP/Firmware) by extensions ['ros']
[0.109s] Level 1:colcon.colcon_core.package_identification:_identify(Drivers/CMSIS/DAP/Firmware) by extension 'ros'
[0.109s] Level 1:colcon.colcon_core.package_identification:_identify(Drivers/CMSIS/DAP/Firmware) by extensions ['cmake', 'python']
[0.109s] Level 1:colcon.colcon_core.package_identification:_identify(Drivers/CMSIS/DAP/Firmware) by extension 'cmake'
[0.109s] Level 1:colcon.colcon_core.package_identification:_identify(Drivers/CMSIS/DAP/Firmware) by extension 'python'
[0.109s] Level 1:colcon.colcon_core.package_identification:_identify(Drivers/CMSIS/DAP/Firmware) by extensions ['python_setup_py']
[0.109s] Level 1:colcon.colcon_core.package_identification:_identify(Drivers/CMSIS/DAP/Firmware) by extension 'python_setup_py'
[0.109s] Level 1:colcon.colcon_core.package_identification:_identify(Drivers/CMSIS/DAP/Firmware/Config) by extensions ['ignore', 'ignore_ament_install']
[0.109s] Level 1:colcon.colcon_core.package_identification:_identify(Drivers/CMSIS/DAP/Firmware/Config) by extension 'ignore'
[0.109s] Level 1:colcon.colcon_core.package_identification:_identify(Drivers/CMSIS/DAP/Firmware/Config) by extension 'ignore_ament_install'
[0.109s] Level 1:colcon.colcon_core.package_identification:_identify(Drivers/CMSIS/DAP/Firmware/Config) by extensions ['colcon_pkg']
[0.109s] Level 1:colcon.colcon_core.package_identification:_identify(Drivers/CMSIS/DAP/Firmware/Config) by extension 'colcon_pkg'
[0.109s] Level 1:colcon.colcon_core.package_identification:_identify(Drivers/CMSIS/DAP/Firmware/Config) by extensions ['colcon_meta']
[0.109s] Level 1:colcon.colcon_core.package_identification:_identify(Drivers/CMSIS/DAP/Firmware/Config) by extension 'colcon_meta'
[0.109s] Level 1:colcon.colcon_core.package_identification:_identify(Drivers/CMSIS/DAP/Firmware/Config) by extensions ['ros']
[0.109s] Level 1:colcon.colcon_core.package_identification:_identify(Drivers/CMSIS/DAP/Firmware/Config) by extension 'ros'
[0.109s] Level 1:colcon.colcon_core.package_identification:_identify(Drivers/CMSIS/DAP/Firmware/Config) by extensions ['cmake', 'python']
[0.109s] Level 1:colcon.colcon_core.package_identification:_identify(Drivers/CMSIS/DAP/Firmware/Config) by extension 'cmake'
[0.109s] Level 1:colcon.colcon_core.package_identification:_identify(Drivers/CMSIS/DAP/Firmware/Config) by extension 'python'
[0.109s] Level 1:colcon.colcon_core.package_identification:_identify(Drivers/CMSIS/DAP/Firmware/Config) by extensions ['python_setup_py']
[0.109s] Level 1:colcon.colcon_core.package_identification:_identify(Drivers/CMSIS/DAP/Firmware/Config) by extension 'python_setup_py'
[0.109s] Level 1:colcon.colcon_core.package_identification:_identify(Drivers/CMSIS/DAP/Firmware/Include) by extensions ['ignore', 'ignore_ament_install']
[0.109s] Level 1:colcon.colcon_core.package_identification:_identify(Drivers/CMSIS/DAP/Firmware/Include) by extension 'ignore'
[0.110s] Level 1:colcon.colcon_core.package_identification:_identify(Drivers/CMSIS/DAP/Firmware/Include) by extension 'ignore_ament_install'
[0.110s] Level 1:colcon.colcon_core.package_identification:_identify(Drivers/CMSIS/DAP/Firmware/Include) by extensions ['colcon_pkg']
[0.110s] Level 1:colcon.colcon_core.package_identification:_identify(Drivers/CMSIS/DAP/Firmware/Include) by extension 'colcon_pkg'
[0.110s] Level 1:colcon.colcon_core.package_identification:_identify(Drivers/CMSIS/DAP/Firmware/Include) by extensions ['colcon_meta']
[0.110s] Level 1:colcon.colcon_core.package_identification:_identify(Drivers/CMSIS/DAP/Firmware/Include) by extension 'colcon_meta'
[0.110s] Level 1:colcon.colcon_core.package_identification:_identify(Drivers/CMSIS/DAP/Firmware/Include) by extensions ['ros']
[0.110s] Level 1:colcon.colcon_core.package_identification:_identify(Drivers/CMSIS/DAP/Firmware/Include) by extension 'ros'
[0.110s] Level 1:colcon.colcon_core.package_identification:_identify(Drivers/CMSIS/DAP/Firmware/Include) by extensions ['cmake', 'python']
[0.110s] Level 1:colcon.colcon_core.package_identification:_identify(Drivers/CMSIS/DAP/Firmware/Include) by extension 'cmake'
[0.110s] Level 1:colcon.colcon_core.package_identification:_identify(Drivers/CMSIS/DAP/Firmware/Include) by extension 'python'
[0.110s] Level 1:colcon.colcon_core.package_identification:_identify(Drivers/CMSIS/DAP/Firmware/Include) by extensions ['python_setup_py']
[0.110s] Level 1:colcon.colcon_core.package_identification:_identify(Drivers/CMSIS/DAP/Firmware/Include) by extension 'python_setup_py'
[0.110s] Level 1:colcon.colcon_core.package_identification:_identify(Drivers/CMSIS/DAP/Firmware/Source) by extensions ['ignore', 'ignore_ament_install']
[0.110s] Level 1:colcon.colcon_core.package_identification:_identify(Drivers/CMSIS/DAP/Firmware/Source) by extension 'ignore'
[0.110s] Level 1:colcon.colcon_core.package_identification:_identify(Drivers/CMSIS/DAP/Firmware/Source) by extension 'ignore_ament_install'
[0.110s] Level 1:colcon.colcon_core.package_identification:_identify(Drivers/CMSIS/DAP/Firmware/Source) by extensions ['colcon_pkg']
[0.110s] Level 1:colcon.colcon_core.package_identification:_identify(Drivers/CMSIS/DAP/Firmware/Source) by extension 'colcon_pkg'
[0.110s] Level 1:colcon.colcon_core.package_identification:_identify(Drivers/CMSIS/DAP/Firmware/Source) by extensions ['colcon_meta']
[0.110s] Level 1:colcon.colcon_core.package_identification:_identify(Drivers/CMSIS/DAP/Firmware/Source) by extension 'colcon_meta'
[0.110s] Level 1:colcon.colcon_core.package_identification:_identify(Drivers/CMSIS/DAP/Firmware/Source) by extensions ['ros']
[0.110s] Level 1:colcon.colcon_core.package_identification:_identify(Drivers/CMSIS/DAP/Firmware/Source) by extension 'ros'
[0.110s] Level 1:colcon.colcon_core.package_identification:_identify(Drivers/CMSIS/DAP/Firmware/Source) by extensions ['cmake', 'python']
[0.110s] Level 1:colcon.colcon_core.package_identification:_identify(Drivers/CMSIS/DAP/Firmware/Source) by extension 'cmake'
[0.110s] Level 1:colcon.colcon_core.package_identification:_identify(Drivers/CMSIS/DAP/Firmware/Source) by extension 'python'
[0.110s] Level 1:colcon.colcon_core.package_identification:_identify(Drivers/CMSIS/DAP/Firmware/Source) by extensions ['python_setup_py']
[0.110s] Level 1:colcon.colcon_core.package_identification:_identify(Drivers/CMSIS/DAP/Firmware/Source) by extension 'python_setup_py'
[0.110s] Level 1:colcon.colcon_core.package_identification:_identify(Drivers/CMSIS/DSP) by extensions ['ignore', 'ignore_ament_install']
[0.110s] Level 1:colcon.colcon_core.package_identification:_identify(Drivers/CMSIS/DSP) by extension 'ignore'
[0.110s] Level 1:colcon.colcon_core.package_identification:_identify(Drivers/CMSIS/DSP) by extension 'ignore_ament_install'
[0.110s] Level 1:colcon.colcon_core.package_identification:_identify(Drivers/CMSIS/DSP) by extensions ['colcon_pkg']
[0.110s] Level 1:colcon.colcon_core.package_identification:_identify(Drivers/CMSIS/DSP) by extension 'colcon_pkg'
[0.110s] Level 1:colcon.colcon_core.package_identification:_identify(Drivers/CMSIS/DSP) by extensions ['colcon_meta']
[0.110s] Level 1:colcon.colcon_core.package_identification:_identify(Drivers/CMSIS/DSP) by extension 'colcon_meta'
[0.110s] Level 1:colcon.colcon_core.package_identification:_identify(Drivers/CMSIS/DSP) by extensions ['ros']
[0.110s] Level 1:colcon.colcon_core.package_identification:_identify(Drivers/CMSIS/DSP) by extension 'ros'
[0.110s] Level 1:colcon.colcon_core.package_identification:_identify(Drivers/CMSIS/DSP) by extensions ['cmake', 'python']
[0.110s] Level 1:colcon.colcon_core.package_identification:_identify(Drivers/CMSIS/DSP) by extension 'cmake'
[0.110s] Level 1:colcon.colcon_core.package_identification:_identify(Drivers/CMSIS/DSP) by extension 'python'
[0.110s] Level 1:colcon.colcon_core.package_identification:_identify(Drivers/CMSIS/DSP) by extensions ['python_setup_py']
[0.110s] Level 1:colcon.colcon_core.package_identification:_identify(Drivers/CMSIS/DSP) by extension 'python_setup_py'
[0.110s] Level 1:colcon.colcon_core.package_identification:_identify(Drivers/CMSIS/DSP/ComputeLibrary) by extensions ['ignore', 'ignore_ament_install']
[0.110s] Level 1:colcon.colcon_core.package_identification:_identify(Drivers/CMSIS/DSP/ComputeLibrary) by extension 'ignore'
[0.110s] Level 1:colcon.colcon_core.package_identification:_identify(Drivers/CMSIS/DSP/ComputeLibrary) by extension 'ignore_ament_install'
[0.110s] Level 1:colcon.colcon_core.package_identification:_identify(Drivers/CMSIS/DSP/ComputeLibrary) by extensions ['colcon_pkg']
[0.110s] Level 1:colcon.colcon_core.package_identification:_identify(Drivers/CMSIS/DSP/ComputeLibrary) by extension 'colcon_pkg'
[0.110s] Level 1:colcon.colcon_core.package_identification:_identify(Drivers/CMSIS/DSP/ComputeLibrary) by extensions ['colcon_meta']
[0.110s] Level 1:colcon.colcon_core.package_identification:_identify(Drivers/CMSIS/DSP/ComputeLibrary) by extension 'colcon_meta'
[0.110s] Level 1:colcon.colcon_core.package_identification:_identify(Drivers/CMSIS/DSP/ComputeLibrary) by extensions ['ros']
[0.110s] Level 1:colcon.colcon_core.package_identification:_identify(Drivers/CMSIS/DSP/ComputeLibrary) by extension 'ros'
[0.111s] Level 1:colcon.colcon_core.package_identification:_identify(Drivers/CMSIS/DSP/ComputeLibrary) by extensions ['cmake', 'python']
[0.111s] Level 1:colcon.colcon_core.package_identification:_identify(Drivers/CMSIS/DSP/ComputeLibrary) by extension 'cmake'
[0.111s] Level 1:colcon.colcon_core.package_identification:_identify(Drivers/CMSIS/DSP/ComputeLibrary) by extension 'python'
[0.111s] Level 1:colcon.colcon_core.package_identification:_identify(Drivers/CMSIS/DSP/ComputeLibrary) by extensions ['python_setup_py']
[0.111s] Level 1:colcon.colcon_core.package_identification:_identify(Drivers/CMSIS/DSP/ComputeLibrary) by extension 'python_setup_py'
[0.111s] Level 1:colcon.colcon_core.package_identification:_identify(Drivers/CMSIS/DSP/ComputeLibrary/Include) by extensions ['ignore', 'ignore_ament_install']
[0.111s] Level 1:colcon.colcon_core.package_identification:_identify(Drivers/CMSIS/DSP/ComputeLibrary/Include) by extension 'ignore'
[0.111s] Level 1:colcon.colcon_core.package_identification:_identify(Drivers/CMSIS/DSP/ComputeLibrary/Include) by extension 'ignore_ament_install'
[0.111s] Level 1:colcon.colcon_core.package_identification:_identify(Drivers/CMSIS/DSP/ComputeLibrary/Include) by extensions ['colcon_pkg']
[0.111s] Level 1:colcon.colcon_core.package_identification:_identify(Drivers/CMSIS/DSP/ComputeLibrary/Include) by extension 'colcon_pkg'
[0.111s] Level 1:colcon.colcon_core.package_identification:_identify(Drivers/CMSIS/DSP/ComputeLibrary/Include) by extensions ['colcon_meta']
[0.111s] Level 1:colcon.colcon_core.package_identification:_identify(Drivers/CMSIS/DSP/ComputeLibrary/Include) by extension 'colcon_meta'
[0.111s] Level 1:colcon.colcon_core.package_identification:_identify(Drivers/CMSIS/DSP/ComputeLibrary/Include) by extensions ['ros']
[0.111s] Level 1:colcon.colcon_core.package_identification:_identify(Drivers/CMSIS/DSP/ComputeLibrary/Include) by extension 'ros'
[0.111s] Level 1:colcon.colcon_core.package_identification:_identify(Drivers/CMSIS/DSP/ComputeLibrary/Include) by extensions ['cmake', 'python']
[0.111s] Level 1:colcon.colcon_core.package_identification:_identify(Drivers/CMSIS/DSP/ComputeLibrary/Include) by extension 'cmake'
[0.111s] Level 1:colcon.colcon_core.package_identification:_identify(Drivers/CMSIS/DSP/ComputeLibrary/Include) by extension 'python'
[0.111s] Level 1:colcon.colcon_core.package_identification:_identify(Drivers/CMSIS/DSP/ComputeLibrary/Include) by extensions ['python_setup_py']
[0.111s] Level 1:colcon.colcon_core.package_identification:_identify(Drivers/CMSIS/DSP/ComputeLibrary/Include) by extension 'python_setup_py'
[0.111s] Level 1:colcon.colcon_core.package_identification:_identify(Drivers/CMSIS/DSP/ComputeLibrary/Source) by extensions ['ignore', 'ignore_ament_install']
[0.111s] Level 1:colcon.colcon_core.package_identification:_identify(Drivers/CMSIS/DSP/ComputeLibrary/Source) by extension 'ignore'
[0.111s] Level 1:colcon.colcon_core.package_identification:_identify(Drivers/CMSIS/DSP/ComputeLibrary/Source) by extension 'ignore_ament_install'
[0.111s] Level 1:colcon.colcon_core.package_identification:_identify(Drivers/CMSIS/DSP/ComputeLibrary/Source) by extensions ['colcon_pkg']
[0.111s] Level 1:colcon.colcon_core.package_identification:_identify(Drivers/CMSIS/DSP/ComputeLibrary/Source) by extension 'colcon_pkg'
[0.111s] Level 1:colcon.colcon_core.package_identification:_identify(Drivers/CMSIS/DSP/ComputeLibrary/Source) by extensions ['colcon_meta']
[0.111s] Level 1:colcon.colcon_core.package_identification:_identify(Drivers/CMSIS/DSP/ComputeLibrary/Source) by extension 'colcon_meta'
[0.111s] Level 1:colcon.colcon_core.package_identification:_identify(Drivers/CMSIS/DSP/ComputeLibrary/Source) by extensions ['ros']
[0.111s] Level 1:colcon.colcon_core.package_identification:_identify(Drivers/CMSIS/DSP/ComputeLibrary/Source) by extension 'ros'
[0.111s] Level 1:colcon.colcon_core.package_identification:_identify(Drivers/CMSIS/DSP/ComputeLibrary/Source) by extensions ['cmake', 'python']
[0.111s] Level 1:colcon.colcon_core.package_identification:_identify(Drivers/CMSIS/DSP/ComputeLibrary/Source) by extension 'cmake'
[0.111s] Level 1:colcon.colcon_core.package_identification:_identify(Drivers/CMSIS/DSP/ComputeLibrary/Source) by extension 'python'
[0.111s] Level 1:colcon.colcon_core.package_identification:_identify(Drivers/CMSIS/DSP/ComputeLibrary/Source) by extensions ['python_setup_py']
[0.111s] Level 1:colcon.colcon_core.package_identification:_identify(Drivers/CMSIS/DSP/ComputeLibrary/Source) by extension 'python_setup_py'
[0.111s] Level 1:colcon.colcon_core.package_identification:_identify(Drivers/CMSIS/DSP/DSP_Lib_TestSuite) by extensions ['ignore', 'ignore_ament_install']
[0.111s] Level 1:colcon.colcon_core.package_identification:_identify(Drivers/CMSIS/DSP/DSP_Lib_TestSuite) by extension 'ignore'
[0.111s] Level 1:colcon.colcon_core.package_identification:_identify(Drivers/CMSIS/DSP/DSP_Lib_TestSuite) by extension 'ignore_ament_install'
[0.111s] Level 1:colcon.colcon_core.package_identification:_identify(Drivers/CMSIS/DSP/DSP_Lib_TestSuite) by extensions ['colcon_pkg']
[0.111s] Level 1:colcon.colcon_core.package_identification:_identify(Drivers/CMSIS/DSP/DSP_Lib_TestSuite) by extension 'colcon_pkg'
[0.111s] Level 1:colcon.colcon_core.package_identification:_identify(Drivers/CMSIS/DSP/DSP_Lib_TestSuite) by extensions ['colcon_meta']
[0.111s] Level 1:colcon.colcon_core.package_identification:_identify(Drivers/CMSIS/DSP/DSP_Lib_TestSuite) by extension 'colcon_meta'
[0.111s] Level 1:colcon.colcon_core.package_identification:_identify(Drivers/CMSIS/DSP/DSP_Lib_TestSuite) by extensions ['ros']
[0.111s] Level 1:colcon.colcon_core.package_identification:_identify(Drivers/CMSIS/DSP/DSP_Lib_TestSuite) by extension 'ros'
[0.111s] Level 1:colcon.colcon_core.package_identification:_identify(Drivers/CMSIS/DSP/DSP_Lib_TestSuite) by extensions ['cmake', 'python']
[0.111s] Level 1:colcon.colcon_core.package_identification:_identify(Drivers/CMSIS/DSP/DSP_Lib_TestSuite) by extension 'cmake'
[0.111s] Level 1:colcon.colcon_core.package_identification:_identify(Drivers/CMSIS/DSP/DSP_Lib_TestSuite) by extension 'python'
[0.111s] Level 1:colcon.colcon_core.package_identification:_identify(Drivers/CMSIS/DSP/DSP_Lib_TestSuite) by extensions ['python_setup_py']
[0.111s] Level 1:colcon.colcon_core.package_identification:_identify(Drivers/CMSIS/DSP/DSP_Lib_TestSuite) by extension 'python_setup_py'
[0.111s] Level 1:colcon.colcon_core.package_identification:_identify(Drivers/CMSIS/DSP/DSP_Lib_TestSuite/Common) by extensions ['ignore', 'ignore_ament_install']
[0.111s] Level 1:colcon.colcon_core.package_identification:_identify(Drivers/CMSIS/DSP/DSP_Lib_TestSuite/Common) by extension 'ignore'
[0.112s] Level 1:colcon.colcon_core.package_identification:_identify(Drivers/CMSIS/DSP/DSP_Lib_TestSuite/Common) by extension 'ignore_ament_install'
[0.112s] Level 1:colcon.colcon_core.package_identification:_identify(Drivers/CMSIS/DSP/DSP_Lib_TestSuite/Common) by extensions ['colcon_pkg']
[0.112s] Level 1:colcon.colcon_core.package_identification:_identify(Drivers/CMSIS/DSP/DSP_Lib_TestSuite/Common) by extension 'colcon_pkg'
[0.112s] Level 1:colcon.colcon_core.package_identification:_identify(Drivers/CMSIS/DSP/DSP_Lib_TestSuite/Common) by extensions ['colcon_meta']
[0.112s] Level 1:colcon.colcon_core.package_identification:_identify(Drivers/CMSIS/DSP/DSP_Lib_TestSuite/Common) by extension 'colcon_meta'
[0.112s] Level 1:colcon.colcon_core.package_identification:_identify(Drivers/CMSIS/DSP/DSP_Lib_TestSuite/Common) by extensions ['ros']
[0.112s] Level 1:colcon.colcon_core.package_identification:_identify(Drivers/CMSIS/DSP/DSP_Lib_TestSuite/Common) by extension 'ros'
[0.112s] Level 1:colcon.colcon_core.package_identification:_identify(Drivers/CMSIS/DSP/DSP_Lib_TestSuite/Common) by extensions ['cmake', 'python']
[0.112s] Level 1:colcon.colcon_core.package_identification:_identify(Drivers/CMSIS/DSP/DSP_Lib_TestSuite/Common) by extension 'cmake'
[0.112s] Level 1:colcon.colcon_core.package_identification:_identify(Drivers/CMSIS/DSP/DSP_Lib_TestSuite/Common) by extension 'python'
[0.112s] Level 1:colcon.colcon_core.package_identification:_identify(Drivers/CMSIS/DSP/DSP_Lib_TestSuite/Common) by extensions ['python_setup_py']
[0.112s] Level 1:colcon.colcon_core.package_identification:_identify(Drivers/CMSIS/DSP/DSP_Lib_TestSuite/Common) by extension 'python_setup_py'
[0.112s] Level 1:colcon.colcon_core.package_identification:_identify(Drivers/CMSIS/DSP/DSP_Lib_TestSuite/Common/JTest) by extensions ['ignore', 'ignore_ament_install']
[0.112s] Level 1:colcon.colcon_core.package_identification:_identify(Drivers/CMSIS/DSP/DSP_Lib_TestSuite/Common/JTest) by extension 'ignore'
[0.112s] Level 1:colcon.colcon_core.package_identification:_identify(Drivers/CMSIS/DSP/DSP_Lib_TestSuite/Common/JTest) by extension 'ignore_ament_install'
[0.112s] Level 1:colcon.colcon_core.package_identification:_identify(Drivers/CMSIS/DSP/DSP_Lib_TestSuite/Common/JTest) by extensions ['colcon_pkg']
[0.112s] Level 1:colcon.colcon_core.package_identification:_identify(Drivers/CMSIS/DSP/DSP_Lib_TestSuite/Common/JTest) by extension 'colcon_pkg'
[0.112s] Level 1:colcon.colcon_core.package_identification:_identify(Drivers/CMSIS/DSP/DSP_Lib_TestSuite/Common/JTest) by extensions ['colcon_meta']
[0.112s] Level 1:colcon.colcon_core.package_identification:_identify(Drivers/CMSIS/DSP/DSP_Lib_TestSuite/Common/JTest) by extension 'colcon_meta'
[0.112s] Level 1:colcon.colcon_core.package_identification:_identify(Drivers/CMSIS/DSP/DSP_Lib_TestSuite/Common/JTest) by extensions ['ros']
[0.112s] Level 1:colcon.colcon_core.package_identification:_identify(Drivers/CMSIS/DSP/DSP_Lib_TestSuite/Common/JTest) by extension 'ros'
[0.112s] Level 1:colcon.colcon_core.package_identification:_identify(Drivers/CMSIS/DSP/DSP_Lib_TestSuite/Common/JTest) by extensions ['cmake', 'python']
[0.112s] Level 1:colcon.colcon_core.package_identification:_identify(Drivers/CMSIS/DSP/DSP_Lib_TestSuite/Common/JTest) by extension 'cmake'
[0.112s] Level 1:colcon.colcon_core.package_identification:_identify(Drivers/CMSIS/DSP/DSP_Lib_TestSuite/Common/JTest) by extension 'python'
[0.112s] Level 1:colcon.colcon_core.package_identification:_identify(Drivers/CMSIS/DSP/DSP_Lib_TestSuite/Common/JTest) by extensions ['python_setup_py']
[0.112s] Level 1:colcon.colcon_core.package_identification:_identify(Drivers/CMSIS/DSP/DSP_Lib_TestSuite/Common/JTest) by extension 'python_setup_py'
[0.112s] Level 1:colcon.colcon_core.package_identification:_identify(Drivers/CMSIS/DSP/DSP_Lib_TestSuite/Common/JTest/inc) by extensions ['ignore', 'ignore_ament_install']
[0.112s] Level 1:colcon.colcon_core.package_identification:_identify(Drivers/CMSIS/DSP/DSP_Lib_TestSuite/Common/JTest/inc) by extension 'ignore'
[0.112s] Level 1:colcon.colcon_core.package_identification:_identify(Drivers/CMSIS/DSP/DSP_Lib_TestSuite/Common/JTest/inc) by extension 'ignore_ament_install'
[0.112s] Level 1:colcon.colcon_core.package_identification:_identify(Drivers/CMSIS/DSP/DSP_Lib_TestSuite/Common/JTest/inc) by extensions ['colcon_pkg']
[0.112s] Level 1:colcon.colcon_core.package_identification:_identify(Drivers/CMSIS/DSP/DSP_Lib_TestSuite/Common/JTest/inc) by extension 'colcon_pkg'
[0.112s] Level 1:colcon.colcon_core.package_identification:_identify(Drivers/CMSIS/DSP/DSP_Lib_TestSuite/Common/JTest/inc) by extensions ['colcon_meta']
[0.112s] Level 1:colcon.colcon_core.package_identification:_identify(Drivers/CMSIS/DSP/DSP_Lib_TestSuite/Common/JTest/inc) by extension 'colcon_meta'
[0.112s] Level 1:colcon.colcon_core.package_identification:_identify(Drivers/CMSIS/DSP/DSP_Lib_TestSuite/Common/JTest/inc) by extensions ['ros']
[0.112s] Level 1:colcon.colcon_core.package_identification:_identify(Drivers/CMSIS/DSP/DSP_Lib_TestSuite/Common/JTest/inc) by extension 'ros'
[0.112s] Level 1:colcon.colcon_core.package_identification:_identify(Drivers/CMSIS/DSP/DSP_Lib_TestSuite/Common/JTest/inc) by extensions ['cmake', 'python']
[0.112s] Level 1:colcon.colcon_core.package_identification:_identify(Drivers/CMSIS/DSP/DSP_Lib_TestSuite/Common/JTest/inc) by extension 'cmake'
[0.112s] Level 1:colcon.colcon_core.package_identification:_identify(Drivers/CMSIS/DSP/DSP_Lib_TestSuite/Common/JTest/inc) by extension 'python'
[0.112s] Level 1:colcon.colcon_core.package_identification:_identify(Drivers/CMSIS/DSP/DSP_Lib_TestSuite/Common/JTest/inc) by extensions ['python_setup_py']
[0.112s] Level 1:colcon.colcon_core.package_identification:_identify(Drivers/CMSIS/DSP/DSP_Lib_TestSuite/Common/JTest/inc) by extension 'python_setup_py'
[0.112s] Level 1:colcon.colcon_core.package_identification:_identify(Drivers/CMSIS/DSP/DSP_Lib_TestSuite/Common/JTest/inc/arr_desc) by extensions ['ignore', 'ignore_ament_install']
[0.112s] Level 1:colcon.colcon_core.package_identification:_identify(Drivers/CMSIS/DSP/DSP_Lib_TestSuite/Common/JTest/inc/arr_desc) by extension 'ignore'
[0.112s] Level 1:colcon.colcon_core.package_identification:_identify(Drivers/CMSIS/DSP/DSP_Lib_TestSuite/Common/JTest/inc/arr_desc) by extension 'ignore_ament_install'
[0.112s] Level 1:colcon.colcon_core.package_identification:_identify(Drivers/CMSIS/DSP/DSP_Lib_TestSuite/Common/JTest/inc/arr_desc) by extensions ['colcon_pkg']
[0.112s] Level 1:colcon.colcon_core.package_identification:_identify(Drivers/CMSIS/DSP/DSP_Lib_TestSuite/Common/JTest/inc/arr_desc) by extension 'colcon_pkg'
[0.112s] Level 1:colcon.colcon_core.package_identification:_identify(Drivers/CMSIS/DSP/DSP_Lib_TestSuite/Common/JTest/inc/arr_desc) by extensions ['colcon_meta']
[0.113s] Level 1:colcon.colcon_core.package_identification:_identify(Drivers/CMSIS/DSP/DSP_Lib_TestSuite/Common/JTest/inc/arr_desc) by extension 'colcon_meta'
[0.113s] Level 1:colcon.colcon_core.package_identification:_identify(Drivers/CMSIS/DSP/DSP_Lib_TestSuite/Common/JTest/inc/arr_desc) by extensions ['ros']
[0.113s] Level 1:colcon.colcon_core.package_identification:_identify(Drivers/CMSIS/DSP/DSP_Lib_TestSuite/Common/JTest/inc/arr_desc) by extension 'ros'
[0.113s] Level 1:colcon.colcon_core.package_identification:_identify(Drivers/CMSIS/DSP/DSP_Lib_TestSuite/Common/JTest/inc/arr_desc) by extensions ['cmake', 'python']
[0.113s] Level 1:colcon.colcon_core.package_identification:_identify(Drivers/CMSIS/DSP/DSP_Lib_TestSuite/Common/JTest/inc/arr_desc) by extension 'cmake'
[0.113s] Level 1:colcon.colcon_core.package_identification:_identify(Drivers/CMSIS/DSP/DSP_Lib_TestSuite/Common/JTest/inc/arr_desc) by extension 'python'
[0.113s] Level 1:colcon.colcon_core.package_identification:_identify(Drivers/CMSIS/DSP/DSP_Lib_TestSuite/Common/JTest/inc/arr_desc) by extensions ['python_setup_py']
[0.113s] Level 1:colcon.colcon_core.package_identification:_identify(Drivers/CMSIS/DSP/DSP_Lib_TestSuite/Common/JTest/inc/arr_desc) by extension 'python_setup_py'
[0.113s] Level 1:colcon.colcon_core.package_identification:_identify(Drivers/CMSIS/DSP/DSP_Lib_TestSuite/Common/JTest/inc/opt_arg) by extensions ['ignore', 'ignore_ament_install']
[0.113s] Level 1:colcon.colcon_core.package_identification:_identify(Drivers/CMSIS/DSP/DSP_Lib_TestSuite/Common/JTest/inc/opt_arg) by extension 'ignore'
[0.113s] Level 1:colcon.colcon_core.package_identification:_identify(Drivers/CMSIS/DSP/DSP_Lib_TestSuite/Common/JTest/inc/opt_arg) by extension 'ignore_ament_install'
[0.113s] Level 1:colcon.colcon_core.package_identification:_identify(Drivers/CMSIS/DSP/DSP_Lib_TestSuite/Common/JTest/inc/opt_arg) by extensions ['colcon_pkg']
[0.113s] Level 1:colcon.colcon_core.package_identification:_identify(Drivers/CMSIS/DSP/DSP_Lib_TestSuite/Common/JTest/inc/opt_arg) by extension 'colcon_pkg'
[0.113s] Level 1:colcon.colcon_core.package_identification:_identify(Drivers/CMSIS/DSP/DSP_Lib_TestSuite/Common/JTest/inc/opt_arg) by extensions ['colcon_meta']
[0.113s] Level 1:colcon.colcon_core.package_identification:_identify(Drivers/CMSIS/DSP/DSP_Lib_TestSuite/Common/JTest/inc/opt_arg) by extension 'colcon_meta'
[0.113s] Level 1:colcon.colcon_core.package_identification:_identify(Drivers/CMSIS/DSP/DSP_Lib_TestSuite/Common/JTest/inc/opt_arg) by extensions ['ros']
[0.113s] Level 1:colcon.colcon_core.package_identification:_identify(Drivers/CMSIS/DSP/DSP_Lib_TestSuite/Common/JTest/inc/opt_arg) by extension 'ros'
[0.113s] Level 1:colcon.colcon_core.package_identification:_identify(Drivers/CMSIS/DSP/DSP_Lib_TestSuite/Common/JTest/inc/opt_arg) by extensions ['cmake', 'python']
[0.113s] Level 1:colcon.colcon_core.package_identification:_identify(Drivers/CMSIS/DSP/DSP_Lib_TestSuite/Common/JTest/inc/opt_arg) by extension 'cmake'
[0.113s] Level 1:colcon.colcon_core.package_identification:_identify(Drivers/CMSIS/DSP/DSP_Lib_TestSuite/Common/JTest/inc/opt_arg) by extension 'python'
[0.113s] Level 1:colcon.colcon_core.package_identification:_identify(Drivers/CMSIS/DSP/DSP_Lib_TestSuite/Common/JTest/inc/opt_arg) by extensions ['python_setup_py']
[0.113s] Level 1:colcon.colcon_core.package_identification:_identify(Drivers/CMSIS/DSP/DSP_Lib_TestSuite/Common/JTest/inc/opt_arg) by extension 'python_setup_py'
[0.113s] Level 1:colcon.colcon_core.package_identification:_identify(Drivers/CMSIS/DSP/DSP_Lib_TestSuite/Common/JTest/inc/util) by extensions ['ignore', 'ignore_ament_install']
[0.113s] Level 1:colcon.colcon_core.package_identification:_identify(Drivers/CMSIS/DSP/DSP_Lib_TestSuite/Common/JTest/inc/util) by extension 'ignore'
[0.113s] Level 1:colcon.colcon_core.package_identification:_identify(Drivers/CMSIS/DSP/DSP_Lib_TestSuite/Common/JTest/inc/util) by extension 'ignore_ament_install'
[0.113s] Level 1:colcon.colcon_core.package_identification:_identify(Drivers/CMSIS/DSP/DSP_Lib_TestSuite/Common/JTest/inc/util) by extensions ['colcon_pkg']
[0.113s] Level 1:colcon.colcon_core.package_identification:_identify(Drivers/CMSIS/DSP/DSP_Lib_TestSuite/Common/JTest/inc/util) by extension 'colcon_pkg'
[0.113s] Level 1:colcon.colcon_core.package_identification:_identify(Drivers/CMSIS/DSP/DSP_Lib_TestSuite/Common/JTest/inc/util) by extensions ['colcon_meta']
[0.113s] Level 1:colcon.colcon_core.package_identification:_identify(Drivers/CMSIS/DSP/DSP_Lib_TestSuite/Common/JTest/inc/util) by extension 'colcon_meta'
[0.113s] Level 1:colcon.colcon_core.package_identification:_identify(Drivers/CMSIS/DSP/DSP_Lib_TestSuite/Common/JTest/inc/util) by extensions ['ros']
[0.113s] Level 1:colcon.colcon_core.package_identification:_identify(Drivers/CMSIS/DSP/DSP_Lib_TestSuite/Common/JTest/inc/util) by extension 'ros'
[0.113s] Level 1:colcon.colcon_core.package_identification:_identify(Drivers/CMSIS/DSP/DSP_Lib_TestSuite/Common/JTest/inc/util) by extensions ['cmake', 'python']
[0.113s] Level 1:colcon.colcon_core.package_identification:_identify(Drivers/CMSIS/DSP/DSP_Lib_TestSuite/Common/JTest/inc/util) by extension 'cmake'
[0.113s] Level 1:colcon.colcon_core.package_identification:_identify(Drivers/CMSIS/DSP/DSP_Lib_TestSuite/Common/JTest/inc/util) by extension 'python'
[0.113s] Level 1:colcon.colcon_core.package_identification:_identify(Drivers/CMSIS/DSP/DSP_Lib_TestSuite/Common/JTest/inc/util) by extensions ['python_setup_py']
[0.113s] Level 1:colcon.colcon_core.package_identification:_identify(Drivers/CMSIS/DSP/DSP_Lib_TestSuite/Common/JTest/inc/util) by extension 'python_setup_py'
[0.113s] Level 1:colcon.colcon_core.package_identification:_identify(Drivers/CMSIS/DSP/DSP_Lib_TestSuite/Common/JTest/src) by extensions ['ignore', 'ignore_ament_install']
[0.113s] Level 1:colcon.colcon_core.package_identification:_identify(Drivers/CMSIS/DSP/DSP_Lib_TestSuite/Common/JTest/src) by extension 'ignore'
[0.113s] Level 1:colcon.colcon_core.package_identification:_identify(Drivers/CMSIS/DSP/DSP_Lib_TestSuite/Common/JTest/src) by extension 'ignore_ament_install'
[0.113s] Level 1:colcon.colcon_core.package_identification:_identify(Drivers/CMSIS/DSP/DSP_Lib_TestSuite/Common/JTest/src) by extensions ['colcon_pkg']
[0.113s] Level 1:colcon.colcon_core.package_identification:_identify(Drivers/CMSIS/DSP/DSP_Lib_TestSuite/Common/JTest/src) by extension 'colcon_pkg'
[0.113s] Level 1:colcon.colcon_core.package_identification:_identify(Drivers/CMSIS/DSP/DSP_Lib_TestSuite/Common/JTest/src) by extensions ['colcon_meta']
[0.113s] Level 1:colcon.colcon_core.package_identification:_identify(Drivers/CMSIS/DSP/DSP_Lib_TestSuite/Common/JTest/src) by extension 'colcon_meta'
[0.113s] Level 1:colcon.colcon_core.package_identification:_identify(Drivers/CMSIS/DSP/DSP_Lib_TestSuite/Common/JTest/src) by extensions ['ros']
[0.113s] Level 1:colcon.colcon_core.package_identification:_identify(Drivers/CMSIS/DSP/DSP_Lib_TestSuite/Common/JTest/src) by extension 'ros'
[0.114s] Level 1:colcon.colcon_core.package_identification:_identify(Drivers/CMSIS/DSP/DSP_Lib_TestSuite/Common/JTest/src) by extensions ['cmake', 'python']
[0.114s] Level 1:colcon.colcon_core.package_identification:_identify(Drivers/CMSIS/DSP/DSP_Lib_TestSuite/Common/JTest/src) by extension 'cmake'
[0.114s] Level 1:colcon.colcon_core.package_identification:_identify(Drivers/CMSIS/DSP/DSP_Lib_TestSuite/Common/JTest/src) by extension 'python'
[0.114s] Level 1:colcon.colcon_core.package_identification:_identify(Drivers/CMSIS/DSP/DSP_Lib_TestSuite/Common/JTest/src) by extensions ['python_setup_py']
[0.114s] Level 1:colcon.colcon_core.package_identification:_identify(Drivers/CMSIS/DSP/DSP_Lib_TestSuite/Common/JTest/src) by extension 'python_setup_py'
[0.114s] Level 1:colcon.colcon_core.package_identification:_identify(Drivers/CMSIS/DSP/DSP_Lib_TestSuite/Common/inc) by extensions ['ignore', 'ignore_ament_install']
[0.114s] Level 1:colcon.colcon_core.package_identification:_identify(Drivers/CMSIS/DSP/DSP_Lib_TestSuite/Common/inc) by extension 'ignore'
[0.114s] Level 1:colcon.colcon_core.package_identification:_identify(Drivers/CMSIS/DSP/DSP_Lib_TestSuite/Common/inc) by extension 'ignore_ament_install'
[0.114s] Level 1:colcon.colcon_core.package_identification:_identify(Drivers/CMSIS/DSP/DSP_Lib_TestSuite/Common/inc) by extensions ['colcon_pkg']
[0.114s] Level 1:colcon.colcon_core.package_identification:_identify(Drivers/CMSIS/DSP/DSP_Lib_TestSuite/Common/inc) by extension 'colcon_pkg'
[0.114s] Level 1:colcon.colcon_core.package_identification:_identify(Drivers/CMSIS/DSP/DSP_Lib_TestSuite/Common/inc) by extensions ['colcon_meta']
[0.114s] Level 1:colcon.colcon_core.package_identification:_identify(Drivers/CMSIS/DSP/DSP_Lib_TestSuite/Common/inc) by extension 'colcon_meta'
[0.114s] Level 1:colcon.colcon_core.package_identification:_identify(Drivers/CMSIS/DSP/DSP_Lib_TestSuite/Common/inc) by extensions ['ros']
[0.114s] Level 1:colcon.colcon_core.package_identification:_identify(Drivers/CMSIS/DSP/DSP_Lib_TestSuite/Common/inc) by extension 'ros'
[0.114s] Level 1:colcon.colcon_core.package_identification:_identify(Drivers/CMSIS/DSP/DSP_Lib_TestSuite/Common/inc) by extensions ['cmake', 'python']
[0.114s] Level 1:colcon.colcon_core.package_identification:_identify(Drivers/CMSIS/DSP/DSP_Lib_TestSuite/Common/inc) by extension 'cmake'
[0.114s] Level 1:colcon.colcon_core.package_identification:_identify(Drivers/CMSIS/DSP/DSP_Lib_TestSuite/Common/inc) by extension 'python'
[0.114s] Level 1:colcon.colcon_core.package_identification:_identify(Drivers/CMSIS/DSP/DSP_Lib_TestSuite/Common/inc) by extensions ['python_setup_py']
[0.114s] Level 1:colcon.colcon_core.package_identification:_identify(Drivers/CMSIS/DSP/DSP_Lib_TestSuite/Common/inc) by extension 'python_setup_py'
[0.114s] Level 1:colcon.colcon_core.package_identification:_identify(Drivers/CMSIS/DSP/DSP_Lib_TestSuite/Common/inc/basic_math_tests) by extensions ['ignore', 'ignore_ament_install']
[0.114s] Level 1:colcon.colcon_core.package_identification:_identify(Drivers/CMSIS/DSP/DSP_Lib_TestSuite/Common/inc/basic_math_tests) by extension 'ignore'
[0.114s] Level 1:colcon.colcon_core.package_identification:_identify(Drivers/CMSIS/DSP/DSP_Lib_TestSuite/Common/inc/basic_math_tests) by extension 'ignore_ament_install'
[0.114s] Level 1:colcon.colcon_core.package_identification:_identify(Drivers/CMSIS/DSP/DSP_Lib_TestSuite/Common/inc/basic_math_tests) by extensions ['colcon_pkg']
[0.114s] Level 1:colcon.colcon_core.package_identification:_identify(Drivers/CMSIS/DSP/DSP_Lib_TestSuite/Common/inc/basic_math_tests) by extension 'colcon_pkg'
[0.114s] Level 1:colcon.colcon_core.package_identification:_identify(Drivers/CMSIS/DSP/DSP_Lib_TestSuite/Common/inc/basic_math_tests) by extensions ['colcon_meta']
[0.114s] Level 1:colcon.colcon_core.package_identification:_identify(Drivers/CMSIS/DSP/DSP_Lib_TestSuite/Common/inc/basic_math_tests) by extension 'colcon_meta'
[0.114s] Level 1:colcon.colcon_core.package_identification:_identify(Drivers/CMSIS/DSP/DSP_Lib_TestSuite/Common/inc/basic_math_tests) by extensions ['ros']
[0.114s] Level 1:colcon.colcon_core.package_identification:_identify(Drivers/CMSIS/DSP/DSP_Lib_TestSuite/Common/inc/basic_math_tests) by extension 'ros'
[0.114s] Level 1:colcon.colcon_core.package_identification:_identify(Drivers/CMSIS/DSP/DSP_Lib_TestSuite/Common/inc/basic_math_tests) by extensions ['cmake', 'python']
[0.114s] Level 1:colcon.colcon_core.package_identification:_identify(Drivers/CMSIS/DSP/DSP_Lib_TestSuite/Common/inc/basic_math_tests) by extension 'cmake'
[0.114s] Level 1:colcon.colcon_core.package_identification:_identify(Drivers/CMSIS/DSP/DSP_Lib_TestSuite/Common/inc/basic_math_tests) by extension 'python'
[0.114s] Level 1:colcon.colcon_core.package_identification:_identify(Drivers/CMSIS/DSP/DSP_Lib_TestSuite/Common/inc/basic_math_tests) by extensions ['python_setup_py']
[0.114s] Level 1:colcon.colcon_core.package_identification:_identify(Drivers/CMSIS/DSP/DSP_Lib_TestSuite/Common/inc/basic_math_tests) by extension 'python_setup_py'
[0.114s] Level 1:colcon.colcon_core.package_identification:_identify(Drivers/CMSIS/DSP/DSP_Lib_TestSuite/Common/inc/complex_math_tests) by extensions ['ignore', 'ignore_ament_install']
[0.114s] Level 1:colcon.colcon_core.package_identification:_identify(Drivers/CMSIS/DSP/DSP_Lib_TestSuite/Common/inc/complex_math_tests) by extension 'ignore'
[0.114s] Level 1:colcon.colcon_core.package_identification:_identify(Drivers/CMSIS/DSP/DSP_Lib_TestSuite/Common/inc/complex_math_tests) by extension 'ignore_ament_install'
[0.114s] Level 1:colcon.colcon_core.package_identification:_identify(Drivers/CMSIS/DSP/DSP_Lib_TestSuite/Common/inc/complex_math_tests) by extensions ['colcon_pkg']
[0.114s] Level 1:colcon.colcon_core.package_identification:_identify(Drivers/CMSIS/DSP/DSP_Lib_TestSuite/Common/inc/complex_math_tests) by extension 'colcon_pkg'
[0.114s] Level 1:colcon.colcon_core.package_identification:_identify(Drivers/CMSIS/DSP/DSP_Lib_TestSuite/Common/inc/complex_math_tests) by extensions ['colcon_meta']
[0.114s] Level 1:colcon.colcon_core.package_identification:_identify(Drivers/CMSIS/DSP/DSP_Lib_TestSuite/Common/inc/complex_math_tests) by extension 'colcon_meta'
[0.114s] Level 1:colcon.colcon_core.package_identification:_identify(Drivers/CMSIS/DSP/DSP_Lib_TestSuite/Common/inc/complex_math_tests) by extensions ['ros']
[0.114s] Level 1:colcon.colcon_core.package_identification:_identify(Drivers/CMSIS/DSP/DSP_Lib_TestSuite/Common/inc/complex_math_tests) by extension 'ros'
[0.114s] Level 1:colcon.colcon_core.package_identification:_identify(Drivers/CMSIS/DSP/DSP_Lib_TestSuite/Common/inc/complex_math_tests) by extensions ['cmake', 'python']
[0.114s] Level 1:colcon.colcon_core.package_identification:_identify(Drivers/CMSIS/DSP/DSP_Lib_TestSuite/Common/inc/complex_math_tests) by extension 'cmake'
[0.115s] Level 1:colcon.colcon_core.package_identification:_identify(Drivers/CMSIS/DSP/DSP_Lib_TestSuite/Common/inc/complex_math_tests) by extension 'python'
[0.115s] Level 1:colcon.colcon_core.package_identification:_identify(Drivers/CMSIS/DSP/DSP_Lib_TestSuite/Common/inc/complex_math_tests) by extensions ['python_setup_py']
[0.115s] Level 1:colcon.colcon_core.package_identification:_identify(Drivers/CMSIS/DSP/DSP_Lib_TestSuite/Common/inc/complex_math_tests) by extension 'python_setup_py'
[0.115s] Level 1:colcon.colcon_core.package_identification:_identify(Drivers/CMSIS/DSP/DSP_Lib_TestSuite/Common/inc/controller_tests) by extensions ['ignore', 'ignore_ament_install']
[0.115s] Level 1:colcon.colcon_core.package_identification:_identify(Drivers/CMSIS/DSP/DSP_Lib_TestSuite/Common/inc/controller_tests) by extension 'ignore'
[0.115s] Level 1:colcon.colcon_core.package_identification:_identify(Drivers/CMSIS/DSP/DSP_Lib_TestSuite/Common/inc/controller_tests) by extension 'ignore_ament_install'
[0.115s] Level 1:colcon.colcon_core.package_identification:_identify(Drivers/CMSIS/DSP/DSP_Lib_TestSuite/Common/inc/controller_tests) by extensions ['colcon_pkg']
[0.115s] Level 1:colcon.colcon_core.package_identification:_identify(Drivers/CMSIS/DSP/DSP_Lib_TestSuite/Common/inc/controller_tests) by extension 'colcon_pkg'
[0.115s] Level 1:colcon.colcon_core.package_identification:_identify(Drivers/CMSIS/DSP/DSP_Lib_TestSuite/Common/inc/controller_tests) by extensions ['colcon_meta']
[0.115s] Level 1:colcon.colcon_core.package_identification:_identify(Drivers/CMSIS/DSP/DSP_Lib_TestSuite/Common/inc/controller_tests) by extension 'colcon_meta'
[0.115s] Level 1:colcon.colcon_core.package_identification:_identify(Drivers/CMSIS/DSP/DSP_Lib_TestSuite/Common/inc/controller_tests) by extensions ['ros']
[0.115s] Level 1:colcon.colcon_core.package_identification:_identify(Drivers/CMSIS/DSP/DSP_Lib_TestSuite/Common/inc/controller_tests) by extension 'ros'
[0.115s] Level 1:colcon.colcon_core.package_identification:_identify(Drivers/CMSIS/DSP/DSP_Lib_TestSuite/Common/inc/controller_tests) by extensions ['cmake', 'python']
[0.115s] Level 1:colcon.colcon_core.package_identification:_identify(Drivers/CMSIS/DSP/DSP_Lib_TestSuite/Common/inc/controller_tests) by extension 'cmake'
[0.115s] Level 1:colcon.colcon_core.package_identification:_identify(Drivers/CMSIS/DSP/DSP_Lib_TestSuite/Common/inc/controller_tests) by extension 'python'
[0.115s] Level 1:colcon.colcon_core.package_identification:_identify(Drivers/CMSIS/DSP/DSP_Lib_TestSuite/Common/inc/controller_tests) by extensions ['python_setup_py']
[0.115s] Level 1:colcon.colcon_core.package_identification:_identify(Drivers/CMSIS/DSP/DSP_Lib_TestSuite/Common/inc/controller_tests) by extension 'python_setup_py'
[0.115s] Level 1:colcon.colcon_core.package_identification:_identify(Drivers/CMSIS/DSP/DSP_Lib_TestSuite/Common/inc/fast_math_tests) by extensions ['ignore', 'ignore_ament_install']
[0.115s] Level 1:colcon.colcon_core.package_identification:_identify(Drivers/CMSIS/DSP/DSP_Lib_TestSuite/Common/inc/fast_math_tests) by extension 'ignore'
[0.115s] Level 1:colcon.colcon_core.package_identification:_identify(Drivers/CMSIS/DSP/DSP_Lib_TestSuite/Common/inc/fast_math_tests) by extension 'ignore_ament_install'
[0.115s] Level 1:colcon.colcon_core.package_identification:_identify(Drivers/CMSIS/DSP/DSP_Lib_TestSuite/Common/inc/fast_math_tests) by extensions ['colcon_pkg']
[0.115s] Level 1:colcon.colcon_core.package_identification:_identify(Drivers/CMSIS/DSP/DSP_Lib_TestSuite/Common/inc/fast_math_tests) by extension 'colcon_pkg'
[0.115s] Level 1:colcon.colcon_core.package_identification:_identify(Drivers/CMSIS/DSP/DSP_Lib_TestSuite/Common/inc/fast_math_tests) by extensions ['colcon_meta']
[0.115s] Level 1:colcon.colcon_core.package_identification:_identify(Drivers/CMSIS/DSP/DSP_Lib_TestSuite/Common/inc/fast_math_tests) by extension 'colcon_meta'
[0.115s] Level 1:colcon.colcon_core.package_identification:_identify(Drivers/CMSIS/DSP/DSP_Lib_TestSuite/Common/inc/fast_math_tests) by extensions ['ros']
[0.115s] Level 1:colcon.colcon_core.package_identification:_identify(Drivers/CMSIS/DSP/DSP_Lib_TestSuite/Common/inc/fast_math_tests) by extension 'ros'
[0.115s] Level 1:colcon.colcon_core.package_identification:_identify(Drivers/CMSIS/DSP/DSP_Lib_TestSuite/Common/inc/fast_math_tests) by extensions ['cmake', 'python']
[0.115s] Level 1:colcon.colcon_core.package_identification:_identify(Drivers/CMSIS/DSP/DSP_Lib_TestSuite/Common/inc/fast_math_tests) by extension 'cmake'
[0.115s] Level 1:colcon.colcon_core.package_identification:_identify(Drivers/CMSIS/DSP/DSP_Lib_TestSuite/Common/inc/fast_math_tests) by extension 'python'
[0.115s] Level 1:colcon.colcon_core.package_identification:_identify(Drivers/CMSIS/DSP/DSP_Lib_TestSuite/Common/inc/fast_math_tests) by extensions ['python_setup_py']
[0.115s] Level 1:colcon.colcon_core.package_identification:_identify(Drivers/CMSIS/DSP/DSP_Lib_TestSuite/Common/inc/fast_math_tests) by extension 'python_setup_py'
[0.115s] Level 1:colcon.colcon_core.package_identification:_identify(Drivers/CMSIS/DSP/DSP_Lib_TestSuite/Common/inc/filtering_tests) by extensions ['ignore', 'ignore_ament_install']
[0.115s] Level 1:colcon.colcon_core.package_identification:_identify(Drivers/CMSIS/DSP/DSP_Lib_TestSuite/Common/inc/filtering_tests) by extension 'ignore'
[0.115s] Level 1:colcon.colcon_core.package_identification:_identify(Drivers/CMSIS/DSP/DSP_Lib_TestSuite/Common/inc/filtering_tests) by extension 'ignore_ament_install'
[0.115s] Level 1:colcon.colcon_core.package_identification:_identify(Drivers/CMSIS/DSP/DSP_Lib_TestSuite/Common/inc/filtering_tests) by extensions ['colcon_pkg']
[0.115s] Level 1:colcon.colcon_core.package_identification:_identify(Drivers/CMSIS/DSP/DSP_Lib_TestSuite/Common/inc/filtering_tests) by extension 'colcon_pkg'
[0.115s] Level 1:colcon.colcon_core.package_identification:_identify(Drivers/CMSIS/DSP/DSP_Lib_TestSuite/Common/inc/filtering_tests) by extensions ['colcon_meta']
[0.115s] Level 1:colcon.colcon_core.package_identification:_identify(Drivers/CMSIS/DSP/DSP_Lib_TestSuite/Common/inc/filtering_tests) by extension 'colcon_meta'
[0.115s] Level 1:colcon.colcon_core.package_identification:_identify(Drivers/CMSIS/DSP/DSP_Lib_TestSuite/Common/inc/filtering_tests) by extensions ['ros']
[0.115s] Level 1:colcon.colcon_core.package_identification:_identify(Drivers/CMSIS/DSP/DSP_Lib_TestSuite/Common/inc/filtering_tests) by extension 'ros'
[0.115s] Level 1:colcon.colcon_core.package_identification:_identify(Drivers/CMSIS/DSP/DSP_Lib_TestSuite/Common/inc/filtering_tests) by extensions ['cmake', 'python']
[0.115s] Level 1:colcon.colcon_core.package_identification:_identify(Drivers/CMSIS/DSP/DSP_Lib_TestSuite/Common/inc/filtering_tests) by extension 'cmake'
[0.115s] Level 1:colcon.colcon_core.package_identification:_identify(Drivers/CMSIS/DSP/DSP_Lib_TestSuite/Common/inc/filtering_tests) by extension 'python'
[0.115s] Level 1:colcon.colcon_core.package_identification:_identify(Drivers/CMSIS/DSP/DSP_Lib_TestSuite/Common/inc/filtering_tests) by extensions ['python_setup_py']
[0.115s] Level 1:colcon.colcon_core.package_identification:_identify(Drivers/CMSIS/DSP/DSP_Lib_TestSuite/Common/inc/filtering_tests) by extension 'python_setup_py'
[0.115s] Level 1:colcon.colcon_core.package_identification:_identify(Drivers/CMSIS/DSP/DSP_Lib_TestSuite/Common/inc/intrinsics_tests) by extensions ['ignore', 'ignore_ament_install']
[0.116s] Level 1:colcon.colcon_core.package_identification:_identify(Drivers/CMSIS/DSP/DSP_Lib_TestSuite/Common/inc/intrinsics_tests) by extension 'ignore'
[0.116s] Level 1:colcon.colcon_core.package_identification:_identify(Drivers/CMSIS/DSP/DSP_Lib_TestSuite/Common/inc/intrinsics_tests) by extension 'ignore_ament_install'
[0.116s] Level 1:colcon.colcon_core.package_identification:_identify(Drivers/CMSIS/DSP/DSP_Lib_TestSuite/Common/inc/intrinsics_tests) by extensions ['colcon_pkg']
[0.116s] Level 1:colcon.colcon_core.package_identification:_identify(Drivers/CMSIS/DSP/DSP_Lib_TestSuite/Common/inc/intrinsics_tests) by extension 'colcon_pkg'
[0.116s] Level 1:colcon.colcon_core.package_identification:_identify(Drivers/CMSIS/DSP/DSP_Lib_TestSuite/Common/inc/intrinsics_tests) by extensions ['colcon_meta']
[0.116s] Level 1:colcon.colcon_core.package_identification:_identify(Drivers/CMSIS/DSP/DSP_Lib_TestSuite/Common/inc/intrinsics_tests) by extension 'colcon_meta'
[0.116s] Level 1:colcon.colcon_core.package_identification:_identify(Drivers/CMSIS/DSP/DSP_Lib_TestSuite/Common/inc/intrinsics_tests) by extensions ['ros']
[0.116s] Level 1:colcon.colcon_core.package_identification:_identify(Drivers/CMSIS/DSP/DSP_Lib_TestSuite/Common/inc/intrinsics_tests) by extension 'ros'
[0.116s] Level 1:colcon.colcon_core.package_identification:_identify(Drivers/CMSIS/DSP/DSP_Lib_TestSuite/Common/inc/intrinsics_tests) by extensions ['cmake', 'python']
[0.116s] Level 1:colcon.colcon_core.package_identification:_identify(Drivers/CMSIS/DSP/DSP_Lib_TestSuite/Common/inc/intrinsics_tests) by extension 'cmake'
[0.116s] Level 1:colcon.colcon_core.package_identification:_identify(Drivers/CMSIS/DSP/DSP_Lib_TestSuite/Common/inc/intrinsics_tests) by extension 'python'
[0.116s] Level 1:colcon.colcon_core.package_identification:_identify(Drivers/CMSIS/DSP/DSP_Lib_TestSuite/Common/inc/intrinsics_tests) by extensions ['python_setup_py']
[0.116s] Level 1:colcon.colcon_core.package_identification:_identify(Drivers/CMSIS/DSP/DSP_Lib_TestSuite/Common/inc/intrinsics_tests) by extension 'python_setup_py'
[0.116s] Level 1:colcon.colcon_core.package_identification:_identify(Drivers/CMSIS/DSP/DSP_Lib_TestSuite/Common/inc/matrix_tests) by extensions ['ignore', 'ignore_ament_install']
[0.116s] Level 1:colcon.colcon_core.package_identification:_identify(Drivers/CMSIS/DSP/DSP_Lib_TestSuite/Common/inc/matrix_tests) by extension 'ignore'
[0.116s] Level 1:colcon.colcon_core.package_identification:_identify(Drivers/CMSIS/DSP/DSP_Lib_TestSuite/Common/inc/matrix_tests) by extension 'ignore_ament_install'
[0.116s] Level 1:colcon.colcon_core.package_identification:_identify(Drivers/CMSIS/DSP/DSP_Lib_TestSuite/Common/inc/matrix_tests) by extensions ['colcon_pkg']
[0.116s] Level 1:colcon.colcon_core.package_identification:_identify(Drivers/CMSIS/DSP/DSP_Lib_TestSuite/Common/inc/matrix_tests) by extension 'colcon_pkg'
[0.116s] Level 1:colcon.colcon_core.package_identification:_identify(Drivers/CMSIS/DSP/DSP_Lib_TestSuite/Common/inc/matrix_tests) by extensions ['colcon_meta']
[0.116s] Level 1:colcon.colcon_core.package_identification:_identify(Drivers/CMSIS/DSP/DSP_Lib_TestSuite/Common/inc/matrix_tests) by extension 'colcon_meta'
[0.116s] Level 1:colcon.colcon_core.package_identification:_identify(Drivers/CMSIS/DSP/DSP_Lib_TestSuite/Common/inc/matrix_tests) by extensions ['ros']
[0.116s] Level 1:colcon.colcon_core.package_identification:_identify(Drivers/CMSIS/DSP/DSP_Lib_TestSuite/Common/inc/matrix_tests) by extension 'ros'
[0.116s] Level 1:colcon.colcon_core.package_identification:_identify(Drivers/CMSIS/DSP/DSP_Lib_TestSuite/Common/inc/matrix_tests) by extensions ['cmake', 'python']
[0.116s] Level 1:colcon.colcon_core.package_identification:_identify(Drivers/CMSIS/DSP/DSP_Lib_TestSuite/Common/inc/matrix_tests) by extension 'cmake'
[0.116s] Level 1:colcon.colcon_core.package_identification:_identify(Drivers/CMSIS/DSP/DSP_Lib_TestSuite/Common/inc/matrix_tests) by extension 'python'
[0.116s] Level 1:colcon.colcon_core.package_identification:_identify(Drivers/CMSIS/DSP/DSP_Lib_TestSuite/Common/inc/matrix_tests) by extensions ['python_setup_py']
[0.116s] Level 1:colcon.colcon_core.package_identification:_identify(Drivers/CMSIS/DSP/DSP_Lib_TestSuite/Common/inc/matrix_tests) by extension 'python_setup_py'
[0.116s] Level 1:colcon.colcon_core.package_identification:_identify(Drivers/CMSIS/DSP/DSP_Lib_TestSuite/Common/inc/statistics_tests) by extensions ['ignore', 'ignore_ament_install']
[0.116s] Level 1:colcon.colcon_core.package_identification:_identify(Drivers/CMSIS/DSP/DSP_Lib_TestSuite/Common/inc/statistics_tests) by extension 'ignore'
[0.116s] Level 1:colcon.colcon_core.package_identification:_identify(Drivers/CMSIS/DSP/DSP_Lib_TestSuite/Common/inc/statistics_tests) by extension 'ignore_ament_install'
[0.116s] Level 1:colcon.colcon_core.package_identification:_identify(Drivers/CMSIS/DSP/DSP_Lib_TestSuite/Common/inc/statistics_tests) by extensions ['colcon_pkg']
[0.116s] Level 1:colcon.colcon_core.package_identification:_identify(Drivers/CMSIS/DSP/DSP_Lib_TestSuite/Common/inc/statistics_tests) by extension 'colcon_pkg'
[0.116s] Level 1:colcon.colcon_core.package_identification:_identify(Drivers/CMSIS/DSP/DSP_Lib_TestSuite/Common/inc/statistics_tests) by extensions ['colcon_meta']
[0.116s] Level 1:colcon.colcon_core.package_identification:_identify(Drivers/CMSIS/DSP/DSP_Lib_TestSuite/Common/inc/statistics_tests) by extension 'colcon_meta'
[0.116s] Level 1:colcon.colcon_core.package_identification:_identify(Drivers/CMSIS/DSP/DSP_Lib_TestSuite/Common/inc/statistics_tests) by extensions ['ros']
[0.116s] Level 1:colcon.colcon_core.package_identification:_identify(Drivers/CMSIS/DSP/DSP_Lib_TestSuite/Common/inc/statistics_tests) by extension 'ros'
[0.116s] Level 1:colcon.colcon_core.package_identification:_identify(Drivers/CMSIS/DSP/DSP_Lib_TestSuite/Common/inc/statistics_tests) by extensions ['cmake', 'python']
[0.116s] Level 1:colcon.colcon_core.package_identification:_identify(Drivers/CMSIS/DSP/DSP_Lib_TestSuite/Common/inc/statistics_tests) by extension 'cmake'
[0.116s] Level 1:colcon.colcon_core.package_identification:_identify(Drivers/CMSIS/DSP/DSP_Lib_TestSuite/Common/inc/statistics_tests) by extension 'python'
[0.116s] Level 1:colcon.colcon_core.package_identification:_identify(Drivers/CMSIS/DSP/DSP_Lib_TestSuite/Common/inc/statistics_tests) by extensions ['python_setup_py']
[0.116s] Level 1:colcon.colcon_core.package_identification:_identify(Drivers/CMSIS/DSP/DSP_Lib_TestSuite/Common/inc/statistics_tests) by extension 'python_setup_py'
[0.116s] Level 1:colcon.colcon_core.package_identification:_identify(Drivers/CMSIS/DSP/DSP_Lib_TestSuite/Common/inc/support_tests) by extensions ['ignore', 'ignore_ament_install']
[0.116s] Level 1:colcon.colcon_core.package_identification:_identify(Drivers/CMSIS/DSP/DSP_Lib_TestSuite/Common/inc/support_tests) by extension 'ignore'
[0.116s] Level 1:colcon.colcon_core.package_identification:_identify(Drivers/CMSIS/DSP/DSP_Lib_TestSuite/Common/inc/support_tests) by extension 'ignore_ament_install'
[0.116s] Level 1:colcon.colcon_core.package_identification:_identify(Drivers/CMSIS/DSP/DSP_Lib_TestSuite/Common/inc/support_tests) by extensions ['colcon_pkg']
[0.116s] Level 1:colcon.colcon_core.package_identification:_identify(Drivers/CMSIS/DSP/DSP_Lib_TestSuite/Common/inc/support_tests) by extension 'colcon_pkg'
[0.117s] Level 1:colcon.colcon_core.package_identification:_identify(Drivers/CMSIS/DSP/DSP_Lib_TestSuite/Common/inc/support_tests) by extensions ['colcon_meta']
[0.117s] Level 1:colcon.colcon_core.package_identification:_identify(Drivers/CMSIS/DSP/DSP_Lib_TestSuite/Common/inc/support_tests) by extension 'colcon_meta'
[0.117s] Level 1:colcon.colcon_core.package_identification:_identify(Drivers/CMSIS/DSP/DSP_Lib_TestSuite/Common/inc/support_tests) by extensions ['ros']
[0.117s] Level 1:colcon.colcon_core.package_identification:_identify(Drivers/CMSIS/DSP/DSP_Lib_TestSuite/Common/inc/support_tests) by extension 'ros'
[0.117s] Level 1:colcon.colcon_core.package_identification:_identify(Drivers/CMSIS/DSP/DSP_Lib_TestSuite/Common/inc/support_tests) by extensions ['cmake', 'python']
[0.117s] Level 1:colcon.colcon_core.package_identification:_identify(Drivers/CMSIS/DSP/DSP_Lib_TestSuite/Common/inc/support_tests) by extension 'cmake'
[0.117s] Level 1:colcon.colcon_core.package_identification:_identify(Drivers/CMSIS/DSP/DSP_Lib_TestSuite/Common/inc/support_tests) by extension 'python'
[0.117s] Level 1:colcon.colcon_core.package_identification:_identify(Drivers/CMSIS/DSP/DSP_Lib_TestSuite/Common/inc/support_tests) by extensions ['python_setup_py']
[0.117s] Level 1:colcon.colcon_core.package_identification:_identify(Drivers/CMSIS/DSP/DSP_Lib_TestSuite/Common/inc/support_tests) by extension 'python_setup_py'
[0.117s] Level 1:colcon.colcon_core.package_identification:_identify(Drivers/CMSIS/DSP/DSP_Lib_TestSuite/Common/inc/templates) by extensions ['ignore', 'ignore_ament_install']
[0.117s] Level 1:colcon.colcon_core.package_identification:_identify(Drivers/CMSIS/DSP/DSP_Lib_TestSuite/Common/inc/templates) by extension 'ignore'
[0.117s] Level 1:colcon.colcon_core.package_identification:_identify(Drivers/CMSIS/DSP/DSP_Lib_TestSuite/Common/inc/templates) by extension 'ignore_ament_install'
[0.117s] Level 1:colcon.colcon_core.package_identification:_identify(Drivers/CMSIS/DSP/DSP_Lib_TestSuite/Common/inc/templates) by extensions ['colcon_pkg']
[0.117s] Level 1:colcon.colcon_core.package_identification:_identify(Drivers/CMSIS/DSP/DSP_Lib_TestSuite/Common/inc/templates) by extension 'colcon_pkg'
[0.117s] Level 1:colcon.colcon_core.package_identification:_identify(Drivers/CMSIS/DSP/DSP_Lib_TestSuite/Common/inc/templates) by extensions ['colcon_meta']
[0.117s] Level 1:colcon.colcon_core.package_identification:_identify(Drivers/CMSIS/DSP/DSP_Lib_TestSuite/Common/inc/templates) by extension 'colcon_meta'
[0.117s] Level 1:colcon.colcon_core.package_identification:_identify(Drivers/CMSIS/DSP/DSP_Lib_TestSuite/Common/inc/templates) by extensions ['ros']
[0.117s] Level 1:colcon.colcon_core.package_identification:_identify(Drivers/CMSIS/DSP/DSP_Lib_TestSuite/Common/inc/templates) by extension 'ros'
[0.117s] Level 1:colcon.colcon_core.package_identification:_identify(Drivers/CMSIS/DSP/DSP_Lib_TestSuite/Common/inc/templates) by extensions ['cmake', 'python']
[0.117s] Level 1:colcon.colcon_core.package_identification:_identify(Drivers/CMSIS/DSP/DSP_Lib_TestSuite/Common/inc/templates) by extension 'cmake'
[0.117s] Level 1:colcon.colcon_core.package_identification:_identify(Drivers/CMSIS/DSP/DSP_Lib_TestSuite/Common/inc/templates) by extension 'python'
[0.117s] Level 1:colcon.colcon_core.package_identification:_identify(Drivers/CMSIS/DSP/DSP_Lib_TestSuite/Common/inc/templates) by extensions ['python_setup_py']
[0.117s] Level 1:colcon.colcon_core.package_identification:_identify(Drivers/CMSIS/DSP/DSP_Lib_TestSuite/Common/inc/templates) by extension 'python_setup_py'
[0.117s] Level 1:colcon.colcon_core.package_identification:_identify(Drivers/CMSIS/DSP/DSP_Lib_TestSuite/Common/inc/transform_tests) by extensions ['ignore', 'ignore_ament_install']
[0.117s] Level 1:colcon.colcon_core.package_identification:_identify(Drivers/CMSIS/DSP/DSP_Lib_TestSuite/Common/inc/transform_tests) by extension 'ignore'
[0.117s] Level 1:colcon.colcon_core.package_identification:_identify(Drivers/CMSIS/DSP/DSP_Lib_TestSuite/Common/inc/transform_tests) by extension 'ignore_ament_install'
[0.117s] Level 1:colcon.colcon_core.package_identification:_identify(Drivers/CMSIS/DSP/DSP_Lib_TestSuite/Common/inc/transform_tests) by extensions ['colcon_pkg']
[0.117s] Level 1:colcon.colcon_core.package_identification:_identify(Drivers/CMSIS/DSP/DSP_Lib_TestSuite/Common/inc/transform_tests) by extension 'colcon_pkg'
[0.117s] Level 1:colcon.colcon_core.package_identification:_identify(Drivers/CMSIS/DSP/DSP_Lib_TestSuite/Common/inc/transform_tests) by extensions ['colcon_meta']
[0.117s] Level 1:colcon.colcon_core.package_identification:_identify(Drivers/CMSIS/DSP/DSP_Lib_TestSuite/Common/inc/transform_tests) by extension 'colcon_meta'
[0.117s] Level 1:colcon.colcon_core.package_identification:_identify(Drivers/CMSIS/DSP/DSP_Lib_TestSuite/Common/inc/transform_tests) by extensions ['ros']
[0.117s] Level 1:colcon.colcon_core.package_identification:_identify(Drivers/CMSIS/DSP/DSP_Lib_TestSuite/Common/inc/transform_tests) by extension 'ros'
[0.117s] Level 1:colcon.colcon_core.package_identification:_identify(Drivers/CMSIS/DSP/DSP_Lib_TestSuite/Common/inc/transform_tests) by extensions ['cmake', 'python']
[0.117s] Level 1:colcon.colcon_core.package_identification:_identify(Drivers/CMSIS/DSP/DSP_Lib_TestSuite/Common/inc/transform_tests) by extension 'cmake'
[0.117s] Level 1:colcon.colcon_core.package_identification:_identify(Drivers/CMSIS/DSP/DSP_Lib_TestSuite/Common/inc/transform_tests) by extension 'python'
[0.117s] Level 1:colcon.colcon_core.package_identification:_identify(Drivers/CMSIS/DSP/DSP_Lib_TestSuite/Common/inc/transform_tests) by extensions ['python_setup_py']
[0.117s] Level 1:colcon.colcon_core.package_identification:_identify(Drivers/CMSIS/DSP/DSP_Lib_TestSuite/Common/inc/transform_tests) by extension 'python_setup_py'
[0.117s] Level 1:colcon.colcon_core.package_identification:_identify(Drivers/CMSIS/DSP/DSP_Lib_TestSuite/Common/platform) by extensions ['ignore', 'ignore_ament_install']
[0.117s] Level 1:colcon.colcon_core.package_identification:_identify(Drivers/CMSIS/DSP/DSP_Lib_TestSuite/Common/platform) by extension 'ignore'
[0.117s] Level 1:colcon.colcon_core.package_identification:_identify(Drivers/CMSIS/DSP/DSP_Lib_TestSuite/Common/platform) by extension 'ignore_ament_install'
[0.117s] Level 1:colcon.colcon_core.package_identification:_identify(Drivers/CMSIS/DSP/DSP_Lib_TestSuite/Common/platform) by extensions ['colcon_pkg']
[0.117s] Level 1:colcon.colcon_core.package_identification:_identify(Drivers/CMSIS/DSP/DSP_Lib_TestSuite/Common/platform) by extension 'colcon_pkg'
[0.117s] Level 1:colcon.colcon_core.package_identification:_identify(Drivers/CMSIS/DSP/DSP_Lib_TestSuite/Common/platform) by extensions ['colcon_meta']
[0.118s] Level 1:colcon.colcon_core.package_identification:_identify(Drivers/CMSIS/DSP/DSP_Lib_TestSuite/Common/platform) by extension 'colcon_meta'
[0.118s] Level 1:colcon.colcon_core.package_identification:_identify(Drivers/CMSIS/DSP/DSP_Lib_TestSuite/Common/platform) by extensions ['ros']
[0.118s] Level 1:colcon.colcon_core.package_identification:_identify(Drivers/CMSIS/DSP/DSP_Lib_TestSuite/Common/platform) by extension 'ros'
[0.118s] Level 1:colcon.colcon_core.package_identification:_identify(Drivers/CMSIS/DSP/DSP_Lib_TestSuite/Common/platform) by extensions ['cmake', 'python']
[0.118s] Level 1:colcon.colcon_core.package_identification:_identify(Drivers/CMSIS/DSP/DSP_Lib_TestSuite/Common/platform) by extension 'cmake'
[0.118s] Level 1:colcon.colcon_core.package_identification:_identify(Drivers/CMSIS/DSP/DSP_Lib_TestSuite/Common/platform) by extension 'python'
[0.118s] Level 1:colcon.colcon_core.package_identification:_identify(Drivers/CMSIS/DSP/DSP_Lib_TestSuite/Common/platform) by extensions ['python_setup_py']
[0.118s] Level 1:colcon.colcon_core.package_identification:_identify(Drivers/CMSIS/DSP/DSP_Lib_TestSuite/Common/platform) by extension 'python_setup_py'
[0.118s] Level 1:colcon.colcon_core.package_identification:_identify(Drivers/CMSIS/DSP/DSP_Lib_TestSuite/Common/platform/ARMCC) by extensions ['ignore', 'ignore_ament_install']
[0.118s] Level 1:colcon.colcon_core.package_identification:_identify(Drivers/CMSIS/DSP/DSP_Lib_TestSuite/Common/platform/ARMCC) by extension 'ignore'
[0.118s] Level 1:colcon.colcon_core.package_identification:_identify(Drivers/CMSIS/DSP/DSP_Lib_TestSuite/Common/platform/ARMCC) by extension 'ignore_ament_install'
[0.118s] Level 1:colcon.colcon_core.package_identification:_identify(Drivers/CMSIS/DSP/DSP_Lib_TestSuite/Common/platform/ARMCC) by extensions ['colcon_pkg']
[0.118s] Level 1:colcon.colcon_core.package_identification:_identify(Drivers/CMSIS/DSP/DSP_Lib_TestSuite/Common/platform/ARMCC) by extension 'colcon_pkg'
[0.118s] Level 1:colcon.colcon_core.package_identification:_identify(Drivers/CMSIS/DSP/DSP_Lib_TestSuite/Common/platform/ARMCC) by extensions ['colcon_meta']
[0.118s] Level 1:colcon.colcon_core.package_identification:_identify(Drivers/CMSIS/DSP/DSP_Lib_TestSuite/Common/platform/ARMCC) by extension 'colcon_meta'
[0.118s] Level 1:colcon.colcon_core.package_identification:_identify(Drivers/CMSIS/DSP/DSP_Lib_TestSuite/Common/platform/ARMCC) by extensions ['ros']
[0.118s] Level 1:colcon.colcon_core.package_identification:_identify(Drivers/CMSIS/DSP/DSP_Lib_TestSuite/Common/platform/ARMCC) by extension 'ros'
[0.118s] Level 1:colcon.colcon_core.package_identification:_identify(Drivers/CMSIS/DSP/DSP_Lib_TestSuite/Common/platform/ARMCC) by extensions ['cmake', 'python']
[0.118s] Level 1:colcon.colcon_core.package_identification:_identify(Drivers/CMSIS/DSP/DSP_Lib_TestSuite/Common/platform/ARMCC) by extension 'cmake'
[0.118s] Level 1:colcon.colcon_core.package_identification:_identify(Drivers/CMSIS/DSP/DSP_Lib_TestSuite/Common/platform/ARMCC) by extension 'python'
[0.118s] Level 1:colcon.colcon_core.package_identification:_identify(Drivers/CMSIS/DSP/DSP_Lib_TestSuite/Common/platform/ARMCC) by extensions ['python_setup_py']
[0.118s] Level 1:colcon.colcon_core.package_identification:_identify(Drivers/CMSIS/DSP/DSP_Lib_TestSuite/Common/platform/ARMCC) by extension 'python_setup_py'
[0.118s] Level 1:colcon.colcon_core.package_identification:_identify(Drivers/CMSIS/DSP/DSP_Lib_TestSuite/Common/platform/ARMCLANG) by extensions ['ignore', 'ignore_ament_install']
[0.118s] Level 1:colcon.colcon_core.package_identification:_identify(Drivers/CMSIS/DSP/DSP_Lib_TestSuite/Common/platform/ARMCLANG) by extension 'ignore'
[0.118s] Level 1:colcon.colcon_core.package_identification:_identify(Drivers/CMSIS/DSP/DSP_Lib_TestSuite/Common/platform/ARMCLANG) by extension 'ignore_ament_install'
[0.118s] Level 1:colcon.colcon_core.package_identification:_identify(Drivers/CMSIS/DSP/DSP_Lib_TestSuite/Common/platform/ARMCLANG) by extensions ['colcon_pkg']
[0.118s] Level 1:colcon.colcon_core.package_identification:_identify(Drivers/CMSIS/DSP/DSP_Lib_TestSuite/Common/platform/ARMCLANG) by extension 'colcon_pkg'
[0.118s] Level 1:colcon.colcon_core.package_identification:_identify(Drivers/CMSIS/DSP/DSP_Lib_TestSuite/Common/platform/ARMCLANG) by extensions ['colcon_meta']
[0.118s] Level 1:colcon.colcon_core.package_identification:_identify(Drivers/CMSIS/DSP/DSP_Lib_TestSuite/Common/platform/ARMCLANG) by extension 'colcon_meta'
[0.118s] Level 1:colcon.colcon_core.package_identification:_identify(Drivers/CMSIS/DSP/DSP_Lib_TestSuite/Common/platform/ARMCLANG) by extensions ['ros']
[0.118s] Level 1:colcon.colcon_core.package_identification:_identify(Drivers/CMSIS/DSP/DSP_Lib_TestSuite/Common/platform/ARMCLANG) by extension 'ros'
[0.118s] Level 1:colcon.colcon_core.package_identification:_identify(Drivers/CMSIS/DSP/DSP_Lib_TestSuite/Common/platform/ARMCLANG) by extensions ['cmake', 'python']
[0.118s] Level 1:colcon.colcon_core.package_identification:_identify(Drivers/CMSIS/DSP/DSP_Lib_TestSuite/Common/platform/ARMCLANG) by extension 'cmake'
[0.118s] Level 1:colcon.colcon_core.package_identification:_identify(Drivers/CMSIS/DSP/DSP_Lib_TestSuite/Common/platform/ARMCLANG) by extension 'python'
[0.118s] Level 1:colcon.colcon_core.package_identification:_identify(Drivers/CMSIS/DSP/DSP_Lib_TestSuite/Common/platform/ARMCLANG) by extensions ['python_setup_py']
[0.118s] Level 1:colcon.colcon_core.package_identification:_identify(Drivers/CMSIS/DSP/DSP_Lib_TestSuite/Common/platform/ARMCLANG) by extension 'python_setup_py'
[0.118s] Level 1:colcon.colcon_core.package_identification:_identify(Drivers/CMSIS/DSP/DSP_Lib_TestSuite/Common/platform/GCC) by extensions ['ignore', 'ignore_ament_install']
[0.118s] Level 1:colcon.colcon_core.package_identification:_identify(Drivers/CMSIS/DSP/DSP_Lib_TestSuite/Common/platform/GCC) by extension 'ignore'
[0.118s] Level 1:colcon.colcon_core.package_identification:_identify(Drivers/CMSIS/DSP/DSP_Lib_TestSuite/Common/platform/GCC) by extension 'ignore_ament_install'
[0.118s] Level 1:colcon.colcon_core.package_identification:_identify(Drivers/CMSIS/DSP/DSP_Lib_TestSuite/Common/platform/GCC) by extensions ['colcon_pkg']
[0.118s] Level 1:colcon.colcon_core.package_identification:_identify(Drivers/CMSIS/DSP/DSP_Lib_TestSuite/Common/platform/GCC) by extension 'colcon_pkg'
[0.118s] Level 1:colcon.colcon_core.package_identification:_identify(Drivers/CMSIS/DSP/DSP_Lib_TestSuite/Common/platform/GCC) by extensions ['colcon_meta']
[0.118s] Level 1:colcon.colcon_core.package_identification:_identify(Drivers/CMSIS/DSP/DSP_Lib_TestSuite/Common/platform/GCC) by extension 'colcon_meta'
[0.118s] Level 1:colcon.colcon_core.package_identification:_identify(Drivers/CMSIS/DSP/DSP_Lib_TestSuite/Common/platform/GCC) by extensions ['ros']
[0.118s] Level 1:colcon.colcon_core.package_identification:_identify(Drivers/CMSIS/DSP/DSP_Lib_TestSuite/Common/platform/GCC) by extension 'ros'
[0.118s] Level 1:colcon.colcon_core.package_identification:_identify(Drivers/CMSIS/DSP/DSP_Lib_TestSuite/Common/platform/GCC) by extensions ['cmake', 'python']
[0.119s] Level 1:colcon.colcon_core.package_identification:_identify(Drivers/CMSIS/DSP/DSP_Lib_TestSuite/Common/platform/GCC) by extension 'cmake'
[0.119s] Level 1:colcon.colcon_core.package_identification:_identify(Drivers/CMSIS/DSP/DSP_Lib_TestSuite/Common/platform/GCC) by extension 'python'
[0.119s] Level 1:colcon.colcon_core.package_identification:_identify(Drivers/CMSIS/DSP/DSP_Lib_TestSuite/Common/platform/GCC) by extensions ['python_setup_py']
[0.119s] Level 1:colcon.colcon_core.package_identification:_identify(Drivers/CMSIS/DSP/DSP_Lib_TestSuite/Common/platform/GCC) by extension 'python_setup_py'
[0.119s] Level 1:colcon.colcon_core.package_identification:_identify(Drivers/CMSIS/DSP/DSP_Lib_TestSuite/Common/src) by extensions ['ignore', 'ignore_ament_install']
[0.119s] Level 1:colcon.colcon_core.package_identification:_identify(Drivers/CMSIS/DSP/DSP_Lib_TestSuite/Common/src) by extension 'ignore'
[0.119s] Level 1:colcon.colcon_core.package_identification:_identify(Drivers/CMSIS/DSP/DSP_Lib_TestSuite/Common/src) by extension 'ignore_ament_install'
[0.119s] Level 1:colcon.colcon_core.package_identification:_identify(Drivers/CMSIS/DSP/DSP_Lib_TestSuite/Common/src) by extensions ['colcon_pkg']
[0.119s] Level 1:colcon.colcon_core.package_identification:_identify(Drivers/CMSIS/DSP/DSP_Lib_TestSuite/Common/src) by extension 'colcon_pkg'
[0.119s] Level 1:colcon.colcon_core.package_identification:_identify(Drivers/CMSIS/DSP/DSP_Lib_TestSuite/Common/src) by extensions ['colcon_meta']
[0.119s] Level 1:colcon.colcon_core.package_identification:_identify(Drivers/CMSIS/DSP/DSP_Lib_TestSuite/Common/src) by extension 'colcon_meta'
[0.119s] Level 1:colcon.colcon_core.package_identification:_identify(Drivers/CMSIS/DSP/DSP_Lib_TestSuite/Common/src) by extensions ['ros']
[0.119s] Level 1:colcon.colcon_core.package_identification:_identify(Drivers/CMSIS/DSP/DSP_Lib_TestSuite/Common/src) by extension 'ros'
[0.119s] Level 1:colcon.colcon_core.package_identification:_identify(Drivers/CMSIS/DSP/DSP_Lib_TestSuite/Common/src) by extensions ['cmake', 'python']
[0.119s] Level 1:colcon.colcon_core.package_identification:_identify(Drivers/CMSIS/DSP/DSP_Lib_TestSuite/Common/src) by extension 'cmake'
[0.119s] Level 1:colcon.colcon_core.package_identification:_identify(Drivers/CMSIS/DSP/DSP_Lib_TestSuite/Common/src) by extension 'python'
[0.119s] Level 1:colcon.colcon_core.package_identification:_identify(Drivers/CMSIS/DSP/DSP_Lib_TestSuite/Common/src) by extensions ['python_setup_py']
[0.119s] Level 1:colcon.colcon_core.package_identification:_identify(Drivers/CMSIS/DSP/DSP_Lib_TestSuite/Common/src) by extension 'python_setup_py'
[0.119s] Level 1:colcon.colcon_core.package_identification:_identify(Drivers/CMSIS/DSP/DSP_Lib_TestSuite/Common/src/basic_math_tests) by extensions ['ignore', 'ignore_ament_install']
[0.119s] Level 1:colcon.colcon_core.package_identification:_identify(Drivers/CMSIS/DSP/DSP_Lib_TestSuite/Common/src/basic_math_tests) by extension 'ignore'
[0.119s] Level 1:colcon.colcon_core.package_identification:_identify(Drivers/CMSIS/DSP/DSP_Lib_TestSuite/Common/src/basic_math_tests) by extension 'ignore_ament_install'
[0.119s] Level 1:colcon.colcon_core.package_identification:_identify(Drivers/CMSIS/DSP/DSP_Lib_TestSuite/Common/src/basic_math_tests) by extensions ['colcon_pkg']
[0.119s] Level 1:colcon.colcon_core.package_identification:_identify(Drivers/CMSIS/DSP/DSP_Lib_TestSuite/Common/src/basic_math_tests) by extension 'colcon_pkg'
[0.119s] Level 1:colcon.colcon_core.package_identification:_identify(Drivers/CMSIS/DSP/DSP_Lib_TestSuite/Common/src/basic_math_tests) by extensions ['colcon_meta']
[0.119s] Level 1:colcon.colcon_core.package_identification:_identify(Drivers/CMSIS/DSP/DSP_Lib_TestSuite/Common/src/basic_math_tests) by extension 'colcon_meta'
[0.119s] Level 1:colcon.colcon_core.package_identification:_identify(Drivers/CMSIS/DSP/DSP_Lib_TestSuite/Common/src/basic_math_tests) by extensions ['ros']
[0.119s] Level 1:colcon.colcon_core.package_identification:_identify(Drivers/CMSIS/DSP/DSP_Lib_TestSuite/Common/src/basic_math_tests) by extension 'ros'
[0.119s] Level 1:colcon.colcon_core.package_identification:_identify(Drivers/CMSIS/DSP/DSP_Lib_TestSuite/Common/src/basic_math_tests) by extensions ['cmake', 'python']
[0.119s] Level 1:colcon.colcon_core.package_identification:_identify(Drivers/CMSIS/DSP/DSP_Lib_TestSuite/Common/src/basic_math_tests) by extension 'cmake'
[0.119s] Level 1:colcon.colcon_core.package_identification:_identify(Drivers/CMSIS/DSP/DSP_Lib_TestSuite/Common/src/basic_math_tests) by extension 'python'
[0.119s] Level 1:colcon.colcon_core.package_identification:_identify(Drivers/CMSIS/DSP/DSP_Lib_TestSuite/Common/src/basic_math_tests) by extensions ['python_setup_py']
[0.119s] Level 1:colcon.colcon_core.package_identification:_identify(Drivers/CMSIS/DSP/DSP_Lib_TestSuite/Common/src/basic_math_tests) by extension 'python_setup_py'
[0.119s] Level 1:colcon.colcon_core.package_identification:_identify(Drivers/CMSIS/DSP/DSP_Lib_TestSuite/Common/src/complex_math_tests) by extensions ['ignore', 'ignore_ament_install']
[0.119s] Level 1:colcon.colcon_core.package_identification:_identify(Drivers/CMSIS/DSP/DSP_Lib_TestSuite/Common/src/complex_math_tests) by extension 'ignore'
[0.119s] Level 1:colcon.colcon_core.package_identification:_identify(Drivers/CMSIS/DSP/DSP_Lib_TestSuite/Common/src/complex_math_tests) by extension 'ignore_ament_install'
[0.119s] Level 1:colcon.colcon_core.package_identification:_identify(Drivers/CMSIS/DSP/DSP_Lib_TestSuite/Common/src/complex_math_tests) by extensions ['colcon_pkg']
[0.119s] Level 1:colcon.colcon_core.package_identification:_identify(Drivers/CMSIS/DSP/DSP_Lib_TestSuite/Common/src/complex_math_tests) by extension 'colcon_pkg'
[0.119s] Level 1:colcon.colcon_core.package_identification:_identify(Drivers/CMSIS/DSP/DSP_Lib_TestSuite/Common/src/complex_math_tests) by extensions ['colcon_meta']
[0.119s] Level 1:colcon.colcon_core.package_identification:_identify(Drivers/CMSIS/DSP/DSP_Lib_TestSuite/Common/src/complex_math_tests) by extension 'colcon_meta'
[0.119s] Level 1:colcon.colcon_core.package_identification:_identify(Drivers/CMSIS/DSP/DSP_Lib_TestSuite/Common/src/complex_math_tests) by extensions ['ros']
[0.119s] Level 1:colcon.colcon_core.package_identification:_identify(Drivers/CMSIS/DSP/DSP_Lib_TestSuite/Common/src/complex_math_tests) by extension 'ros'
[0.119s] Level 1:colcon.colcon_core.package_identification:_identify(Drivers/CMSIS/DSP/DSP_Lib_TestSuite/Common/src/complex_math_tests) by extensions ['cmake', 'python']
[0.119s] Level 1:colcon.colcon_core.package_identification:_identify(Drivers/CMSIS/DSP/DSP_Lib_TestSuite/Common/src/complex_math_tests) by extension 'cmake'
[0.119s] Level 1:colcon.colcon_core.package_identification:_identify(Drivers/CMSIS/DSP/DSP_Lib_TestSuite/Common/src/complex_math_tests) by extension 'python'
[0.119s] Level 1:colcon.colcon_core.package_identification:_identify(Drivers/CMSIS/DSP/DSP_Lib_TestSuite/Common/src/complex_math_tests) by extensions ['python_setup_py']
[0.119s] Level 1:colcon.colcon_core.package_identification:_identify(Drivers/CMSIS/DSP/DSP_Lib_TestSuite/Common/src/complex_math_tests) by extension 'python_setup_py'
[0.120s] Level 1:colcon.colcon_core.package_identification:_identify(Drivers/CMSIS/DSP/DSP_Lib_TestSuite/Common/src/controller_tests) by extensions ['ignore', 'ignore_ament_install']
[0.120s] Level 1:colcon.colcon_core.package_identification:_identify(Drivers/CMSIS/DSP/DSP_Lib_TestSuite/Common/src/controller_tests) by extension 'ignore'
[0.120s] Level 1:colcon.colcon_core.package_identification:_identify(Drivers/CMSIS/DSP/DSP_Lib_TestSuite/Common/src/controller_tests) by extension 'ignore_ament_install'
[0.120s] Level 1:colcon.colcon_core.package_identification:_identify(Drivers/CMSIS/DSP/DSP_Lib_TestSuite/Common/src/controller_tests) by extensions ['colcon_pkg']
[0.120s] Level 1:colcon.colcon_core.package_identification:_identify(Drivers/CMSIS/DSP/DSP_Lib_TestSuite/Common/src/controller_tests) by extension 'colcon_pkg'
[0.120s] Level 1:colcon.colcon_core.package_identification:_identify(Drivers/CMSIS/DSP/DSP_Lib_TestSuite/Common/src/controller_tests) by extensions ['colcon_meta']
[0.120s] Level 1:colcon.colcon_core.package_identification:_identify(Drivers/CMSIS/DSP/DSP_Lib_TestSuite/Common/src/controller_tests) by extension 'colcon_meta'
[0.120s] Level 1:colcon.colcon_core.package_identification:_identify(Drivers/CMSIS/DSP/DSP_Lib_TestSuite/Common/src/controller_tests) by extensions ['ros']
[0.120s] Level 1:colcon.colcon_core.package_identification:_identify(Drivers/CMSIS/DSP/DSP_Lib_TestSuite/Common/src/controller_tests) by extension 'ros'
[0.120s] Level 1:colcon.colcon_core.package_identification:_identify(Drivers/CMSIS/DSP/DSP_Lib_TestSuite/Common/src/controller_tests) by extensions ['cmake', 'python']
[0.120s] Level 1:colcon.colcon_core.package_identification:_identify(Drivers/CMSIS/DSP/DSP_Lib_TestSuite/Common/src/controller_tests) by extension 'cmake'
[0.120s] Level 1:colcon.colcon_core.package_identification:_identify(Drivers/CMSIS/DSP/DSP_Lib_TestSuite/Common/src/controller_tests) by extension 'python'
[0.120s] Level 1:colcon.colcon_core.package_identification:_identify(Drivers/CMSIS/DSP/DSP_Lib_TestSuite/Common/src/controller_tests) by extensions ['python_setup_py']
[0.120s] Level 1:colcon.colcon_core.package_identification:_identify(Drivers/CMSIS/DSP/DSP_Lib_TestSuite/Common/src/controller_tests) by extension 'python_setup_py'
[0.120s] Level 1:colcon.colcon_core.package_identification:_identify(Drivers/CMSIS/DSP/DSP_Lib_TestSuite/Common/src/fast_math_tests) by extensions ['ignore', 'ignore_ament_install']
[0.120s] Level 1:colcon.colcon_core.package_identification:_identify(Drivers/CMSIS/DSP/DSP_Lib_TestSuite/Common/src/fast_math_tests) by extension 'ignore'
[0.120s] Level 1:colcon.colcon_core.package_identification:_identify(Drivers/CMSIS/DSP/DSP_Lib_TestSuite/Common/src/fast_math_tests) by extension 'ignore_ament_install'
[0.120s] Level 1:colcon.colcon_core.package_identification:_identify(Drivers/CMSIS/DSP/DSP_Lib_TestSuite/Common/src/fast_math_tests) by extensions ['colcon_pkg']
[0.120s] Level 1:colcon.colcon_core.package_identification:_identify(Drivers/CMSIS/DSP/DSP_Lib_TestSuite/Common/src/fast_math_tests) by extension 'colcon_pkg'
[0.120s] Level 1:colcon.colcon_core.package_identification:_identify(Drivers/CMSIS/DSP/DSP_Lib_TestSuite/Common/src/fast_math_tests) by extensions ['colcon_meta']
[0.120s] Level 1:colcon.colcon_core.package_identification:_identify(Drivers/CMSIS/DSP/DSP_Lib_TestSuite/Common/src/fast_math_tests) by extension 'colcon_meta'
[0.120s] Level 1:colcon.colcon_core.package_identification:_identify(Drivers/CMSIS/DSP/DSP_Lib_TestSuite/Common/src/fast_math_tests) by extensions ['ros']
[0.120s] Level 1:colcon.colcon_core.package_identification:_identify(Drivers/CMSIS/DSP/DSP_Lib_TestSuite/Common/src/fast_math_tests) by extension 'ros'
[0.120s] Level 1:colcon.colcon_core.package_identification:_identify(Drivers/CMSIS/DSP/DSP_Lib_TestSuite/Common/src/fast_math_tests) by extensions ['cmake', 'python']
[0.120s] Level 1:colcon.colcon_core.package_identification:_identify(Drivers/CMSIS/DSP/DSP_Lib_TestSuite/Common/src/fast_math_tests) by extension 'cmake'
[0.120s] Level 1:colcon.colcon_core.package_identification:_identify(Drivers/CMSIS/DSP/DSP_Lib_TestSuite/Common/src/fast_math_tests) by extension 'python'
[0.120s] Level 1:colcon.colcon_core.package_identification:_identify(Drivers/CMSIS/DSP/DSP_Lib_TestSuite/Common/src/fast_math_tests) by extensions ['python_setup_py']
[0.120s] Level 1:colcon.colcon_core.package_identification:_identify(Drivers/CMSIS/DSP/DSP_Lib_TestSuite/Common/src/fast_math_tests) by extension 'python_setup_py'
[0.120s] Level 1:colcon.colcon_core.package_identification:_identify(Drivers/CMSIS/DSP/DSP_Lib_TestSuite/Common/src/filtering_tests) by extensions ['ignore', 'ignore_ament_install']
[0.120s] Level 1:colcon.colcon_core.package_identification:_identify(Drivers/CMSIS/DSP/DSP_Lib_TestSuite/Common/src/filtering_tests) by extension 'ignore'
[0.120s] Level 1:colcon.colcon_core.package_identification:_identify(Drivers/CMSIS/DSP/DSP_Lib_TestSuite/Common/src/filtering_tests) by extension 'ignore_ament_install'
[0.120s] Level 1:colcon.colcon_core.package_identification:_identify(Drivers/CMSIS/DSP/DSP_Lib_TestSuite/Common/src/filtering_tests) by extensions ['colcon_pkg']
[0.120s] Level 1:colcon.colcon_core.package_identification:_identify(Drivers/CMSIS/DSP/DSP_Lib_TestSuite/Common/src/filtering_tests) by extension 'colcon_pkg'
[0.120s] Level 1:colcon.colcon_core.package_identification:_identify(Drivers/CMSIS/DSP/DSP_Lib_TestSuite/Common/src/filtering_tests) by extensions ['colcon_meta']
[0.120s] Level 1:colcon.colcon_core.package_identification:_identify(Drivers/CMSIS/DSP/DSP_Lib_TestSuite/Common/src/filtering_tests) by extension 'colcon_meta'
[0.120s] Level 1:colcon.colcon_core.package_identification:_identify(Drivers/CMSIS/DSP/DSP_Lib_TestSuite/Common/src/filtering_tests) by extensions ['ros']
[0.120s] Level 1:colcon.colcon_core.package_identification:_identify(Drivers/CMSIS/DSP/DSP_Lib_TestSuite/Common/src/filtering_tests) by extension 'ros'
[0.120s] Level 1:colcon.colcon_core.package_identification:_identify(Drivers/CMSIS/DSP/DSP_Lib_TestSuite/Common/src/filtering_tests) by extensions ['cmake', 'python']
[0.120s] Level 1:colcon.colcon_core.package_identification:_identify(Drivers/CMSIS/DSP/DSP_Lib_TestSuite/Common/src/filtering_tests) by extension 'cmake'
[0.120s] Level 1:colcon.colcon_core.package_identification:_identify(Drivers/CMSIS/DSP/DSP_Lib_TestSuite/Common/src/filtering_tests) by extension 'python'
[0.120s] Level 1:colcon.colcon_core.package_identification:_identify(Drivers/CMSIS/DSP/DSP_Lib_TestSuite/Common/src/filtering_tests) by extensions ['python_setup_py']
[0.120s] Level 1:colcon.colcon_core.package_identification:_identify(Drivers/CMSIS/DSP/DSP_Lib_TestSuite/Common/src/filtering_tests) by extension 'python_setup_py'
[0.120s] Level 1:colcon.colcon_core.package_identification:_identify(Drivers/CMSIS/DSP/DSP_Lib_TestSuite/Common/src/intrinsics_tests) by extensions ['ignore', 'ignore_ament_install']
[0.120s] Level 1:colcon.colcon_core.package_identification:_identify(Drivers/CMSIS/DSP/DSP_Lib_TestSuite/Common/src/intrinsics_tests) by extension 'ignore'
[0.121s] Level 1:colcon.colcon_core.package_identification:_identify(Drivers/CMSIS/DSP/DSP_Lib_TestSuite/Common/src/intrinsics_tests) by extension 'ignore_ament_install'
[0.121s] Level 1:colcon.colcon_core.package_identification:_identify(Drivers/CMSIS/DSP/DSP_Lib_TestSuite/Common/src/intrinsics_tests) by extensions ['colcon_pkg']
[0.121s] Level 1:colcon.colcon_core.package_identification:_identify(Drivers/CMSIS/DSP/DSP_Lib_TestSuite/Common/src/intrinsics_tests) by extension 'colcon_pkg'
[0.121s] Level 1:colcon.colcon_core.package_identification:_identify(Drivers/CMSIS/DSP/DSP_Lib_TestSuite/Common/src/intrinsics_tests) by extensions ['colcon_meta']
[0.121s] Level 1:colcon.colcon_core.package_identification:_identify(Drivers/CMSIS/DSP/DSP_Lib_TestSuite/Common/src/intrinsics_tests) by extension 'colcon_meta'
[0.121s] Level 1:colcon.colcon_core.package_identification:_identify(Drivers/CMSIS/DSP/DSP_Lib_TestSuite/Common/src/intrinsics_tests) by extensions ['ros']
[0.121s] Level 1:colcon.colcon_core.package_identification:_identify(Drivers/CMSIS/DSP/DSP_Lib_TestSuite/Common/src/intrinsics_tests) by extension 'ros'
[0.121s] Level 1:colcon.colcon_core.package_identification:_identify(Drivers/CMSIS/DSP/DSP_Lib_TestSuite/Common/src/intrinsics_tests) by extensions ['cmake', 'python']
[0.121s] Level 1:colcon.colcon_core.package_identification:_identify(Drivers/CMSIS/DSP/DSP_Lib_TestSuite/Common/src/intrinsics_tests) by extension 'cmake'
[0.121s] Level 1:colcon.colcon_core.package_identification:_identify(Drivers/CMSIS/DSP/DSP_Lib_TestSuite/Common/src/intrinsics_tests) by extension 'python'
[0.121s] Level 1:colcon.colcon_core.package_identification:_identify(Drivers/CMSIS/DSP/DSP_Lib_TestSuite/Common/src/intrinsics_tests) by extensions ['python_setup_py']
[0.121s] Level 1:colcon.colcon_core.package_identification:_identify(Drivers/CMSIS/DSP/DSP_Lib_TestSuite/Common/src/intrinsics_tests) by extension 'python_setup_py'
[0.121s] Level 1:colcon.colcon_core.package_identification:_identify(Drivers/CMSIS/DSP/DSP_Lib_TestSuite/Common/src/matrix_tests) by extensions ['ignore', 'ignore_ament_install']
[0.121s] Level 1:colcon.colcon_core.package_identification:_identify(Drivers/CMSIS/DSP/DSP_Lib_TestSuite/Common/src/matrix_tests) by extension 'ignore'
[0.121s] Level 1:colcon.colcon_core.package_identification:_identify(Drivers/CMSIS/DSP/DSP_Lib_TestSuite/Common/src/matrix_tests) by extension 'ignore_ament_install'
[0.121s] Level 1:colcon.colcon_core.package_identification:_identify(Drivers/CMSIS/DSP/DSP_Lib_TestSuite/Common/src/matrix_tests) by extensions ['colcon_pkg']
[0.121s] Level 1:colcon.colcon_core.package_identification:_identify(Drivers/CMSIS/DSP/DSP_Lib_TestSuite/Common/src/matrix_tests) by extension 'colcon_pkg'
[0.121s] Level 1:colcon.colcon_core.package_identification:_identify(Drivers/CMSIS/DSP/DSP_Lib_TestSuite/Common/src/matrix_tests) by extensions ['colcon_meta']
[0.121s] Level 1:colcon.colcon_core.package_identification:_identify(Drivers/CMSIS/DSP/DSP_Lib_TestSuite/Common/src/matrix_tests) by extension 'colcon_meta'
[0.121s] Level 1:colcon.colcon_core.package_identification:_identify(Drivers/CMSIS/DSP/DSP_Lib_TestSuite/Common/src/matrix_tests) by extensions ['ros']
[0.121s] Level 1:colcon.colcon_core.package_identification:_identify(Drivers/CMSIS/DSP/DSP_Lib_TestSuite/Common/src/matrix_tests) by extension 'ros'
[0.121s] Level 1:colcon.colcon_core.package_identification:_identify(Drivers/CMSIS/DSP/DSP_Lib_TestSuite/Common/src/matrix_tests) by extensions ['cmake', 'python']
[0.121s] Level 1:colcon.colcon_core.package_identification:_identify(Drivers/CMSIS/DSP/DSP_Lib_TestSuite/Common/src/matrix_tests) by extension 'cmake'
[0.121s] Level 1:colcon.colcon_core.package_identification:_identify(Drivers/CMSIS/DSP/DSP_Lib_TestSuite/Common/src/matrix_tests) by extension 'python'
[0.121s] Level 1:colcon.colcon_core.package_identification:_identify(Drivers/CMSIS/DSP/DSP_Lib_TestSuite/Common/src/matrix_tests) by extensions ['python_setup_py']
[0.121s] Level 1:colcon.colcon_core.package_identification:_identify(Drivers/CMSIS/DSP/DSP_Lib_TestSuite/Common/src/matrix_tests) by extension 'python_setup_py'
[0.121s] Level 1:colcon.colcon_core.package_identification:_identify(Drivers/CMSIS/DSP/DSP_Lib_TestSuite/Common/src/statistics_tests) by extensions ['ignore', 'ignore_ament_install']
[0.121s] Level 1:colcon.colcon_core.package_identification:_identify(Drivers/CMSIS/DSP/DSP_Lib_TestSuite/Common/src/statistics_tests) by extension 'ignore'
[0.121s] Level 1:colcon.colcon_core.package_identification:_identify(Drivers/CMSIS/DSP/DSP_Lib_TestSuite/Common/src/statistics_tests) by extension 'ignore_ament_install'
[0.121s] Level 1:colcon.colcon_core.package_identification:_identify(Drivers/CMSIS/DSP/DSP_Lib_TestSuite/Common/src/statistics_tests) by extensions ['colcon_pkg']
[0.121s] Level 1:colcon.colcon_core.package_identification:_identify(Drivers/CMSIS/DSP/DSP_Lib_TestSuite/Common/src/statistics_tests) by extension 'colcon_pkg'
[0.121s] Level 1:colcon.colcon_core.package_identification:_identify(Drivers/CMSIS/DSP/DSP_Lib_TestSuite/Common/src/statistics_tests) by extensions ['colcon_meta']
[0.121s] Level 1:colcon.colcon_core.package_identification:_identify(Drivers/CMSIS/DSP/DSP_Lib_TestSuite/Common/src/statistics_tests) by extension 'colcon_meta'
[0.121s] Level 1:colcon.colcon_core.package_identification:_identify(Drivers/CMSIS/DSP/DSP_Lib_TestSuite/Common/src/statistics_tests) by extensions ['ros']
[0.121s] Level 1:colcon.colcon_core.package_identification:_identify(Drivers/CMSIS/DSP/DSP_Lib_TestSuite/Common/src/statistics_tests) by extension 'ros'
[0.121s] Level 1:colcon.colcon_core.package_identification:_identify(Drivers/CMSIS/DSP/DSP_Lib_TestSuite/Common/src/statistics_tests) by extensions ['cmake', 'python']
[0.121s] Level 1:colcon.colcon_core.package_identification:_identify(Drivers/CMSIS/DSP/DSP_Lib_TestSuite/Common/src/statistics_tests) by extension 'cmake'
[0.121s] Level 1:colcon.colcon_core.package_identification:_identify(Drivers/CMSIS/DSP/DSP_Lib_TestSuite/Common/src/statistics_tests) by extension 'python'
[0.121s] Level 1:colcon.colcon_core.package_identification:_identify(Drivers/CMSIS/DSP/DSP_Lib_TestSuite/Common/src/statistics_tests) by extensions ['python_setup_py']
[0.121s] Level 1:colcon.colcon_core.package_identification:_identify(Drivers/CMSIS/DSP/DSP_Lib_TestSuite/Common/src/statistics_tests) by extension 'python_setup_py'
[0.121s] Level 1:colcon.colcon_core.package_identification:_identify(Drivers/CMSIS/DSP/DSP_Lib_TestSuite/Common/src/support_tests) by extensions ['ignore', 'ignore_ament_install']
[0.121s] Level 1:colcon.colcon_core.package_identification:_identify(Drivers/CMSIS/DSP/DSP_Lib_TestSuite/Common/src/support_tests) by extension 'ignore'
[0.121s] Level 1:colcon.colcon_core.package_identification:_identify(Drivers/CMSIS/DSP/DSP_Lib_TestSuite/Common/src/support_tests) by extension 'ignore_ament_install'
[0.121s] Level 1:colcon.colcon_core.package_identification:_identify(Drivers/CMSIS/DSP/DSP_Lib_TestSuite/Common/src/support_tests) by extensions ['colcon_pkg']
[0.121s] Level 1:colcon.colcon_core.package_identification:_identify(Drivers/CMSIS/DSP/DSP_Lib_TestSuite/Common/src/support_tests) by extension 'colcon_pkg'
[0.122s] Level 1:colcon.colcon_core.package_identification:_identify(Drivers/CMSIS/DSP/DSP_Lib_TestSuite/Common/src/support_tests) by extensions ['colcon_meta']
[0.122s] Level 1:colcon.colcon_core.package_identification:_identify(Drivers/CMSIS/DSP/DSP_Lib_TestSuite/Common/src/support_tests) by extension 'colcon_meta'
[0.122s] Level 1:colcon.colcon_core.package_identification:_identify(Drivers/CMSIS/DSP/DSP_Lib_TestSuite/Common/src/support_tests) by extensions ['ros']
[0.122s] Level 1:colcon.colcon_core.package_identification:_identify(Drivers/CMSIS/DSP/DSP_Lib_TestSuite/Common/src/support_tests) by extension 'ros'
[0.122s] Level 1:colcon.colcon_core.package_identification:_identify(Drivers/CMSIS/DSP/DSP_Lib_TestSuite/Common/src/support_tests) by extensions ['cmake', 'python']
[0.122s] Level 1:colcon.colcon_core.package_identification:_identify(Drivers/CMSIS/DSP/DSP_Lib_TestSuite/Common/src/support_tests) by extension 'cmake'
[0.122s] Level 1:colcon.colcon_core.package_identification:_identify(Drivers/CMSIS/DSP/DSP_Lib_TestSuite/Common/src/support_tests) by extension 'python'
[0.122s] Level 1:colcon.colcon_core.package_identification:_identify(Drivers/CMSIS/DSP/DSP_Lib_TestSuite/Common/src/support_tests) by extensions ['python_setup_py']
[0.122s] Level 1:colcon.colcon_core.package_identification:_identify(Drivers/CMSIS/DSP/DSP_Lib_TestSuite/Common/src/support_tests) by extension 'python_setup_py'
[0.122s] Level 1:colcon.colcon_core.package_identification:_identify(Drivers/CMSIS/DSP/DSP_Lib_TestSuite/Common/src/transform_tests) by extensions ['ignore', 'ignore_ament_install']
[0.122s] Level 1:colcon.colcon_core.package_identification:_identify(Drivers/CMSIS/DSP/DSP_Lib_TestSuite/Common/src/transform_tests) by extension 'ignore'
[0.122s] Level 1:colcon.colcon_core.package_identification:_identify(Drivers/CMSIS/DSP/DSP_Lib_TestSuite/Common/src/transform_tests) by extension 'ignore_ament_install'
[0.122s] Level 1:colcon.colcon_core.package_identification:_identify(Drivers/CMSIS/DSP/DSP_Lib_TestSuite/Common/src/transform_tests) by extensions ['colcon_pkg']
[0.122s] Level 1:colcon.colcon_core.package_identification:_identify(Drivers/CMSIS/DSP/DSP_Lib_TestSuite/Common/src/transform_tests) by extension 'colcon_pkg'
[0.122s] Level 1:colcon.colcon_core.package_identification:_identify(Drivers/CMSIS/DSP/DSP_Lib_TestSuite/Common/src/transform_tests) by extensions ['colcon_meta']
[0.122s] Level 1:colcon.colcon_core.package_identification:_identify(Drivers/CMSIS/DSP/DSP_Lib_TestSuite/Common/src/transform_tests) by extension 'colcon_meta'
[0.122s] Level 1:colcon.colcon_core.package_identification:_identify(Drivers/CMSIS/DSP/DSP_Lib_TestSuite/Common/src/transform_tests) by extensions ['ros']
[0.122s] Level 1:colcon.colcon_core.package_identification:_identify(Drivers/CMSIS/DSP/DSP_Lib_TestSuite/Common/src/transform_tests) by extension 'ros'
[0.122s] Level 1:colcon.colcon_core.package_identification:_identify(Drivers/CMSIS/DSP/DSP_Lib_TestSuite/Common/src/transform_tests) by extensions ['cmake', 'python']
[0.122s] Level 1:colcon.colcon_core.package_identification:_identify(Drivers/CMSIS/DSP/DSP_Lib_TestSuite/Common/src/transform_tests) by extension 'cmake'
[0.122s] Level 1:colcon.colcon_core.package_identification:_identify(Drivers/CMSIS/DSP/DSP_Lib_TestSuite/Common/src/transform_tests) by extension 'python'
[0.122s] Level 1:colcon.colcon_core.package_identification:_identify(Drivers/CMSIS/DSP/DSP_Lib_TestSuite/Common/src/transform_tests) by extensions ['python_setup_py']
[0.122s] Level 1:colcon.colcon_core.package_identification:_identify(Drivers/CMSIS/DSP/DSP_Lib_TestSuite/Common/src/transform_tests) by extension 'python_setup_py'
[0.122s] Level 1:colcon.colcon_core.package_identification:_identify(Drivers/CMSIS/DSP/DSP_Lib_TestSuite/DspLibTest_FVP) by extensions ['ignore', 'ignore_ament_install']
[0.122s] Level 1:colcon.colcon_core.package_identification:_identify(Drivers/CMSIS/DSP/DSP_Lib_TestSuite/DspLibTest_FVP) by extension 'ignore'
[0.122s] Level 1:colcon.colcon_core.package_identification:_identify(Drivers/CMSIS/DSP/DSP_Lib_TestSuite/DspLibTest_FVP) by extension 'ignore_ament_install'
[0.122s] Level 1:colcon.colcon_core.package_identification:_identify(Drivers/CMSIS/DSP/DSP_Lib_TestSuite/DspLibTest_FVP) by extensions ['colcon_pkg']
[0.122s] Level 1:colcon.colcon_core.package_identification:_identify(Drivers/CMSIS/DSP/DSP_Lib_TestSuite/DspLibTest_FVP) by extension 'colcon_pkg'
[0.122s] Level 1:colcon.colcon_core.package_identification:_identify(Drivers/CMSIS/DSP/DSP_Lib_TestSuite/DspLibTest_FVP) by extensions ['colcon_meta']
[0.122s] Level 1:colcon.colcon_core.package_identification:_identify(Drivers/CMSIS/DSP/DSP_Lib_TestSuite/DspLibTest_FVP) by extension 'colcon_meta'
[0.122s] Level 1:colcon.colcon_core.package_identification:_identify(Drivers/CMSIS/DSP/DSP_Lib_TestSuite/DspLibTest_FVP) by extensions ['ros']
[0.122s] Level 1:colcon.colcon_core.package_identification:_identify(Drivers/CMSIS/DSP/DSP_Lib_TestSuite/DspLibTest_FVP) by extension 'ros'
[0.122s] Level 1:colcon.colcon_core.package_identification:_identify(Drivers/CMSIS/DSP/DSP_Lib_TestSuite/DspLibTest_FVP) by extensions ['cmake', 'python']
[0.122s] Level 1:colcon.colcon_core.package_identification:_identify(Drivers/CMSIS/DSP/DSP_Lib_TestSuite/DspLibTest_FVP) by extension 'cmake'
[0.122s] Level 1:colcon.colcon_core.package_identification:_identify(Drivers/CMSIS/DSP/DSP_Lib_TestSuite/DspLibTest_FVP) by extension 'python'
[0.122s] Level 1:colcon.colcon_core.package_identification:_identify(Drivers/CMSIS/DSP/DSP_Lib_TestSuite/DspLibTest_FVP) by extensions ['python_setup_py']
[0.122s] Level 1:colcon.colcon_core.package_identification:_identify(Drivers/CMSIS/DSP/DSP_Lib_TestSuite/DspLibTest_FVP) by extension 'python_setup_py'
[0.122s] Level 1:colcon.colcon_core.package_identification:_identify(Drivers/CMSIS/DSP/DSP_Lib_TestSuite/DspLibTest_MPS2) by extensions ['ignore', 'ignore_ament_install']
[0.122s] Level 1:colcon.colcon_core.package_identification:_identify(Drivers/CMSIS/DSP/DSP_Lib_TestSuite/DspLibTest_MPS2) by extension 'ignore'
[0.122s] Level 1:colcon.colcon_core.package_identification:_identify(Drivers/CMSIS/DSP/DSP_Lib_TestSuite/DspLibTest_MPS2) by extension 'ignore_ament_install'
[0.122s] Level 1:colcon.colcon_core.package_identification:_identify(Drivers/CMSIS/DSP/DSP_Lib_TestSuite/DspLibTest_MPS2) by extensions ['colcon_pkg']
[0.122s] Level 1:colcon.colcon_core.package_identification:_identify(Drivers/CMSIS/DSP/DSP_Lib_TestSuite/DspLibTest_MPS2) by extension 'colcon_pkg'
[0.122s] Level 1:colcon.colcon_core.package_identification:_identify(Drivers/CMSIS/DSP/DSP_Lib_TestSuite/DspLibTest_MPS2) by extensions ['colcon_meta']
[0.122s] Level 1:colcon.colcon_core.package_identification:_identify(Drivers/CMSIS/DSP/DSP_Lib_TestSuite/DspLibTest_MPS2) by extension 'colcon_meta'
[0.122s] Level 1:colcon.colcon_core.package_identification:_identify(Drivers/CMSIS/DSP/DSP_Lib_TestSuite/DspLibTest_MPS2) by extensions ['ros']
[0.122s] Level 1:colcon.colcon_core.package_identification:_identify(Drivers/CMSIS/DSP/DSP_Lib_TestSuite/DspLibTest_MPS2) by extension 'ros'
[0.123s] Level 1:colcon.colcon_core.package_identification:_identify(Drivers/CMSIS/DSP/DSP_Lib_TestSuite/DspLibTest_MPS2) by extensions ['cmake', 'python']
[0.123s] Level 1:colcon.colcon_core.package_identification:_identify(Drivers/CMSIS/DSP/DSP_Lib_TestSuite/DspLibTest_MPS2) by extension 'cmake'
[0.123s] Level 1:colcon.colcon_core.package_identification:_identify(Drivers/CMSIS/DSP/DSP_Lib_TestSuite/DspLibTest_MPS2) by extension 'python'
[0.123s] Level 1:colcon.colcon_core.package_identification:_identify(Drivers/CMSIS/DSP/DSP_Lib_TestSuite/DspLibTest_MPS2) by extensions ['python_setup_py']
[0.123s] Level 1:colcon.colcon_core.package_identification:_identify(Drivers/CMSIS/DSP/DSP_Lib_TestSuite/DspLibTest_MPS2) by extension 'python_setup_py'
[0.123s] Level 1:colcon.colcon_core.package_identification:_identify(Drivers/CMSIS/DSP/DSP_Lib_TestSuite/RefLibs) by extensions ['ignore', 'ignore_ament_install']
[0.123s] Level 1:colcon.colcon_core.package_identification:_identify(Drivers/CMSIS/DSP/DSP_Lib_TestSuite/RefLibs) by extension 'ignore'
[0.123s] Level 1:colcon.colcon_core.package_identification:_identify(Drivers/CMSIS/DSP/DSP_Lib_TestSuite/RefLibs) by extension 'ignore_ament_install'
[0.123s] Level 1:colcon.colcon_core.package_identification:_identify(Drivers/CMSIS/DSP/DSP_Lib_TestSuite/RefLibs) by extensions ['colcon_pkg']
[0.123s] Level 1:colcon.colcon_core.package_identification:_identify(Drivers/CMSIS/DSP/DSP_Lib_TestSuite/RefLibs) by extension 'colcon_pkg'
[0.123s] Level 1:colcon.colcon_core.package_identification:_identify(Drivers/CMSIS/DSP/DSP_Lib_TestSuite/RefLibs) by extensions ['colcon_meta']
[0.123s] Level 1:colcon.colcon_core.package_identification:_identify(Drivers/CMSIS/DSP/DSP_Lib_TestSuite/RefLibs) by extension 'colcon_meta'
[0.123s] Level 1:colcon.colcon_core.package_identification:_identify(Drivers/CMSIS/DSP/DSP_Lib_TestSuite/RefLibs) by extensions ['ros']
[0.123s] Level 1:colcon.colcon_core.package_identification:_identify(Drivers/CMSIS/DSP/DSP_Lib_TestSuite/RefLibs) by extension 'ros'
[0.123s] Level 1:colcon.colcon_core.package_identification:_identify(Drivers/CMSIS/DSP/DSP_Lib_TestSuite/RefLibs) by extensions ['cmake', 'python']
[0.123s] Level 1:colcon.colcon_core.package_identification:_identify(Drivers/CMSIS/DSP/DSP_Lib_TestSuite/RefLibs) by extension 'cmake'
[0.123s] Level 1:colcon.colcon_core.package_identification:_identify(Drivers/CMSIS/DSP/DSP_Lib_TestSuite/RefLibs) by extension 'python'
[0.123s] Level 1:colcon.colcon_core.package_identification:_identify(Drivers/CMSIS/DSP/DSP_Lib_TestSuite/RefLibs) by extensions ['python_setup_py']
[0.123s] Level 1:colcon.colcon_core.package_identification:_identify(Drivers/CMSIS/DSP/DSP_Lib_TestSuite/RefLibs) by extension 'python_setup_py'
[0.123s] Level 1:colcon.colcon_core.package_identification:_identify(Drivers/CMSIS/DSP/DSP_Lib_TestSuite/RefLibs/inc) by extensions ['ignore', 'ignore_ament_install']
[0.123s] Level 1:colcon.colcon_core.package_identification:_identify(Drivers/CMSIS/DSP/DSP_Lib_TestSuite/RefLibs/inc) by extension 'ignore'
[0.123s] Level 1:colcon.colcon_core.package_identification:_identify(Drivers/CMSIS/DSP/DSP_Lib_TestSuite/RefLibs/inc) by extension 'ignore_ament_install'
[0.123s] Level 1:colcon.colcon_core.package_identification:_identify(Drivers/CMSIS/DSP/DSP_Lib_TestSuite/RefLibs/inc) by extensions ['colcon_pkg']
[0.123s] Level 1:colcon.colcon_core.package_identification:_identify(Drivers/CMSIS/DSP/DSP_Lib_TestSuite/RefLibs/inc) by extension 'colcon_pkg'
[0.123s] Level 1:colcon.colcon_core.package_identification:_identify(Drivers/CMSIS/DSP/DSP_Lib_TestSuite/RefLibs/inc) by extensions ['colcon_meta']
[0.123s] Level 1:colcon.colcon_core.package_identification:_identify(Drivers/CMSIS/DSP/DSP_Lib_TestSuite/RefLibs/inc) by extension 'colcon_meta'
[0.123s] Level 1:colcon.colcon_core.package_identification:_identify(Drivers/CMSIS/DSP/DSP_Lib_TestSuite/RefLibs/inc) by extensions ['ros']
[0.123s] Level 1:colcon.colcon_core.package_identification:_identify(Drivers/CMSIS/DSP/DSP_Lib_TestSuite/RefLibs/inc) by extension 'ros'
[0.123s] Level 1:colcon.colcon_core.package_identification:_identify(Drivers/CMSIS/DSP/DSP_Lib_TestSuite/RefLibs/inc) by extensions ['cmake', 'python']
[0.123s] Level 1:colcon.colcon_core.package_identification:_identify(Drivers/CMSIS/DSP/DSP_Lib_TestSuite/RefLibs/inc) by extension 'cmake'
[0.123s] Level 1:colcon.colcon_core.package_identification:_identify(Drivers/CMSIS/DSP/DSP_Lib_TestSuite/RefLibs/inc) by extension 'python'
[0.123s] Level 1:colcon.colcon_core.package_identification:_identify(Drivers/CMSIS/DSP/DSP_Lib_TestSuite/RefLibs/inc) by extensions ['python_setup_py']
[0.123s] Level 1:colcon.colcon_core.package_identification:_identify(Drivers/CMSIS/DSP/DSP_Lib_TestSuite/RefLibs/inc) by extension 'python_setup_py'
[0.123s] Level 1:colcon.colcon_core.package_identification:_identify(Drivers/CMSIS/DSP/DSP_Lib_TestSuite/RefLibs/src) by extensions ['ignore', 'ignore_ament_install']
[0.123s] Level 1:colcon.colcon_core.package_identification:_identify(Drivers/CMSIS/DSP/DSP_Lib_TestSuite/RefLibs/src) by extension 'ignore'
[0.123s] Level 1:colcon.colcon_core.package_identification:_identify(Drivers/CMSIS/DSP/DSP_Lib_TestSuite/RefLibs/src) by extension 'ignore_ament_install'
[0.123s] Level 1:colcon.colcon_core.package_identification:_identify(Drivers/CMSIS/DSP/DSP_Lib_TestSuite/RefLibs/src) by extensions ['colcon_pkg']
[0.123s] Level 1:colcon.colcon_core.package_identification:_identify(Drivers/CMSIS/DSP/DSP_Lib_TestSuite/RefLibs/src) by extension 'colcon_pkg'
[0.123s] Level 1:colcon.colcon_core.package_identification:_identify(Drivers/CMSIS/DSP/DSP_Lib_TestSuite/RefLibs/src) by extensions ['colcon_meta']
[0.123s] Level 1:colcon.colcon_core.package_identification:_identify(Drivers/CMSIS/DSP/DSP_Lib_TestSuite/RefLibs/src) by extension 'colcon_meta'
[0.123s] Level 1:colcon.colcon_core.package_identification:_identify(Drivers/CMSIS/DSP/DSP_Lib_TestSuite/RefLibs/src) by extensions ['ros']
[0.123s] Level 1:colcon.colcon_core.package_identification:_identify(Drivers/CMSIS/DSP/DSP_Lib_TestSuite/RefLibs/src) by extension 'ros'
[0.123s] Level 1:colcon.colcon_core.package_identification:_identify(Drivers/CMSIS/DSP/DSP_Lib_TestSuite/RefLibs/src) by extensions ['cmake', 'python']
[0.123s] Level 1:colcon.colcon_core.package_identification:_identify(Drivers/CMSIS/DSP/DSP_Lib_TestSuite/RefLibs/src) by extension 'cmake'
[0.123s] Level 1:colcon.colcon_core.package_identification:_identify(Drivers/CMSIS/DSP/DSP_Lib_TestSuite/RefLibs/src) by extension 'python'
[0.123s] Level 1:colcon.colcon_core.package_identification:_identify(Drivers/CMSIS/DSP/DSP_Lib_TestSuite/RefLibs/src) by extensions ['python_setup_py']
[0.123s] Level 1:colcon.colcon_core.package_identification:_identify(Drivers/CMSIS/DSP/DSP_Lib_TestSuite/RefLibs/src) by extension 'python_setup_py'
[0.124s] Level 1:colcon.colcon_core.package_identification:_identify(Drivers/CMSIS/DSP/DSP_Lib_TestSuite/RefLibs/src/BasicMathFunctions) by extensions ['ignore', 'ignore_ament_install']
[0.124s] Level 1:colcon.colcon_core.package_identification:_identify(Drivers/CMSIS/DSP/DSP_Lib_TestSuite/RefLibs/src/BasicMathFunctions) by extension 'ignore'
[0.124s] Level 1:colcon.colcon_core.package_identification:_identify(Drivers/CMSIS/DSP/DSP_Lib_TestSuite/RefLibs/src/BasicMathFunctions) by extension 'ignore_ament_install'
[0.124s] Level 1:colcon.colcon_core.package_identification:_identify(Drivers/CMSIS/DSP/DSP_Lib_TestSuite/RefLibs/src/BasicMathFunctions) by extensions ['colcon_pkg']
[0.124s] Level 1:colcon.colcon_core.package_identification:_identify(Drivers/CMSIS/DSP/DSP_Lib_TestSuite/RefLibs/src/BasicMathFunctions) by extension 'colcon_pkg'
[0.124s] Level 1:colcon.colcon_core.package_identification:_identify(Drivers/CMSIS/DSP/DSP_Lib_TestSuite/RefLibs/src/BasicMathFunctions) by extensions ['colcon_meta']
[0.124s] Level 1:colcon.colcon_core.package_identification:_identify(Drivers/CMSIS/DSP/DSP_Lib_TestSuite/RefLibs/src/BasicMathFunctions) by extension 'colcon_meta'
[0.124s] Level 1:colcon.colcon_core.package_identification:_identify(Drivers/CMSIS/DSP/DSP_Lib_TestSuite/RefLibs/src/BasicMathFunctions) by extensions ['ros']
[0.124s] Level 1:colcon.colcon_core.package_identification:_identify(Drivers/CMSIS/DSP/DSP_Lib_TestSuite/RefLibs/src/BasicMathFunctions) by extension 'ros'
[0.124s] Level 1:colcon.colcon_core.package_identification:_identify(Drivers/CMSIS/DSP/DSP_Lib_TestSuite/RefLibs/src/BasicMathFunctions) by extensions ['cmake', 'python']
[0.124s] Level 1:colcon.colcon_core.package_identification:_identify(Drivers/CMSIS/DSP/DSP_Lib_TestSuite/RefLibs/src/BasicMathFunctions) by extension 'cmake'
[0.124s] Level 1:colcon.colcon_core.package_identification:_identify(Drivers/CMSIS/DSP/DSP_Lib_TestSuite/RefLibs/src/BasicMathFunctions) by extension 'python'
[0.124s] Level 1:colcon.colcon_core.package_identification:_identify(Drivers/CMSIS/DSP/DSP_Lib_TestSuite/RefLibs/src/BasicMathFunctions) by extensions ['python_setup_py']
[0.124s] Level 1:colcon.colcon_core.package_identification:_identify(Drivers/CMSIS/DSP/DSP_Lib_TestSuite/RefLibs/src/BasicMathFunctions) by extension 'python_setup_py'
[0.124s] Level 1:colcon.colcon_core.package_identification:_identify(Drivers/CMSIS/DSP/DSP_Lib_TestSuite/RefLibs/src/ComplexMathFunctions) by extensions ['ignore', 'ignore_ament_install']
[0.124s] Level 1:colcon.colcon_core.package_identification:_identify(Drivers/CMSIS/DSP/DSP_Lib_TestSuite/RefLibs/src/ComplexMathFunctions) by extension 'ignore'
[0.124s] Level 1:colcon.colcon_core.package_identification:_identify(Drivers/CMSIS/DSP/DSP_Lib_TestSuite/RefLibs/src/ComplexMathFunctions) by extension 'ignore_ament_install'
[0.124s] Level 1:colcon.colcon_core.package_identification:_identify(Drivers/CMSIS/DSP/DSP_Lib_TestSuite/RefLibs/src/ComplexMathFunctions) by extensions ['colcon_pkg']
[0.124s] Level 1:colcon.colcon_core.package_identification:_identify(Drivers/CMSIS/DSP/DSP_Lib_TestSuite/RefLibs/src/ComplexMathFunctions) by extension 'colcon_pkg'
[0.124s] Level 1:colcon.colcon_core.package_identification:_identify(Drivers/CMSIS/DSP/DSP_Lib_TestSuite/RefLibs/src/ComplexMathFunctions) by extensions ['colcon_meta']
[0.124s] Level 1:colcon.colcon_core.package_identification:_identify(Drivers/CMSIS/DSP/DSP_Lib_TestSuite/RefLibs/src/ComplexMathFunctions) by extension 'colcon_meta'
[0.124s] Level 1:colcon.colcon_core.package_identification:_identify(Drivers/CMSIS/DSP/DSP_Lib_TestSuite/RefLibs/src/ComplexMathFunctions) by extensions ['ros']
[0.124s] Level 1:colcon.colcon_core.package_identification:_identify(Drivers/CMSIS/DSP/DSP_Lib_TestSuite/RefLibs/src/ComplexMathFunctions) by extension 'ros'
[0.124s] Level 1:colcon.colcon_core.package_identification:_identify(Drivers/CMSIS/DSP/DSP_Lib_TestSuite/RefLibs/src/ComplexMathFunctions) by extensions ['cmake', 'python']
[0.124s] Level 1:colcon.colcon_core.package_identification:_identify(Drivers/CMSIS/DSP/DSP_Lib_TestSuite/RefLibs/src/ComplexMathFunctions) by extension 'cmake'
[0.124s] Level 1:colcon.colcon_core.package_identification:_identify(Drivers/CMSIS/DSP/DSP_Lib_TestSuite/RefLibs/src/ComplexMathFunctions) by extension 'python'
[0.124s] Level 1:colcon.colcon_core.package_identification:_identify(Drivers/CMSIS/DSP/DSP_Lib_TestSuite/RefLibs/src/ComplexMathFunctions) by extensions ['python_setup_py']
[0.124s] Level 1:colcon.colcon_core.package_identification:_identify(Drivers/CMSIS/DSP/DSP_Lib_TestSuite/RefLibs/src/ComplexMathFunctions) by extension 'python_setup_py'
[0.124s] Level 1:colcon.colcon_core.package_identification:_identify(Drivers/CMSIS/DSP/DSP_Lib_TestSuite/RefLibs/src/ControllerFunctions) by extensions ['ignore', 'ignore_ament_install']
[0.124s] Level 1:colcon.colcon_core.package_identification:_identify(Drivers/CMSIS/DSP/DSP_Lib_TestSuite/RefLibs/src/ControllerFunctions) by extension 'ignore'
[0.124s] Level 1:colcon.colcon_core.package_identification:_identify(Drivers/CMSIS/DSP/DSP_Lib_TestSuite/RefLibs/src/ControllerFunctions) by extension 'ignore_ament_install'
[0.124s] Level 1:colcon.colcon_core.package_identification:_identify(Drivers/CMSIS/DSP/DSP_Lib_TestSuite/RefLibs/src/ControllerFunctions) by extensions ['colcon_pkg']
[0.124s] Level 1:colcon.colcon_core.package_identification:_identify(Drivers/CMSIS/DSP/DSP_Lib_TestSuite/RefLibs/src/ControllerFunctions) by extension 'colcon_pkg'
[0.124s] Level 1:colcon.colcon_core.package_identification:_identify(Drivers/CMSIS/DSP/DSP_Lib_TestSuite/RefLibs/src/ControllerFunctions) by extensions ['colcon_meta']
[0.124s] Level 1:colcon.colcon_core.package_identification:_identify(Drivers/CMSIS/DSP/DSP_Lib_TestSuite/RefLibs/src/ControllerFunctions) by extension 'colcon_meta'
[0.124s] Level 1:colcon.colcon_core.package_identification:_identify(Drivers/CMSIS/DSP/DSP_Lib_TestSuite/RefLibs/src/ControllerFunctions) by extensions ['ros']
[0.124s] Level 1:colcon.colcon_core.package_identification:_identify(Drivers/CMSIS/DSP/DSP_Lib_TestSuite/RefLibs/src/ControllerFunctions) by extension 'ros'
[0.124s] Level 1:colcon.colcon_core.package_identification:_identify(Drivers/CMSIS/DSP/DSP_Lib_TestSuite/RefLibs/src/ControllerFunctions) by extensions ['cmake', 'python']
[0.124s] Level 1:colcon.colcon_core.package_identification:_identify(Drivers/CMSIS/DSP/DSP_Lib_TestSuite/RefLibs/src/ControllerFunctions) by extension 'cmake'
[0.124s] Level 1:colcon.colcon_core.package_identification:_identify(Drivers/CMSIS/DSP/DSP_Lib_TestSuite/RefLibs/src/ControllerFunctions) by extension 'python'
[0.124s] Level 1:colcon.colcon_core.package_identification:_identify(Drivers/CMSIS/DSP/DSP_Lib_TestSuite/RefLibs/src/ControllerFunctions) by extensions ['python_setup_py']
[0.124s] Level 1:colcon.colcon_core.package_identification:_identify(Drivers/CMSIS/DSP/DSP_Lib_TestSuite/RefLibs/src/ControllerFunctions) by extension 'python_setup_py'
[0.125s] Level 1:colcon.colcon_core.package_identification:_identify(Drivers/CMSIS/DSP/DSP_Lib_TestSuite/RefLibs/src/FastMathFunctions) by extensions ['ignore', 'ignore_ament_install']
[0.125s] Level 1:colcon.colcon_core.package_identification:_identify(Drivers/CMSIS/DSP/DSP_Lib_TestSuite/RefLibs/src/FastMathFunctions) by extension 'ignore'
[0.125s] Level 1:colcon.colcon_core.package_identification:_identify(Drivers/CMSIS/DSP/DSP_Lib_TestSuite/RefLibs/src/FastMathFunctions) by extension 'ignore_ament_install'
[0.125s] Level 1:colcon.colcon_core.package_identification:_identify(Drivers/CMSIS/DSP/DSP_Lib_TestSuite/RefLibs/src/FastMathFunctions) by extensions ['colcon_pkg']
[0.125s] Level 1:colcon.colcon_core.package_identification:_identify(Drivers/CMSIS/DSP/DSP_Lib_TestSuite/RefLibs/src/FastMathFunctions) by extension 'colcon_pkg'
[0.125s] Level 1:colcon.colcon_core.package_identification:_identify(Drivers/CMSIS/DSP/DSP_Lib_TestSuite/RefLibs/src/FastMathFunctions) by extensions ['colcon_meta']
[0.125s] Level 1:colcon.colcon_core.package_identification:_identify(Drivers/CMSIS/DSP/DSP_Lib_TestSuite/RefLibs/src/FastMathFunctions) by extension 'colcon_meta'
[0.125s] Level 1:colcon.colcon_core.package_identification:_identify(Drivers/CMSIS/DSP/DSP_Lib_TestSuite/RefLibs/src/FastMathFunctions) by extensions ['ros']
[0.125s] Level 1:colcon.colcon_core.package_identification:_identify(Drivers/CMSIS/DSP/DSP_Lib_TestSuite/RefLibs/src/FastMathFunctions) by extension 'ros'
[0.125s] Level 1:colcon.colcon_core.package_identification:_identify(Drivers/CMSIS/DSP/DSP_Lib_TestSuite/RefLibs/src/FastMathFunctions) by extensions ['cmake', 'python']
[0.125s] Level 1:colcon.colcon_core.package_identification:_identify(Drivers/CMSIS/DSP/DSP_Lib_TestSuite/RefLibs/src/FastMathFunctions) by extension 'cmake'
[0.125s] Level 1:colcon.colcon_core.package_identification:_identify(Drivers/CMSIS/DSP/DSP_Lib_TestSuite/RefLibs/src/FastMathFunctions) by extension 'python'
[0.125s] Level 1:colcon.colcon_core.package_identification:_identify(Drivers/CMSIS/DSP/DSP_Lib_TestSuite/RefLibs/src/FastMathFunctions) by extensions ['python_setup_py']
[0.125s] Level 1:colcon.colcon_core.package_identification:_identify(Drivers/CMSIS/DSP/DSP_Lib_TestSuite/RefLibs/src/FastMathFunctions) by extension 'python_setup_py'
[0.125s] Level 1:colcon.colcon_core.package_identification:_identify(Drivers/CMSIS/DSP/DSP_Lib_TestSuite/RefLibs/src/FilteringFunctions) by extensions ['ignore', 'ignore_ament_install']
[0.125s] Level 1:colcon.colcon_core.package_identification:_identify(Drivers/CMSIS/DSP/DSP_Lib_TestSuite/RefLibs/src/FilteringFunctions) by extension 'ignore'
[0.125s] Level 1:colcon.colcon_core.package_identification:_identify(Drivers/CMSIS/DSP/DSP_Lib_TestSuite/RefLibs/src/FilteringFunctions) by extension 'ignore_ament_install'
[0.125s] Level 1:colcon.colcon_core.package_identification:_identify(Drivers/CMSIS/DSP/DSP_Lib_TestSuite/RefLibs/src/FilteringFunctions) by extensions ['colcon_pkg']
[0.125s] Level 1:colcon.colcon_core.package_identification:_identify(Drivers/CMSIS/DSP/DSP_Lib_TestSuite/RefLibs/src/FilteringFunctions) by extension 'colcon_pkg'
[0.125s] Level 1:colcon.colcon_core.package_identification:_identify(Drivers/CMSIS/DSP/DSP_Lib_TestSuite/RefLibs/src/FilteringFunctions) by extensions ['colcon_meta']
[0.125s] Level 1:colcon.colcon_core.package_identification:_identify(Drivers/CMSIS/DSP/DSP_Lib_TestSuite/RefLibs/src/FilteringFunctions) by extension 'colcon_meta'
[0.125s] Level 1:colcon.colcon_core.package_identification:_identify(Drivers/CMSIS/DSP/DSP_Lib_TestSuite/RefLibs/src/FilteringFunctions) by extensions ['ros']
[0.125s] Level 1:colcon.colcon_core.package_identification:_identify(Drivers/CMSIS/DSP/DSP_Lib_TestSuite/RefLibs/src/FilteringFunctions) by extension 'ros'
[0.125s] Level 1:colcon.colcon_core.package_identification:_identify(Drivers/CMSIS/DSP/DSP_Lib_TestSuite/RefLibs/src/FilteringFunctions) by extensions ['cmake', 'python']
[0.125s] Level 1:colcon.colcon_core.package_identification:_identify(Drivers/CMSIS/DSP/DSP_Lib_TestSuite/RefLibs/src/FilteringFunctions) by extension 'cmake'
[0.125s] Level 1:colcon.colcon_core.package_identification:_identify(Drivers/CMSIS/DSP/DSP_Lib_TestSuite/RefLibs/src/FilteringFunctions) by extension 'python'
[0.125s] Level 1:colcon.colcon_core.package_identification:_identify(Drivers/CMSIS/DSP/DSP_Lib_TestSuite/RefLibs/src/FilteringFunctions) by extensions ['python_setup_py']
[0.125s] Level 1:colcon.colcon_core.package_identification:_identify(Drivers/CMSIS/DSP/DSP_Lib_TestSuite/RefLibs/src/FilteringFunctions) by extension 'python_setup_py'
[0.125s] Level 1:colcon.colcon_core.package_identification:_identify(Drivers/CMSIS/DSP/DSP_Lib_TestSuite/RefLibs/src/HelperFunctions) by extensions ['ignore', 'ignore_ament_install']
[0.125s] Level 1:colcon.colcon_core.package_identification:_identify(Drivers/CMSIS/DSP/DSP_Lib_TestSuite/RefLibs/src/HelperFunctions) by extension 'ignore'
[0.125s] Level 1:colcon.colcon_core.package_identification:_identify(Drivers/CMSIS/DSP/DSP_Lib_TestSuite/RefLibs/src/HelperFunctions) by extension 'ignore_ament_install'
[0.125s] Level 1:colcon.colcon_core.package_identification:_identify(Drivers/CMSIS/DSP/DSP_Lib_TestSuite/RefLibs/src/HelperFunctions) by extensions ['colcon_pkg']
[0.125s] Level 1:colcon.colcon_core.package_identification:_identify(Drivers/CMSIS/DSP/DSP_Lib_TestSuite/RefLibs/src/HelperFunctions) by extension 'colcon_pkg'
[0.125s] Level 1:colcon.colcon_core.package_identification:_identify(Drivers/CMSIS/DSP/DSP_Lib_TestSuite/RefLibs/src/HelperFunctions) by extensions ['colcon_meta']
[0.125s] Level 1:colcon.colcon_core.package_identification:_identify(Drivers/CMSIS/DSP/DSP_Lib_TestSuite/RefLibs/src/HelperFunctions) by extension 'colcon_meta'
[0.125s] Level 1:colcon.colcon_core.package_identification:_identify(Drivers/CMSIS/DSP/DSP_Lib_TestSuite/RefLibs/src/HelperFunctions) by extensions ['ros']
[0.125s] Level 1:colcon.colcon_core.package_identification:_identify(Drivers/CMSIS/DSP/DSP_Lib_TestSuite/RefLibs/src/HelperFunctions) by extension 'ros'
[0.125s] Level 1:colcon.colcon_core.package_identification:_identify(Drivers/CMSIS/DSP/DSP_Lib_TestSuite/RefLibs/src/HelperFunctions) by extensions ['cmake', 'python']
[0.125s] Level 1:colcon.colcon_core.package_identification:_identify(Drivers/CMSIS/DSP/DSP_Lib_TestSuite/RefLibs/src/HelperFunctions) by extension 'cmake'
[0.125s] Level 1:colcon.colcon_core.package_identification:_identify(Drivers/CMSIS/DSP/DSP_Lib_TestSuite/RefLibs/src/HelperFunctions) by extension 'python'
[0.125s] Level 1:colcon.colcon_core.package_identification:_identify(Drivers/CMSIS/DSP/DSP_Lib_TestSuite/RefLibs/src/HelperFunctions) by extensions ['python_setup_py']
[0.125s] Level 1:colcon.colcon_core.package_identification:_identify(Drivers/CMSIS/DSP/DSP_Lib_TestSuite/RefLibs/src/HelperFunctions) by extension 'python_setup_py'
[0.125s] Level 1:colcon.colcon_core.package_identification:_identify(Drivers/CMSIS/DSP/DSP_Lib_TestSuite/RefLibs/src/Intrinsics) by extensions ['ignore', 'ignore_ament_install']
[0.125s] Level 1:colcon.colcon_core.package_identification:_identify(Drivers/CMSIS/DSP/DSP_Lib_TestSuite/RefLibs/src/Intrinsics) by extension 'ignore'
[0.126s] Level 1:colcon.colcon_core.package_identification:_identify(Drivers/CMSIS/DSP/DSP_Lib_TestSuite/RefLibs/src/Intrinsics) by extension 'ignore_ament_install'
[0.126s] Level 1:colcon.colcon_core.package_identification:_identify(Drivers/CMSIS/DSP/DSP_Lib_TestSuite/RefLibs/src/Intrinsics) by extensions ['colcon_pkg']
[0.126s] Level 1:colcon.colcon_core.package_identification:_identify(Drivers/CMSIS/DSP/DSP_Lib_TestSuite/RefLibs/src/Intrinsics) by extension 'colcon_pkg'
[0.126s] Level 1:colcon.colcon_core.package_identification:_identify(Drivers/CMSIS/DSP/DSP_Lib_TestSuite/RefLibs/src/Intrinsics) by extensions ['colcon_meta']
[0.126s] Level 1:colcon.colcon_core.package_identification:_identify(Drivers/CMSIS/DSP/DSP_Lib_TestSuite/RefLibs/src/Intrinsics) by extension 'colcon_meta'
[0.126s] Level 1:colcon.colcon_core.package_identification:_identify(Drivers/CMSIS/DSP/DSP_Lib_TestSuite/RefLibs/src/Intrinsics) by extensions ['ros']
[0.126s] Level 1:colcon.colcon_core.package_identification:_identify(Drivers/CMSIS/DSP/DSP_Lib_TestSuite/RefLibs/src/Intrinsics) by extension 'ros'
[0.126s] Level 1:colcon.colcon_core.package_identification:_identify(Drivers/CMSIS/DSP/DSP_Lib_TestSuite/RefLibs/src/Intrinsics) by extensions ['cmake', 'python']
[0.126s] Level 1:colcon.colcon_core.package_identification:_identify(Drivers/CMSIS/DSP/DSP_Lib_TestSuite/RefLibs/src/Intrinsics) by extension 'cmake'
[0.126s] Level 1:colcon.colcon_core.package_identification:_identify(Drivers/CMSIS/DSP/DSP_Lib_TestSuite/RefLibs/src/Intrinsics) by extension 'python'
[0.126s] Level 1:colcon.colcon_core.package_identification:_identify(Drivers/CMSIS/DSP/DSP_Lib_TestSuite/RefLibs/src/Intrinsics) by extensions ['python_setup_py']
[0.126s] Level 1:colcon.colcon_core.package_identification:_identify(Drivers/CMSIS/DSP/DSP_Lib_TestSuite/RefLibs/src/Intrinsics) by extension 'python_setup_py'
[0.126s] Level 1:colcon.colcon_core.package_identification:_identify(Drivers/CMSIS/DSP/DSP_Lib_TestSuite/RefLibs/src/MatrixFunctions) by extensions ['ignore', 'ignore_ament_install']
[0.126s] Level 1:colcon.colcon_core.package_identification:_identify(Drivers/CMSIS/DSP/DSP_Lib_TestSuite/RefLibs/src/MatrixFunctions) by extension 'ignore'
[0.126s] Level 1:colcon.colcon_core.package_identification:_identify(Drivers/CMSIS/DSP/DSP_Lib_TestSuite/RefLibs/src/MatrixFunctions) by extension 'ignore_ament_install'
[0.126s] Level 1:colcon.colcon_core.package_identification:_identify(Drivers/CMSIS/DSP/DSP_Lib_TestSuite/RefLibs/src/MatrixFunctions) by extensions ['colcon_pkg']
[0.126s] Level 1:colcon.colcon_core.package_identification:_identify(Drivers/CMSIS/DSP/DSP_Lib_TestSuite/RefLibs/src/MatrixFunctions) by extension 'colcon_pkg'
[0.126s] Level 1:colcon.colcon_core.package_identification:_identify(Drivers/CMSIS/DSP/DSP_Lib_TestSuite/RefLibs/src/MatrixFunctions) by extensions ['colcon_meta']
[0.126s] Level 1:colcon.colcon_core.package_identification:_identify(Drivers/CMSIS/DSP/DSP_Lib_TestSuite/RefLibs/src/MatrixFunctions) by extension 'colcon_meta'
[0.126s] Level 1:colcon.colcon_core.package_identification:_identify(Drivers/CMSIS/DSP/DSP_Lib_TestSuite/RefLibs/src/MatrixFunctions) by extensions ['ros']
[0.126s] Level 1:colcon.colcon_core.package_identification:_identify(Drivers/CMSIS/DSP/DSP_Lib_TestSuite/RefLibs/src/MatrixFunctions) by extension 'ros'
[0.126s] Level 1:colcon.colcon_core.package_identification:_identify(Drivers/CMSIS/DSP/DSP_Lib_TestSuite/RefLibs/src/MatrixFunctions) by extensions ['cmake', 'python']
[0.126s] Level 1:colcon.colcon_core.package_identification:_identify(Drivers/CMSIS/DSP/DSP_Lib_TestSuite/RefLibs/src/MatrixFunctions) by extension 'cmake'
[0.126s] Level 1:colcon.colcon_core.package_identification:_identify(Drivers/CMSIS/DSP/DSP_Lib_TestSuite/RefLibs/src/MatrixFunctions) by extension 'python'
[0.126s] Level 1:colcon.colcon_core.package_identification:_identify(Drivers/CMSIS/DSP/DSP_Lib_TestSuite/RefLibs/src/MatrixFunctions) by extensions ['python_setup_py']
[0.126s] Level 1:colcon.colcon_core.package_identification:_identify(Drivers/CMSIS/DSP/DSP_Lib_TestSuite/RefLibs/src/MatrixFunctions) by extension 'python_setup_py'
[0.126s] Level 1:colcon.colcon_core.package_identification:_identify(Drivers/CMSIS/DSP/DSP_Lib_TestSuite/RefLibs/src/StatisticsFunctions) by extensions ['ignore', 'ignore_ament_install']
[0.126s] Level 1:colcon.colcon_core.package_identification:_identify(Drivers/CMSIS/DSP/DSP_Lib_TestSuite/RefLibs/src/StatisticsFunctions) by extension 'ignore'
[0.126s] Level 1:colcon.colcon_core.package_identification:_identify(Drivers/CMSIS/DSP/DSP_Lib_TestSuite/RefLibs/src/StatisticsFunctions) by extension 'ignore_ament_install'
[0.126s] Level 1:colcon.colcon_core.package_identification:_identify(Drivers/CMSIS/DSP/DSP_Lib_TestSuite/RefLibs/src/StatisticsFunctions) by extensions ['colcon_pkg']
[0.126s] Level 1:colcon.colcon_core.package_identification:_identify(Drivers/CMSIS/DSP/DSP_Lib_TestSuite/RefLibs/src/StatisticsFunctions) by extension 'colcon_pkg'
[0.126s] Level 1:colcon.colcon_core.package_identification:_identify(Drivers/CMSIS/DSP/DSP_Lib_TestSuite/RefLibs/src/StatisticsFunctions) by extensions ['colcon_meta']
[0.126s] Level 1:colcon.colcon_core.package_identification:_identify(Drivers/CMSIS/DSP/DSP_Lib_TestSuite/RefLibs/src/StatisticsFunctions) by extension 'colcon_meta'
[0.126s] Level 1:colcon.colcon_core.package_identification:_identify(Drivers/CMSIS/DSP/DSP_Lib_TestSuite/RefLibs/src/StatisticsFunctions) by extensions ['ros']
[0.126s] Level 1:colcon.colcon_core.package_identification:_identify(Drivers/CMSIS/DSP/DSP_Lib_TestSuite/RefLibs/src/StatisticsFunctions) by extension 'ros'
[0.126s] Level 1:colcon.colcon_core.package_identification:_identify(Drivers/CMSIS/DSP/DSP_Lib_TestSuite/RefLibs/src/StatisticsFunctions) by extensions ['cmake', 'python']
[0.126s] Level 1:colcon.colcon_core.package_identification:_identify(Drivers/CMSIS/DSP/DSP_Lib_TestSuite/RefLibs/src/StatisticsFunctions) by extension 'cmake'
[0.126s] Level 1:colcon.colcon_core.package_identification:_identify(Drivers/CMSIS/DSP/DSP_Lib_TestSuite/RefLibs/src/StatisticsFunctions) by extension 'python'
[0.126s] Level 1:colcon.colcon_core.package_identification:_identify(Drivers/CMSIS/DSP/DSP_Lib_TestSuite/RefLibs/src/StatisticsFunctions) by extensions ['python_setup_py']
[0.126s] Level 1:colcon.colcon_core.package_identification:_identify(Drivers/CMSIS/DSP/DSP_Lib_TestSuite/RefLibs/src/StatisticsFunctions) by extension 'python_setup_py'
[0.126s] Level 1:colcon.colcon_core.package_identification:_identify(Drivers/CMSIS/DSP/DSP_Lib_TestSuite/RefLibs/src/SupportFunctions) by extensions ['ignore', 'ignore_ament_install']
[0.126s] Level 1:colcon.colcon_core.package_identification:_identify(Drivers/CMSIS/DSP/DSP_Lib_TestSuite/RefLibs/src/SupportFunctions) by extension 'ignore'
[0.126s] Level 1:colcon.colcon_core.package_identification:_identify(Drivers/CMSIS/DSP/DSP_Lib_TestSuite/RefLibs/src/SupportFunctions) by extension 'ignore_ament_install'
[0.126s] Level 1:colcon.colcon_core.package_identification:_identify(Drivers/CMSIS/DSP/DSP_Lib_TestSuite/RefLibs/src/SupportFunctions) by extensions ['colcon_pkg']
[0.126s] Level 1:colcon.colcon_core.package_identification:_identify(Drivers/CMSIS/DSP/DSP_Lib_TestSuite/RefLibs/src/SupportFunctions) by extension 'colcon_pkg'
[0.126s] Level 1:colcon.colcon_core.package_identification:_identify(Drivers/CMSIS/DSP/DSP_Lib_TestSuite/RefLibs/src/SupportFunctions) by extensions ['colcon_meta']
[0.127s] Level 1:colcon.colcon_core.package_identification:_identify(Drivers/CMSIS/DSP/DSP_Lib_TestSuite/RefLibs/src/SupportFunctions) by extension 'colcon_meta'
[0.127s] Level 1:colcon.colcon_core.package_identification:_identify(Drivers/CMSIS/DSP/DSP_Lib_TestSuite/RefLibs/src/SupportFunctions) by extensions ['ros']
[0.127s] Level 1:colcon.colcon_core.package_identification:_identify(Drivers/CMSIS/DSP/DSP_Lib_TestSuite/RefLibs/src/SupportFunctions) by extension 'ros'
[0.127s] Level 1:colcon.colcon_core.package_identification:_identify(Drivers/CMSIS/DSP/DSP_Lib_TestSuite/RefLibs/src/SupportFunctions) by extensions ['cmake', 'python']
[0.127s] Level 1:colcon.colcon_core.package_identification:_identify(Drivers/CMSIS/DSP/DSP_Lib_TestSuite/RefLibs/src/SupportFunctions) by extension 'cmake'
[0.127s] Level 1:colcon.colcon_core.package_identification:_identify(Drivers/CMSIS/DSP/DSP_Lib_TestSuite/RefLibs/src/SupportFunctions) by extension 'python'
[0.127s] Level 1:colcon.colcon_core.package_identification:_identify(Drivers/CMSIS/DSP/DSP_Lib_TestSuite/RefLibs/src/SupportFunctions) by extensions ['python_setup_py']
[0.127s] Level 1:colcon.colcon_core.package_identification:_identify(Drivers/CMSIS/DSP/DSP_Lib_TestSuite/RefLibs/src/SupportFunctions) by extension 'python_setup_py'
[0.127s] Level 1:colcon.colcon_core.package_identification:_identify(Drivers/CMSIS/DSP/DSP_Lib_TestSuite/RefLibs/src/TransformFunctions) by extensions ['ignore', 'ignore_ament_install']
[0.127s] Level 1:colcon.colcon_core.package_identification:_identify(Drivers/CMSIS/DSP/DSP_Lib_TestSuite/RefLibs/src/TransformFunctions) by extension 'ignore'
[0.127s] Level 1:colcon.colcon_core.package_identification:_identify(Drivers/CMSIS/DSP/DSP_Lib_TestSuite/RefLibs/src/TransformFunctions) by extension 'ignore_ament_install'
[0.127s] Level 1:colcon.colcon_core.package_identification:_identify(Drivers/CMSIS/DSP/DSP_Lib_TestSuite/RefLibs/src/TransformFunctions) by extensions ['colcon_pkg']
[0.127s] Level 1:colcon.colcon_core.package_identification:_identify(Drivers/CMSIS/DSP/DSP_Lib_TestSuite/RefLibs/src/TransformFunctions) by extension 'colcon_pkg'
[0.127s] Level 1:colcon.colcon_core.package_identification:_identify(Drivers/CMSIS/DSP/DSP_Lib_TestSuite/RefLibs/src/TransformFunctions) by extensions ['colcon_meta']
[0.127s] Level 1:colcon.colcon_core.package_identification:_identify(Drivers/CMSIS/DSP/DSP_Lib_TestSuite/RefLibs/src/TransformFunctions) by extension 'colcon_meta'
[0.127s] Level 1:colcon.colcon_core.package_identification:_identify(Drivers/CMSIS/DSP/DSP_Lib_TestSuite/RefLibs/src/TransformFunctions) by extensions ['ros']
[0.127s] Level 1:colcon.colcon_core.package_identification:_identify(Drivers/CMSIS/DSP/DSP_Lib_TestSuite/RefLibs/src/TransformFunctions) by extension 'ros'
[0.127s] Level 1:colcon.colcon_core.package_identification:_identify(Drivers/CMSIS/DSP/DSP_Lib_TestSuite/RefLibs/src/TransformFunctions) by extensions ['cmake', 'python']
[0.127s] Level 1:colcon.colcon_core.package_identification:_identify(Drivers/CMSIS/DSP/DSP_Lib_TestSuite/RefLibs/src/TransformFunctions) by extension 'cmake'
[0.127s] Level 1:colcon.colcon_core.package_identification:_identify(Drivers/CMSIS/DSP/DSP_Lib_TestSuite/RefLibs/src/TransformFunctions) by extension 'python'
[0.127s] Level 1:colcon.colcon_core.package_identification:_identify(Drivers/CMSIS/DSP/DSP_Lib_TestSuite/RefLibs/src/TransformFunctions) by extensions ['python_setup_py']
[0.127s] Level 1:colcon.colcon_core.package_identification:_identify(Drivers/CMSIS/DSP/DSP_Lib_TestSuite/RefLibs/src/TransformFunctions) by extension 'python_setup_py'
[0.127s] Level 1:colcon.colcon_core.package_identification:_identify(Drivers/CMSIS/DSP/Examples) by extensions ['ignore', 'ignore_ament_install']
[0.127s] Level 1:colcon.colcon_core.package_identification:_identify(Drivers/CMSIS/DSP/Examples) by extension 'ignore'
[0.127s] Level 1:colcon.colcon_core.package_identification:_identify(Drivers/CMSIS/DSP/Examples) by extension 'ignore_ament_install'
[0.127s] Level 1:colcon.colcon_core.package_identification:_identify(Drivers/CMSIS/DSP/Examples) by extensions ['colcon_pkg']
[0.127s] Level 1:colcon.colcon_core.package_identification:_identify(Drivers/CMSIS/DSP/Examples) by extension 'colcon_pkg'
[0.127s] Level 1:colcon.colcon_core.package_identification:_identify(Drivers/CMSIS/DSP/Examples) by extensions ['colcon_meta']
[0.127s] Level 1:colcon.colcon_core.package_identification:_identify(Drivers/CMSIS/DSP/Examples) by extension 'colcon_meta'
[0.127s] Level 1:colcon.colcon_core.package_identification:_identify(Drivers/CMSIS/DSP/Examples) by extensions ['ros']
[0.127s] Level 1:colcon.colcon_core.package_identification:_identify(Drivers/CMSIS/DSP/Examples) by extension 'ros'
[0.127s] Level 1:colcon.colcon_core.package_identification:_identify(Drivers/CMSIS/DSP/Examples) by extensions ['cmake', 'python']
[0.127s] Level 1:colcon.colcon_core.package_identification:_identify(Drivers/CMSIS/DSP/Examples) by extension 'cmake'
[0.127s] Level 1:colcon.colcon_core.package_identification:_identify(Drivers/CMSIS/DSP/Examples) by extension 'python'
[0.127s] Level 1:colcon.colcon_core.package_identification:_identify(Drivers/CMSIS/DSP/Examples) by extensions ['python_setup_py']
[0.127s] Level 1:colcon.colcon_core.package_identification:_identify(Drivers/CMSIS/DSP/Examples) by extension 'python_setup_py'
[0.127s] Level 1:colcon.colcon_core.package_identification:_identify(Drivers/CMSIS/DSP/Examples/ARM) by extensions ['ignore', 'ignore_ament_install']
[0.127s] Level 1:colcon.colcon_core.package_identification:_identify(Drivers/CMSIS/DSP/Examples/ARM) by extension 'ignore'
[0.127s] Level 1:colcon.colcon_core.package_identification:_identify(Drivers/CMSIS/DSP/Examples/ARM) by extension 'ignore_ament_install'
[0.127s] Level 1:colcon.colcon_core.package_identification:_identify(Drivers/CMSIS/DSP/Examples/ARM) by extensions ['colcon_pkg']
[0.127s] Level 1:colcon.colcon_core.package_identification:_identify(Drivers/CMSIS/DSP/Examples/ARM) by extension 'colcon_pkg'
[0.127s] Level 1:colcon.colcon_core.package_identification:_identify(Drivers/CMSIS/DSP/Examples/ARM) by extensions ['colcon_meta']
[0.127s] Level 1:colcon.colcon_core.package_identification:_identify(Drivers/CMSIS/DSP/Examples/ARM) by extension 'colcon_meta'
[0.127s] Level 1:colcon.colcon_core.package_identification:_identify(Drivers/CMSIS/DSP/Examples/ARM) by extensions ['ros']
[0.127s] Level 1:colcon.colcon_core.package_identification:_identify(Drivers/CMSIS/DSP/Examples/ARM) by extension 'ros'
[0.127s] Level 1:colcon.colcon_core.package_identification:_identify(Drivers/CMSIS/DSP/Examples/ARM) by extensions ['cmake', 'python']
[0.127s] Level 1:colcon.colcon_core.package_identification:_identify(Drivers/CMSIS/DSP/Examples/ARM) by extension 'cmake'
[0.127s] Level 1:colcon.colcon_core.package_identification:_identify(Drivers/CMSIS/DSP/Examples/ARM) by extension 'python'
[0.128s] Level 1:colcon.colcon_core.package_identification:_identify(Drivers/CMSIS/DSP/Examples/ARM) by extensions ['python_setup_py']
[0.128s] Level 1:colcon.colcon_core.package_identification:_identify(Drivers/CMSIS/DSP/Examples/ARM) by extension 'python_setup_py'
[0.128s] Level 1:colcon.colcon_core.package_identification:_identify(Drivers/CMSIS/DSP/Examples/ARM/arm_bayes_example) by extensions ['ignore', 'ignore_ament_install']
[0.128s] Level 1:colcon.colcon_core.package_identification:_identify(Drivers/CMSIS/DSP/Examples/ARM/arm_bayes_example) by extension 'ignore'
[0.128s] Level 1:colcon.colcon_core.package_identification:_identify(Drivers/CMSIS/DSP/Examples/ARM/arm_bayes_example) by extension 'ignore_ament_install'
[0.128s] Level 1:colcon.colcon_core.package_identification:_identify(Drivers/CMSIS/DSP/Examples/ARM/arm_bayes_example) by extensions ['colcon_pkg']
[0.128s] Level 1:colcon.colcon_core.package_identification:_identify(Drivers/CMSIS/DSP/Examples/ARM/arm_bayes_example) by extension 'colcon_pkg'
[0.128s] Level 1:colcon.colcon_core.package_identification:_identify(Drivers/CMSIS/DSP/Examples/ARM/arm_bayes_example) by extensions ['colcon_meta']
[0.128s] Level 1:colcon.colcon_core.package_identification:_identify(Drivers/CMSIS/DSP/Examples/ARM/arm_bayes_example) by extension 'colcon_meta'
[0.128s] Level 1:colcon.colcon_core.package_identification:_identify(Drivers/CMSIS/DSP/Examples/ARM/arm_bayes_example) by extensions ['ros']
[0.128s] Level 1:colcon.colcon_core.package_identification:_identify(Drivers/CMSIS/DSP/Examples/ARM/arm_bayes_example) by extension 'ros'
[0.128s] Level 1:colcon.colcon_core.package_identification:_identify(Drivers/CMSIS/DSP/Examples/ARM/arm_bayes_example) by extensions ['cmake', 'python']
[0.128s] Level 1:colcon.colcon_core.package_identification:_identify(Drivers/CMSIS/DSP/Examples/ARM/arm_bayes_example) by extension 'cmake'
[0.128s] Level 1:colcon.colcon_core.package_identification:_identify(Drivers/CMSIS/DSP/Examples/ARM/arm_bayes_example) by extension 'python'
[0.129s] DEBUG:colcon.colcon_core.package_identification:Package 'Drivers/CMSIS/DSP/Examples/ARM/arm_bayes_example' with type 'cmake' and name 'arm_bayes_example'
[0.129s] Level 1:colcon.colcon_core.package_identification:_identify(Drivers/CMSIS/DSP/Examples/ARM/arm_class_marks_example) by extensions ['ignore', 'ignore_ament_install']
[0.129s] Level 1:colcon.colcon_core.package_identification:_identify(Drivers/CMSIS/DSP/Examples/ARM/arm_class_marks_example) by extension 'ignore'
[0.129s] Level 1:colcon.colcon_core.package_identification:_identify(Drivers/CMSIS/DSP/Examples/ARM/arm_class_marks_example) by extension 'ignore_ament_install'
[0.129s] Level 1:colcon.colcon_core.package_identification:_identify(Drivers/CMSIS/DSP/Examples/ARM/arm_class_marks_example) by extensions ['colcon_pkg']
[0.129s] Level 1:colcon.colcon_core.package_identification:_identify(Drivers/CMSIS/DSP/Examples/ARM/arm_class_marks_example) by extension 'colcon_pkg'
[0.129s] Level 1:colcon.colcon_core.package_identification:_identify(Drivers/CMSIS/DSP/Examples/ARM/arm_class_marks_example) by extensions ['colcon_meta']
[0.129s] Level 1:colcon.colcon_core.package_identification:_identify(Drivers/CMSIS/DSP/Examples/ARM/arm_class_marks_example) by extension 'colcon_meta'
[0.129s] Level 1:colcon.colcon_core.package_identification:_identify(Drivers/CMSIS/DSP/Examples/ARM/arm_class_marks_example) by extensions ['ros']
[0.129s] Level 1:colcon.colcon_core.package_identification:_identify(Drivers/CMSIS/DSP/Examples/ARM/arm_class_marks_example) by extension 'ros'
[0.129s] Level 1:colcon.colcon_core.package_identification:_identify(Drivers/CMSIS/DSP/Examples/ARM/arm_class_marks_example) by extensions ['cmake', 'python']
[0.129s] Level 1:colcon.colcon_core.package_identification:_identify(Drivers/CMSIS/DSP/Examples/ARM/arm_class_marks_example) by extension 'cmake'
[0.129s] Level 1:colcon.colcon_core.package_identification:_identify(Drivers/CMSIS/DSP/Examples/ARM/arm_class_marks_example) by extension 'python'
[0.129s] DEBUG:colcon.colcon_core.package_identification:Package 'Drivers/CMSIS/DSP/Examples/ARM/arm_class_marks_example' with type 'cmake' and name 'arm_class_marks_example'
[0.129s] Level 1:colcon.colcon_core.package_identification:_identify(Drivers/CMSIS/DSP/Examples/ARM/arm_convolution_example) by extensions ['ignore', 'ignore_ament_install']
[0.129s] Level 1:colcon.colcon_core.package_identification:_identify(Drivers/CMSIS/DSP/Examples/ARM/arm_convolution_example) by extension 'ignore'
[0.129s] Level 1:colcon.colcon_core.package_identification:_identify(Drivers/CMSIS/DSP/Examples/ARM/arm_convolution_example) by extension 'ignore_ament_install'
[0.129s] Level 1:colcon.colcon_core.package_identification:_identify(Drivers/CMSIS/DSP/Examples/ARM/arm_convolution_example) by extensions ['colcon_pkg']
[0.129s] Level 1:colcon.colcon_core.package_identification:_identify(Drivers/CMSIS/DSP/Examples/ARM/arm_convolution_example) by extension 'colcon_pkg'
[0.129s] Level 1:colcon.colcon_core.package_identification:_identify(Drivers/CMSIS/DSP/Examples/ARM/arm_convolution_example) by extensions ['colcon_meta']
[0.129s] Level 1:colcon.colcon_core.package_identification:_identify(Drivers/CMSIS/DSP/Examples/ARM/arm_convolution_example) by extension 'colcon_meta'
[0.129s] Level 1:colcon.colcon_core.package_identification:_identify(Drivers/CMSIS/DSP/Examples/ARM/arm_convolution_example) by extensions ['ros']
[0.129s] Level 1:colcon.colcon_core.package_identification:_identify(Drivers/CMSIS/DSP/Examples/ARM/arm_convolution_example) by extension 'ros'
[0.129s] Level 1:colcon.colcon_core.package_identification:_identify(Drivers/CMSIS/DSP/Examples/ARM/arm_convolution_example) by extensions ['cmake', 'python']
[0.129s] Level 1:colcon.colcon_core.package_identification:_identify(Drivers/CMSIS/DSP/Examples/ARM/arm_convolution_example) by extension 'cmake'
[0.130s] Level 1:colcon.colcon_core.package_identification:_identify(Drivers/CMSIS/DSP/Examples/ARM/arm_convolution_example) by extension 'python'
[0.130s] DEBUG:colcon.colcon_core.package_identification:Package 'Drivers/CMSIS/DSP/Examples/ARM/arm_convolution_example' with type 'cmake' and name 'arm_convolution_example'
[0.130s] Level 1:colcon.colcon_core.package_identification:_identify(Drivers/CMSIS/DSP/Examples/ARM/arm_dotproduct_example) by extensions ['ignore', 'ignore_ament_install']
[0.130s] Level 1:colcon.colcon_core.package_identification:_identify(Drivers/CMSIS/DSP/Examples/ARM/arm_dotproduct_example) by extension 'ignore'
[0.130s] Level 1:colcon.colcon_core.package_identification:_identify(Drivers/CMSIS/DSP/Examples/ARM/arm_dotproduct_example) by extension 'ignore_ament_install'
[0.130s] Level 1:colcon.colcon_core.package_identification:_identify(Drivers/CMSIS/DSP/Examples/ARM/arm_dotproduct_example) by extensions ['colcon_pkg']
[0.130s] Level 1:colcon.colcon_core.package_identification:_identify(Drivers/CMSIS/DSP/Examples/ARM/arm_dotproduct_example) by extension 'colcon_pkg'
[0.130s] Level 1:colcon.colcon_core.package_identification:_identify(Drivers/CMSIS/DSP/Examples/ARM/arm_dotproduct_example) by extensions ['colcon_meta']
[0.130s] Level 1:colcon.colcon_core.package_identification:_identify(Drivers/CMSIS/DSP/Examples/ARM/arm_dotproduct_example) by extension 'colcon_meta'
[0.130s] Level 1:colcon.colcon_core.package_identification:_identify(Drivers/CMSIS/DSP/Examples/ARM/arm_dotproduct_example) by extensions ['ros']
[0.130s] Level 1:colcon.colcon_core.package_identification:_identify(Drivers/CMSIS/DSP/Examples/ARM/arm_dotproduct_example) by extension 'ros'
[0.130s] Level 1:colcon.colcon_core.package_identification:_identify(Drivers/CMSIS/DSP/Examples/ARM/arm_dotproduct_example) by extensions ['cmake', 'python']
[0.130s] Level 1:colcon.colcon_core.package_identification:_identify(Drivers/CMSIS/DSP/Examples/ARM/arm_dotproduct_example) by extension 'cmake'
[0.130s] Level 1:colcon.colcon_core.package_identification:_identify(Drivers/CMSIS/DSP/Examples/ARM/arm_dotproduct_example) by extension 'python'
[0.130s] DEBUG:colcon.colcon_core.package_identification:Package 'Drivers/CMSIS/DSP/Examples/ARM/arm_dotproduct_example' with type 'cmake' and name 'arm_dotproduct_example'
[0.130s] Level 1:colcon.colcon_core.package_identification:_identify(Drivers/CMSIS/DSP/Examples/ARM/arm_fft_bin_example) by extensions ['ignore', 'ignore_ament_install']
[0.130s] Level 1:colcon.colcon_core.package_identification:_identify(Drivers/CMSIS/DSP/Examples/ARM/arm_fft_bin_example) by extension 'ignore'
[0.130s] Level 1:colcon.colcon_core.package_identification:_identify(Drivers/CMSIS/DSP/Examples/ARM/arm_fft_bin_example) by extension 'ignore_ament_install'
[0.130s] Level 1:colcon.colcon_core.package_identification:_identify(Drivers/CMSIS/DSP/Examples/ARM/arm_fft_bin_example) by extensions ['colcon_pkg']
[0.130s] Level 1:colcon.colcon_core.package_identification:_identify(Drivers/CMSIS/DSP/Examples/ARM/arm_fft_bin_example) by extension 'colcon_pkg'
[0.130s] Level 1:colcon.colcon_core.package_identification:_identify(Drivers/CMSIS/DSP/Examples/ARM/arm_fft_bin_example) by extensions ['colcon_meta']
[0.130s] Level 1:colcon.colcon_core.package_identification:_identify(Drivers/CMSIS/DSP/Examples/ARM/arm_fft_bin_example) by extension 'colcon_meta'
[0.130s] Level 1:colcon.colcon_core.package_identification:_identify(Drivers/CMSIS/DSP/Examples/ARM/arm_fft_bin_example) by extensions ['ros']
[0.130s] Level 1:colcon.colcon_core.package_identification:_identify(Drivers/CMSIS/DSP/Examples/ARM/arm_fft_bin_example) by extension 'ros'
[0.130s] Level 1:colcon.colcon_core.package_identification:_identify(Drivers/CMSIS/DSP/Examples/ARM/arm_fft_bin_example) by extensions ['cmake', 'python']
[0.130s] Level 1:colcon.colcon_core.package_identification:_identify(Drivers/CMSIS/DSP/Examples/ARM/arm_fft_bin_example) by extension 'cmake'
[0.131s] Level 1:colcon.colcon_core.package_identification:_identify(Drivers/CMSIS/DSP/Examples/ARM/arm_fft_bin_example) by extension 'python'
[0.131s] DEBUG:colcon.colcon_core.package_identification:Package 'Drivers/CMSIS/DSP/Examples/ARM/arm_fft_bin_example' with type 'cmake' and name 'arm_fft_bin_example'
[0.131s] Level 1:colcon.colcon_core.package_identification:_identify(Drivers/CMSIS/DSP/Examples/ARM/arm_fir_example) by extensions ['ignore', 'ignore_ament_install']
[0.131s] Level 1:colcon.colcon_core.package_identification:_identify(Drivers/CMSIS/DSP/Examples/ARM/arm_fir_example) by extension 'ignore'
[0.131s] Level 1:colcon.colcon_core.package_identification:_identify(Drivers/CMSIS/DSP/Examples/ARM/arm_fir_example) by extension 'ignore_ament_install'
[0.131s] Level 1:colcon.colcon_core.package_identification:_identify(Drivers/CMSIS/DSP/Examples/ARM/arm_fir_example) by extensions ['colcon_pkg']
[0.131s] Level 1:colcon.colcon_core.package_identification:_identify(Drivers/CMSIS/DSP/Examples/ARM/arm_fir_example) by extension 'colcon_pkg'
[0.131s] Level 1:colcon.colcon_core.package_identification:_identify(Drivers/CMSIS/DSP/Examples/ARM/arm_fir_example) by extensions ['colcon_meta']
[0.131s] Level 1:colcon.colcon_core.package_identification:_identify(Drivers/CMSIS/DSP/Examples/ARM/arm_fir_example) by extension 'colcon_meta'
[0.131s] Level 1:colcon.colcon_core.package_identification:_identify(Drivers/CMSIS/DSP/Examples/ARM/arm_fir_example) by extensions ['ros']
[0.131s] Level 1:colcon.colcon_core.package_identification:_identify(Drivers/CMSIS/DSP/Examples/ARM/arm_fir_example) by extension 'ros'
[0.131s] Level 1:colcon.colcon_core.package_identification:_identify(Drivers/CMSIS/DSP/Examples/ARM/arm_fir_example) by extensions ['cmake', 'python']
[0.131s] Level 1:colcon.colcon_core.package_identification:_identify(Drivers/CMSIS/DSP/Examples/ARM/arm_fir_example) by extension 'cmake'
[0.131s] Level 1:colcon.colcon_core.package_identification:_identify(Drivers/CMSIS/DSP/Examples/ARM/arm_fir_example) by extension 'python'
[0.131s] DEBUG:colcon.colcon_core.package_identification:Package 'Drivers/CMSIS/DSP/Examples/ARM/arm_fir_example' with type 'cmake' and name 'arm_fir_example'
[0.131s] Level 1:colcon.colcon_core.package_identification:_identify(Drivers/CMSIS/DSP/Examples/ARM/arm_graphic_equalizer_example) by extensions ['ignore', 'ignore_ament_install']
[0.131s] Level 1:colcon.colcon_core.package_identification:_identify(Drivers/CMSIS/DSP/Examples/ARM/arm_graphic_equalizer_example) by extension 'ignore'
[0.131s] Level 1:colcon.colcon_core.package_identification:_identify(Drivers/CMSIS/DSP/Examples/ARM/arm_graphic_equalizer_example) by extension 'ignore_ament_install'
[0.131s] Level 1:colcon.colcon_core.package_identification:_identify(Drivers/CMSIS/DSP/Examples/ARM/arm_graphic_equalizer_example) by extensions ['colcon_pkg']
[0.131s] Level 1:colcon.colcon_core.package_identification:_identify(Drivers/CMSIS/DSP/Examples/ARM/arm_graphic_equalizer_example) by extension 'colcon_pkg'
[0.131s] Level 1:colcon.colcon_core.package_identification:_identify(Drivers/CMSIS/DSP/Examples/ARM/arm_graphic_equalizer_example) by extensions ['colcon_meta']
[0.131s] Level 1:colcon.colcon_core.package_identification:_identify(Drivers/CMSIS/DSP/Examples/ARM/arm_graphic_equalizer_example) by extension 'colcon_meta'
[0.131s] Level 1:colcon.colcon_core.package_identification:_identify(Drivers/CMSIS/DSP/Examples/ARM/arm_graphic_equalizer_example) by extensions ['ros']
[0.131s] Level 1:colcon.colcon_core.package_identification:_identify(Drivers/CMSIS/DSP/Examples/ARM/arm_graphic_equalizer_example) by extension 'ros'
[0.131s] Level 1:colcon.colcon_core.package_identification:_identify(Drivers/CMSIS/DSP/Examples/ARM/arm_graphic_equalizer_example) by extensions ['cmake', 'python']
[0.132s] Level 1:colcon.colcon_core.package_identification:_identify(Drivers/CMSIS/DSP/Examples/ARM/arm_graphic_equalizer_example) by extension 'cmake'
[0.132s] Level 1:colcon.colcon_core.package_identification:_identify(Drivers/CMSIS/DSP/Examples/ARM/arm_graphic_equalizer_example) by extension 'python'
[0.132s] DEBUG:colcon.colcon_core.package_identification:Package 'Drivers/CMSIS/DSP/Examples/ARM/arm_graphic_equalizer_example' with type 'cmake' and name 'arm_graphic_equalizer_example'
[0.132s] Level 1:colcon.colcon_core.package_identification:_identify(Drivers/CMSIS/DSP/Examples/ARM/arm_linear_interp_example) by extensions ['ignore', 'ignore_ament_install']
[0.132s] Level 1:colcon.colcon_core.package_identification:_identify(Drivers/CMSIS/DSP/Examples/ARM/arm_linear_interp_example) by extension 'ignore'
[0.132s] Level 1:colcon.colcon_core.package_identification:_identify(Drivers/CMSIS/DSP/Examples/ARM/arm_linear_interp_example) by extension 'ignore_ament_install'
[0.132s] Level 1:colcon.colcon_core.package_identification:_identify(Drivers/CMSIS/DSP/Examples/ARM/arm_linear_interp_example) by extensions ['colcon_pkg']
[0.132s] Level 1:colcon.colcon_core.package_identification:_identify(Drivers/CMSIS/DSP/Examples/ARM/arm_linear_interp_example) by extension 'colcon_pkg'
[0.132s] Level 1:colcon.colcon_core.package_identification:_identify(Drivers/CMSIS/DSP/Examples/ARM/arm_linear_interp_example) by extensions ['colcon_meta']
[0.132s] Level 1:colcon.colcon_core.package_identification:_identify(Drivers/CMSIS/DSP/Examples/ARM/arm_linear_interp_example) by extension 'colcon_meta'
[0.132s] Level 1:colcon.colcon_core.package_identification:_identify(Drivers/CMSIS/DSP/Examples/ARM/arm_linear_interp_example) by extensions ['ros']
[0.132s] Level 1:colcon.colcon_core.package_identification:_identify(Drivers/CMSIS/DSP/Examples/ARM/arm_linear_interp_example) by extension 'ros'
[0.132s] Level 1:colcon.colcon_core.package_identification:_identify(Drivers/CMSIS/DSP/Examples/ARM/arm_linear_interp_example) by extensions ['cmake', 'python']
[0.132s] Level 1:colcon.colcon_core.package_identification:_identify(Drivers/CMSIS/DSP/Examples/ARM/arm_linear_interp_example) by extension 'cmake'
[0.132s] Level 1:colcon.colcon_core.package_identification:_identify(Drivers/CMSIS/DSP/Examples/ARM/arm_linear_interp_example) by extension 'python'
[0.132s] DEBUG:colcon.colcon_core.package_identification:Package 'Drivers/CMSIS/DSP/Examples/ARM/arm_linear_interp_example' with type 'cmake' and name 'arm_linear_interp_example'
[0.132s] Level 1:colcon.colcon_core.package_identification:_identify(Drivers/CMSIS/DSP/Examples/ARM/arm_matrix_example) by extensions ['ignore', 'ignore_ament_install']
[0.132s] Level 1:colcon.colcon_core.package_identification:_identify(Drivers/CMSIS/DSP/Examples/ARM/arm_matrix_example) by extension 'ignore'
[0.132s] Level 1:colcon.colcon_core.package_identification:_identify(Drivers/CMSIS/DSP/Examples/ARM/arm_matrix_example) by extension 'ignore_ament_install'
[0.132s] Level 1:colcon.colcon_core.package_identification:_identify(Drivers/CMSIS/DSP/Examples/ARM/arm_matrix_example) by extensions ['colcon_pkg']
[0.132s] Level 1:colcon.colcon_core.package_identification:_identify(Drivers/CMSIS/DSP/Examples/ARM/arm_matrix_example) by extension 'colcon_pkg'
[0.132s] Level 1:colcon.colcon_core.package_identification:_identify(Drivers/CMSIS/DSP/Examples/ARM/arm_matrix_example) by extensions ['colcon_meta']
[0.132s] Level 1:colcon.colcon_core.package_identification:_identify(Drivers/CMSIS/DSP/Examples/ARM/arm_matrix_example) by extension 'colcon_meta'
[0.132s] Level 1:colcon.colcon_core.package_identification:_identify(Drivers/CMSIS/DSP/Examples/ARM/arm_matrix_example) by extensions ['ros']
[0.132s] Level 1:colcon.colcon_core.package_identification:_identify(Drivers/CMSIS/DSP/Examples/ARM/arm_matrix_example) by extension 'ros'
[0.133s] Level 1:colcon.colcon_core.package_identification:_identify(Drivers/CMSIS/DSP/Examples/ARM/arm_matrix_example) by extensions ['cmake', 'python']
[0.133s] Level 1:colcon.colcon_core.package_identification:_identify(Drivers/CMSIS/DSP/Examples/ARM/arm_matrix_example) by extension 'cmake'
[0.133s] Level 1:colcon.colcon_core.package_identification:_identify(Drivers/CMSIS/DSP/Examples/ARM/arm_matrix_example) by extension 'python'
[0.133s] DEBUG:colcon.colcon_core.package_identification:Package 'Drivers/CMSIS/DSP/Examples/ARM/arm_matrix_example' with type 'cmake' and name 'arm_matrix_example'
[0.133s] Level 1:colcon.colcon_core.package_identification:_identify(Drivers/CMSIS/DSP/Examples/ARM/arm_signal_converge_example) by extensions ['ignore', 'ignore_ament_install']
[0.133s] Level 1:colcon.colcon_core.package_identification:_identify(Drivers/CMSIS/DSP/Examples/ARM/arm_signal_converge_example) by extension 'ignore'
[0.133s] Level 1:colcon.colcon_core.package_identification:_identify(Drivers/CMSIS/DSP/Examples/ARM/arm_signal_converge_example) by extension 'ignore_ament_install'
[0.133s] Level 1:colcon.colcon_core.package_identification:_identify(Drivers/CMSIS/DSP/Examples/ARM/arm_signal_converge_example) by extensions ['colcon_pkg']
[0.133s] Level 1:colcon.colcon_core.package_identification:_identify(Drivers/CMSIS/DSP/Examples/ARM/arm_signal_converge_example) by extension 'colcon_pkg'
[0.133s] Level 1:colcon.colcon_core.package_identification:_identify(Drivers/CMSIS/DSP/Examples/ARM/arm_signal_converge_example) by extensions ['colcon_meta']
[0.133s] Level 1:colcon.colcon_core.package_identification:_identify(Drivers/CMSIS/DSP/Examples/ARM/arm_signal_converge_example) by extension 'colcon_meta'
[0.133s] Level 1:colcon.colcon_core.package_identification:_identify(Drivers/CMSIS/DSP/Examples/ARM/arm_signal_converge_example) by extensions ['ros']
[0.133s] Level 1:colcon.colcon_core.package_identification:_identify(Drivers/CMSIS/DSP/Examples/ARM/arm_signal_converge_example) by extension 'ros'
[0.133s] Level 1:colcon.colcon_core.package_identification:_identify(Drivers/CMSIS/DSP/Examples/ARM/arm_signal_converge_example) by extensions ['cmake', 'python']
[0.133s] Level 1:colcon.colcon_core.package_identification:_identify(Drivers/CMSIS/DSP/Examples/ARM/arm_signal_converge_example) by extension 'cmake'
[0.133s] Level 1:colcon.colcon_core.package_identification:_identify(Drivers/CMSIS/DSP/Examples/ARM/arm_signal_converge_example) by extension 'python'
[0.133s] DEBUG:colcon.colcon_core.package_identification:Package 'Drivers/CMSIS/DSP/Examples/ARM/arm_signal_converge_example' with type 'cmake' and name 'arm_signal_convergence_example'
[0.133s] Level 1:colcon.colcon_core.package_identification:_identify(Drivers/CMSIS/DSP/Examples/ARM/arm_sin_cos_example) by extensions ['ignore', 'ignore_ament_install']
[0.133s] Level 1:colcon.colcon_core.package_identification:_identify(Drivers/CMSIS/DSP/Examples/ARM/arm_sin_cos_example) by extension 'ignore'
[0.133s] Level 1:colcon.colcon_core.package_identification:_identify(Drivers/CMSIS/DSP/Examples/ARM/arm_sin_cos_example) by extension 'ignore_ament_install'
[0.133s] Level 1:colcon.colcon_core.package_identification:_identify(Drivers/CMSIS/DSP/Examples/ARM/arm_sin_cos_example) by extensions ['colcon_pkg']
[0.133s] Level 1:colcon.colcon_core.package_identification:_identify(Drivers/CMSIS/DSP/Examples/ARM/arm_sin_cos_example) by extension 'colcon_pkg'
[0.133s] Level 1:colcon.colcon_core.package_identification:_identify(Drivers/CMSIS/DSP/Examples/ARM/arm_sin_cos_example) by extensions ['colcon_meta']
[0.133s] Level 1:colcon.colcon_core.package_identification:_identify(Drivers/CMSIS/DSP/Examples/ARM/arm_sin_cos_example) by extension 'colcon_meta'
[0.133s] Level 1:colcon.colcon_core.package_identification:_identify(Drivers/CMSIS/DSP/Examples/ARM/arm_sin_cos_example) by extensions ['ros']
[0.134s] Level 1:colcon.colcon_core.package_identification:_identify(Drivers/CMSIS/DSP/Examples/ARM/arm_sin_cos_example) by extension 'ros'
[0.134s] Level 1:colcon.colcon_core.package_identification:_identify(Drivers/CMSIS/DSP/Examples/ARM/arm_sin_cos_example) by extensions ['cmake', 'python']
[0.134s] Level 1:colcon.colcon_core.package_identification:_identify(Drivers/CMSIS/DSP/Examples/ARM/arm_sin_cos_example) by extension 'cmake'
[0.134s] Level 1:colcon.colcon_core.package_identification:_identify(Drivers/CMSIS/DSP/Examples/ARM/arm_sin_cos_example) by extension 'python'
[0.134s] DEBUG:colcon.colcon_core.package_identification:Package 'Drivers/CMSIS/DSP/Examples/ARM/arm_sin_cos_example' with type 'cmake' and name 'arm_sin_cos_example'
[0.134s] Level 1:colcon.colcon_core.package_identification:_identify(Drivers/CMSIS/DSP/Examples/ARM/arm_svm_example) by extensions ['ignore', 'ignore_ament_install']
[0.134s] Level 1:colcon.colcon_core.package_identification:_identify(Drivers/CMSIS/DSP/Examples/ARM/arm_svm_example) by extension 'ignore'
[0.134s] Level 1:colcon.colcon_core.package_identification:_identify(Drivers/CMSIS/DSP/Examples/ARM/arm_svm_example) by extension 'ignore_ament_install'
[0.134s] Level 1:colcon.colcon_core.package_identification:_identify(Drivers/CMSIS/DSP/Examples/ARM/arm_svm_example) by extensions ['colcon_pkg']
[0.134s] Level 1:colcon.colcon_core.package_identification:_identify(Drivers/CMSIS/DSP/Examples/ARM/arm_svm_example) by extension 'colcon_pkg'
[0.134s] Level 1:colcon.colcon_core.package_identification:_identify(Drivers/CMSIS/DSP/Examples/ARM/arm_svm_example) by extensions ['colcon_meta']
[0.134s] Level 1:colcon.colcon_core.package_identification:_identify(Drivers/CMSIS/DSP/Examples/ARM/arm_svm_example) by extension 'colcon_meta'
[0.134s] Level 1:colcon.colcon_core.package_identification:_identify(Drivers/CMSIS/DSP/Examples/ARM/arm_svm_example) by extensions ['ros']
[0.134s] Level 1:colcon.colcon_core.package_identification:_identify(Drivers/CMSIS/DSP/Examples/ARM/arm_svm_example) by extension 'ros'
[0.134s] Level 1:colcon.colcon_core.package_identification:_identify(Drivers/CMSIS/DSP/Examples/ARM/arm_svm_example) by extensions ['cmake', 'python']
[0.134s] Level 1:colcon.colcon_core.package_identification:_identify(Drivers/CMSIS/DSP/Examples/ARM/arm_svm_example) by extension 'cmake'
[0.134s] Level 1:colcon.colcon_core.package_identification:_identify(Drivers/CMSIS/DSP/Examples/ARM/arm_svm_example) by extension 'python'
[0.134s] DEBUG:colcon.colcon_core.package_identification:Package 'Drivers/CMSIS/DSP/Examples/ARM/arm_svm_example' with type 'cmake' and name 'arm_svm_example'
[0.134s] Level 1:colcon.colcon_core.package_identification:_identify(Drivers/CMSIS/DSP/Examples/ARM/arm_variance_example) by extensions ['ignore', 'ignore_ament_install']
[0.134s] Level 1:colcon.colcon_core.package_identification:_identify(Drivers/CMSIS/DSP/Examples/ARM/arm_variance_example) by extension 'ignore'
[0.134s] Level 1:colcon.colcon_core.package_identification:_identify(Drivers/CMSIS/DSP/Examples/ARM/arm_variance_example) by extension 'ignore_ament_install'
[0.134s] Level 1:colcon.colcon_core.package_identification:_identify(Drivers/CMSIS/DSP/Examples/ARM/arm_variance_example) by extensions ['colcon_pkg']
[0.134s] Level 1:colcon.colcon_core.package_identification:_identify(Drivers/CMSIS/DSP/Examples/ARM/arm_variance_example) by extension 'colcon_pkg'
[0.134s] Level 1:colcon.colcon_core.package_identification:_identify(Drivers/CMSIS/DSP/Examples/ARM/arm_variance_example) by extensions ['colcon_meta']
[0.134s] Level 1:colcon.colcon_core.package_identification:_identify(Drivers/CMSIS/DSP/Examples/ARM/arm_variance_example) by extension 'colcon_meta'
[0.135s] Level 1:colcon.colcon_core.package_identification:_identify(Drivers/CMSIS/DSP/Examples/ARM/arm_variance_example) by extensions ['ros']
[0.135s] Level 1:colcon.colcon_core.package_identification:_identify(Drivers/CMSIS/DSP/Examples/ARM/arm_variance_example) by extension 'ros'
[0.135s] Level 1:colcon.colcon_core.package_identification:_identify(Drivers/CMSIS/DSP/Examples/ARM/arm_variance_example) by extensions ['cmake', 'python']
[0.135s] Level 1:colcon.colcon_core.package_identification:_identify(Drivers/CMSIS/DSP/Examples/ARM/arm_variance_example) by extension 'cmake'
[0.135s] Level 1:colcon.colcon_core.package_identification:_identify(Drivers/CMSIS/DSP/Examples/ARM/arm_variance_example) by extension 'python'
[0.135s] DEBUG:colcon.colcon_core.package_identification:Package 'Drivers/CMSIS/DSP/Examples/ARM/arm_variance_example' with type 'cmake' and name 'arm_variance_example'
[0.135s] Level 1:colcon.colcon_core.package_identification:_identify(Drivers/CMSIS/DSP/Include) by extensions ['ignore', 'ignore_ament_install']
[0.135s] Level 1:colcon.colcon_core.package_identification:_identify(Drivers/CMSIS/DSP/Include) by extension 'ignore'
[0.135s] Level 1:colcon.colcon_core.package_identification:_identify(Drivers/CMSIS/DSP/Include) by extension 'ignore_ament_install'
[0.135s] Level 1:colcon.colcon_core.package_identification:_identify(Drivers/CMSIS/DSP/Include) by extensions ['colcon_pkg']
[0.135s] Level 1:colcon.colcon_core.package_identification:_identify(Drivers/CMSIS/DSP/Include) by extension 'colcon_pkg'
[0.135s] Level 1:colcon.colcon_core.package_identification:_identify(Drivers/CMSIS/DSP/Include) by extensions ['colcon_meta']
[0.135s] Level 1:colcon.colcon_core.package_identification:_identify(Drivers/CMSIS/DSP/Include) by extension 'colcon_meta'
[0.135s] Level 1:colcon.colcon_core.package_identification:_identify(Drivers/CMSIS/DSP/Include) by extensions ['ros']
[0.135s] Level 1:colcon.colcon_core.package_identification:_identify(Drivers/CMSIS/DSP/Include) by extension 'ros'
[0.135s] Level 1:colcon.colcon_core.package_identification:_identify(Drivers/CMSIS/DSP/Include) by extensions ['cmake', 'python']
[0.135s] Level 1:colcon.colcon_core.package_identification:_identify(Drivers/CMSIS/DSP/Include) by extension 'cmake'
[0.135s] Level 1:colcon.colcon_core.package_identification:_identify(Drivers/CMSIS/DSP/Include) by extension 'python'
[0.135s] Level 1:colcon.colcon_core.package_identification:_identify(Drivers/CMSIS/DSP/Include) by extensions ['python_setup_py']
[0.135s] Level 1:colcon.colcon_core.package_identification:_identify(Drivers/CMSIS/DSP/Include) by extension 'python_setup_py'
[0.135s] Level 1:colcon.colcon_core.package_identification:_identify(Drivers/CMSIS/DSP/Include/dsp) by extensions ['ignore', 'ignore_ament_install']
[0.135s] Level 1:colcon.colcon_core.package_identification:_identify(Drivers/CMSIS/DSP/Include/dsp) by extension 'ignore'
[0.135s] Level 1:colcon.colcon_core.package_identification:_identify(Drivers/CMSIS/DSP/Include/dsp) by extension 'ignore_ament_install'
[0.135s] Level 1:colcon.colcon_core.package_identification:_identify(Drivers/CMSIS/DSP/Include/dsp) by extensions ['colcon_pkg']
[0.135s] Level 1:colcon.colcon_core.package_identification:_identify(Drivers/CMSIS/DSP/Include/dsp) by extension 'colcon_pkg'
[0.135s] Level 1:colcon.colcon_core.package_identification:_identify(Drivers/CMSIS/DSP/Include/dsp) by extensions ['colcon_meta']
[0.135s] Level 1:colcon.colcon_core.package_identification:_identify(Drivers/CMSIS/DSP/Include/dsp) by extension 'colcon_meta'
[0.135s] Level 1:colcon.colcon_core.package_identification:_identify(Drivers/CMSIS/DSP/Include/dsp) by extensions ['ros']
[0.135s] Level 1:colcon.colcon_core.package_identification:_identify(Drivers/CMSIS/DSP/Include/dsp) by extension 'ros'
[0.135s] Level 1:colcon.colcon_core.package_identification:_identify(Drivers/CMSIS/DSP/Include/dsp) by extensions ['cmake', 'python']
[0.135s] Level 1:colcon.colcon_core.package_identification:_identify(Drivers/CMSIS/DSP/Include/dsp) by extension 'cmake'
[0.135s] Level 1:colcon.colcon_core.package_identification:_identify(Drivers/CMSIS/DSP/Include/dsp) by extension 'python'
[0.135s] Level 1:colcon.colcon_core.package_identification:_identify(Drivers/CMSIS/DSP/Include/dsp) by extensions ['python_setup_py']
[0.135s] Level 1:colcon.colcon_core.package_identification:_identify(Drivers/CMSIS/DSP/Include/dsp) by extension 'python_setup_py'
[0.135s] Level 1:colcon.colcon_core.package_identification:_identify(Drivers/CMSIS/DSP/PrivateInclude) by extensions ['ignore', 'ignore_ament_install']
[0.136s] Level 1:colcon.colcon_core.package_identification:_identify(Drivers/CMSIS/DSP/PrivateInclude) by extension 'ignore'
[0.136s] Level 1:colcon.colcon_core.package_identification:_identify(Drivers/CMSIS/DSP/PrivateInclude) by extension 'ignore_ament_install'
[0.136s] Level 1:colcon.colcon_core.package_identification:_identify(Drivers/CMSIS/DSP/PrivateInclude) by extensions ['colcon_pkg']
[0.136s] Level 1:colcon.colcon_core.package_identification:_identify(Drivers/CMSIS/DSP/PrivateInclude) by extension 'colcon_pkg'
[0.136s] Level 1:colcon.colcon_core.package_identification:_identify(Drivers/CMSIS/DSP/PrivateInclude) by extensions ['colcon_meta']
[0.136s] Level 1:colcon.colcon_core.package_identification:_identify(Drivers/CMSIS/DSP/PrivateInclude) by extension 'colcon_meta'
[0.136s] Level 1:colcon.colcon_core.package_identification:_identify(Drivers/CMSIS/DSP/PrivateInclude) by extensions ['ros']
[0.136s] Level 1:colcon.colcon_core.package_identification:_identify(Drivers/CMSIS/DSP/PrivateInclude) by extension 'ros'
[0.136s] Level 1:colcon.colcon_core.package_identification:_identify(Drivers/CMSIS/DSP/PrivateInclude) by extensions ['cmake', 'python']
[0.136s] Level 1:colcon.colcon_core.package_identification:_identify(Drivers/CMSIS/DSP/PrivateInclude) by extension 'cmake'
[0.136s] Level 1:colcon.colcon_core.package_identification:_identify(Drivers/CMSIS/DSP/PrivateInclude) by extension 'python'
[0.136s] Level 1:colcon.colcon_core.package_identification:_identify(Drivers/CMSIS/DSP/PrivateInclude) by extensions ['python_setup_py']
[0.136s] Level 1:colcon.colcon_core.package_identification:_identify(Drivers/CMSIS/DSP/PrivateInclude) by extension 'python_setup_py'
[0.136s] Level 1:colcon.colcon_core.package_identification:_identify(Drivers/CMSIS/DSP/Source) by extensions ['ignore', 'ignore_ament_install']
[0.136s] Level 1:colcon.colcon_core.package_identification:_identify(Drivers/CMSIS/DSP/Source) by extension 'ignore'
[0.136s] Level 1:colcon.colcon_core.package_identification:_identify(Drivers/CMSIS/DSP/Source) by extension 'ignore_ament_install'
[0.136s] Level 1:colcon.colcon_core.package_identification:_identify(Drivers/CMSIS/DSP/Source) by extensions ['colcon_pkg']
[0.136s] Level 1:colcon.colcon_core.package_identification:_identify(Drivers/CMSIS/DSP/Source) by extension 'colcon_pkg'
[0.136s] Level 1:colcon.colcon_core.package_identification:_identify(Drivers/CMSIS/DSP/Source) by extensions ['colcon_meta']
[0.136s] Level 1:colcon.colcon_core.package_identification:_identify(Drivers/CMSIS/DSP/Source) by extension 'colcon_meta'
[0.136s] Level 1:colcon.colcon_core.package_identification:_identify(Drivers/CMSIS/DSP/Source) by extensions ['ros']
[0.136s] Level 1:colcon.colcon_core.package_identification:_identify(Drivers/CMSIS/DSP/Source) by extension 'ros'
[0.136s] Level 1:colcon.colcon_core.package_identification:_identify(Drivers/CMSIS/DSP/Source) by extensions ['cmake', 'python']
[0.136s] Level 1:colcon.colcon_core.package_identification:_identify(Drivers/CMSIS/DSP/Source) by extension 'cmake'
[0.139s] Level 1:colcon.colcon_core.package_identification:_identify(Drivers/CMSIS/DSP/Source) by extension 'python'
[0.139s] DEBUG:colcon.colcon_core.package_identification:Package 'Drivers/CMSIS/DSP/Source' with type 'cmake' and name 'CMSISDSP'
[0.139s] Level 1:colcon.colcon_core.package_identification:_identify(Drivers/CMSIS/Device) by extensions ['ignore', 'ignore_ament_install']
[0.139s] Level 1:colcon.colcon_core.package_identification:_identify(Drivers/CMSIS/Device) by extension 'ignore'
[0.139s] Level 1:colcon.colcon_core.package_identification:_identify(Drivers/CMSIS/Device) by extension 'ignore_ament_install'
[0.139s] Level 1:colcon.colcon_core.package_identification:_identify(Drivers/CMSIS/Device) by extensions ['colcon_pkg']
[0.139s] Level 1:colcon.colcon_core.package_identification:_identify(Drivers/CMSIS/Device) by extension 'colcon_pkg'
[0.139s] Level 1:colcon.colcon_core.package_identification:_identify(Drivers/CMSIS/Device) by extensions ['colcon_meta']
[0.139s] Level 1:colcon.colcon_core.package_identification:_identify(Drivers/CMSIS/Device) by extension 'colcon_meta'
[0.139s] Level 1:colcon.colcon_core.package_identification:_identify(Drivers/CMSIS/Device) by extensions ['ros']
[0.139s] Level 1:colcon.colcon_core.package_identification:_identify(Drivers/CMSIS/Device) by extension 'ros'
[0.139s] Level 1:colcon.colcon_core.package_identification:_identify(Drivers/CMSIS/Device) by extensions ['cmake', 'python']
[0.139s] Level 1:colcon.colcon_core.package_identification:_identify(Drivers/CMSIS/Device) by extension 'cmake'
[0.139s] Level 1:colcon.colcon_core.package_identification:_identify(Drivers/CMSIS/Device) by extension 'python'
[0.139s] Level 1:colcon.colcon_core.package_identification:_identify(Drivers/CMSIS/Device) by extensions ['python_setup_py']
[0.139s] Level 1:colcon.colcon_core.package_identification:_identify(Drivers/CMSIS/Device) by extension 'python_setup_py'
[0.139s] Level 1:colcon.colcon_core.package_identification:_identify(Drivers/CMSIS/Device/ST) by extensions ['ignore', 'ignore_ament_install']
[0.139s] Level 1:colcon.colcon_core.package_identification:_identify(Drivers/CMSIS/Device/ST) by extension 'ignore'
[0.139s] Level 1:colcon.colcon_core.package_identification:_identify(Drivers/CMSIS/Device/ST) by extension 'ignore_ament_install'
[0.139s] Level 1:colcon.colcon_core.package_identification:_identify(Drivers/CMSIS/Device/ST) by extensions ['colcon_pkg']
[0.139s] Level 1:colcon.colcon_core.package_identification:_identify(Drivers/CMSIS/Device/ST) by extension 'colcon_pkg'
[0.139s] Level 1:colcon.colcon_core.package_identification:_identify(Drivers/CMSIS/Device/ST) by extensions ['colcon_meta']
[0.139s] Level 1:colcon.colcon_core.package_identification:_identify(Drivers/CMSIS/Device/ST) by extension 'colcon_meta'
[0.139s] Level 1:colcon.colcon_core.package_identification:_identify(Drivers/CMSIS/Device/ST) by extensions ['ros']
[0.139s] Level 1:colcon.colcon_core.package_identification:_identify(Drivers/CMSIS/Device/ST) by extension 'ros'
[0.139s] Level 1:colcon.colcon_core.package_identification:_identify(Drivers/CMSIS/Device/ST) by extensions ['cmake', 'python']
[0.139s] Level 1:colcon.colcon_core.package_identification:_identify(Drivers/CMSIS/Device/ST) by extension 'cmake'
[0.139s] Level 1:colcon.colcon_core.package_identification:_identify(Drivers/CMSIS/Device/ST) by extension 'python'
[0.139s] Level 1:colcon.colcon_core.package_identification:_identify(Drivers/CMSIS/Device/ST) by extensions ['python_setup_py']
[0.139s] Level 1:colcon.colcon_core.package_identification:_identify(Drivers/CMSIS/Device/ST) by extension 'python_setup_py'
[0.140s] Level 1:colcon.colcon_core.package_identification:_identify(Drivers/CMSIS/Device/ST/STM32F4xx) by extensions ['ignore', 'ignore_ament_install']
[0.140s] Level 1:colcon.colcon_core.package_identification:_identify(Drivers/CMSIS/Device/ST/STM32F4xx) by extension 'ignore'
[0.140s] Level 1:colcon.colcon_core.package_identification:_identify(Drivers/CMSIS/Device/ST/STM32F4xx) by extension 'ignore_ament_install'
[0.140s] Level 1:colcon.colcon_core.package_identification:_identify(Drivers/CMSIS/Device/ST/STM32F4xx) by extensions ['colcon_pkg']
[0.140s] Level 1:colcon.colcon_core.package_identification:_identify(Drivers/CMSIS/Device/ST/STM32F4xx) by extension 'colcon_pkg'
[0.140s] Level 1:colcon.colcon_core.package_identification:_identify(Drivers/CMSIS/Device/ST/STM32F4xx) by extensions ['colcon_meta']
[0.140s] Level 1:colcon.colcon_core.package_identification:_identify(Drivers/CMSIS/Device/ST/STM32F4xx) by extension 'colcon_meta'
[0.140s] Level 1:colcon.colcon_core.package_identification:_identify(Drivers/CMSIS/Device/ST/STM32F4xx) by extensions ['ros']
[0.140s] Level 1:colcon.colcon_core.package_identification:_identify(Drivers/CMSIS/Device/ST/STM32F4xx) by extension 'ros'
[0.140s] Level 1:colcon.colcon_core.package_identification:_identify(Drivers/CMSIS/Device/ST/STM32F4xx) by extensions ['cmake', 'python']
[0.140s] Level 1:colcon.colcon_core.package_identification:_identify(Drivers/CMSIS/Device/ST/STM32F4xx) by extension 'cmake'
[0.140s] Level 1:colcon.colcon_core.package_identification:_identify(Drivers/CMSIS/Device/ST/STM32F4xx) by extension 'python'
[0.140s] Level 1:colcon.colcon_core.package_identification:_identify(Drivers/CMSIS/Device/ST/STM32F4xx) by extensions ['python_setup_py']
[0.140s] Level 1:colcon.colcon_core.package_identification:_identify(Drivers/CMSIS/Device/ST/STM32F4xx) by extension 'python_setup_py'
[0.140s] Level 1:colcon.colcon_core.package_identification:_identify(Drivers/CMSIS/Device/ST/STM32F4xx/Include) by extensions ['ignore', 'ignore_ament_install']
[0.140s] Level 1:colcon.colcon_core.package_identification:_identify(Drivers/CMSIS/Device/ST/STM32F4xx/Include) by extension 'ignore'
[0.140s] Level 1:colcon.colcon_core.package_identification:_identify(Drivers/CMSIS/Device/ST/STM32F4xx/Include) by extension 'ignore_ament_install'
[0.140s] Level 1:colcon.colcon_core.package_identification:_identify(Drivers/CMSIS/Device/ST/STM32F4xx/Include) by extensions ['colcon_pkg']
[0.140s] Level 1:colcon.colcon_core.package_identification:_identify(Drivers/CMSIS/Device/ST/STM32F4xx/Include) by extension 'colcon_pkg'
[0.140s] Level 1:colcon.colcon_core.package_identification:_identify(Drivers/CMSIS/Device/ST/STM32F4xx/Include) by extensions ['colcon_meta']
[0.140s] Level 1:colcon.colcon_core.package_identification:_identify(Drivers/CMSIS/Device/ST/STM32F4xx/Include) by extension 'colcon_meta'
[0.140s] Level 1:colcon.colcon_core.package_identification:_identify(Drivers/CMSIS/Device/ST/STM32F4xx/Include) by extensions ['ros']
[0.140s] Level 1:colcon.colcon_core.package_identification:_identify(Drivers/CMSIS/Device/ST/STM32F4xx/Include) by extension 'ros'
[0.140s] Level 1:colcon.colcon_core.package_identification:_identify(Drivers/CMSIS/Device/ST/STM32F4xx/Include) by extensions ['cmake', 'python']
[0.140s] Level 1:colcon.colcon_core.package_identification:_identify(Drivers/CMSIS/Device/ST/STM32F4xx/Include) by extension 'cmake'
[0.140s] Level 1:colcon.colcon_core.package_identification:_identify(Drivers/CMSIS/Device/ST/STM32F4xx/Include) by extension 'python'
[0.140s] Level 1:colcon.colcon_core.package_identification:_identify(Drivers/CMSIS/Device/ST/STM32F4xx/Include) by extensions ['python_setup_py']
[0.140s] Level 1:colcon.colcon_core.package_identification:_identify(Drivers/CMSIS/Device/ST/STM32F4xx/Include) by extension 'python_setup_py'
[0.140s] Level 1:colcon.colcon_core.package_identification:_identify(Drivers/CMSIS/Device/ST/STM32F4xx/Source) by extensions ['ignore', 'ignore_ament_install']
[0.140s] Level 1:colcon.colcon_core.package_identification:_identify(Drivers/CMSIS/Device/ST/STM32F4xx/Source) by extension 'ignore'
[0.140s] Level 1:colcon.colcon_core.package_identification:_identify(Drivers/CMSIS/Device/ST/STM32F4xx/Source) by extension 'ignore_ament_install'
[0.140s] Level 1:colcon.colcon_core.package_identification:_identify(Drivers/CMSIS/Device/ST/STM32F4xx/Source) by extensions ['colcon_pkg']
[0.140s] Level 1:colcon.colcon_core.package_identification:_identify(Drivers/CMSIS/Device/ST/STM32F4xx/Source) by extension 'colcon_pkg'
[0.140s] Level 1:colcon.colcon_core.package_identification:_identify(Drivers/CMSIS/Device/ST/STM32F4xx/Source) by extensions ['colcon_meta']
[0.140s] Level 1:colcon.colcon_core.package_identification:_identify(Drivers/CMSIS/Device/ST/STM32F4xx/Source) by extension 'colcon_meta'
[0.140s] Level 1:colcon.colcon_core.package_identification:_identify(Drivers/CMSIS/Device/ST/STM32F4xx/Source) by extensions ['ros']
[0.140s] Level 1:colcon.colcon_core.package_identification:_identify(Drivers/CMSIS/Device/ST/STM32F4xx/Source) by extension 'ros'
[0.140s] Level 1:colcon.colcon_core.package_identification:_identify(Drivers/CMSIS/Device/ST/STM32F4xx/Source) by extensions ['cmake', 'python']
[0.140s] Level 1:colcon.colcon_core.package_identification:_identify(Drivers/CMSIS/Device/ST/STM32F4xx/Source) by extension 'cmake'
[0.140s] Level 1:colcon.colcon_core.package_identification:_identify(Drivers/CMSIS/Device/ST/STM32F4xx/Source) by extension 'python'
[0.140s] Level 1:colcon.colcon_core.package_identification:_identify(Drivers/CMSIS/Device/ST/STM32F4xx/Source) by extensions ['python_setup_py']
[0.140s] Level 1:colcon.colcon_core.package_identification:_identify(Drivers/CMSIS/Device/ST/STM32F4xx/Source) by extension 'python_setup_py'
[0.141s] Level 1:colcon.colcon_core.package_identification:_identify(Drivers/CMSIS/Device/ST/STM32F4xx/Source/Templates) by extensions ['ignore', 'ignore_ament_install']
[0.141s] Level 1:colcon.colcon_core.package_identification:_identify(Drivers/CMSIS/Device/ST/STM32F4xx/Source/Templates) by extension 'ignore'
[0.141s] Level 1:colcon.colcon_core.package_identification:_identify(Drivers/CMSIS/Device/ST/STM32F4xx/Source/Templates) by extension 'ignore_ament_install'
[0.141s] Level 1:colcon.colcon_core.package_identification:_identify(Drivers/CMSIS/Device/ST/STM32F4xx/Source/Templates) by extensions ['colcon_pkg']
[0.141s] Level 1:colcon.colcon_core.package_identification:_identify(Drivers/CMSIS/Device/ST/STM32F4xx/Source/Templates) by extension 'colcon_pkg'
[0.141s] Level 1:colcon.colcon_core.package_identification:_identify(Drivers/CMSIS/Device/ST/STM32F4xx/Source/Templates) by extensions ['colcon_meta']
[0.141s] Level 1:colcon.colcon_core.package_identification:_identify(Drivers/CMSIS/Device/ST/STM32F4xx/Source/Templates) by extension 'colcon_meta'
[0.141s] Level 1:colcon.colcon_core.package_identification:_identify(Drivers/CMSIS/Device/ST/STM32F4xx/Source/Templates) by extensions ['ros']
[0.141s] Level 1:colcon.colcon_core.package_identification:_identify(Drivers/CMSIS/Device/ST/STM32F4xx/Source/Templates) by extension 'ros'
[0.141s] Level 1:colcon.colcon_core.package_identification:_identify(Drivers/CMSIS/Device/ST/STM32F4xx/Source/Templates) by extensions ['cmake', 'python']
[0.141s] Level 1:colcon.colcon_core.package_identification:_identify(Drivers/CMSIS/Device/ST/STM32F4xx/Source/Templates) by extension 'cmake'
[0.141s] Level 1:colcon.colcon_core.package_identification:_identify(Drivers/CMSIS/Device/ST/STM32F4xx/Source/Templates) by extension 'python'
[0.141s] Level 1:colcon.colcon_core.package_identification:_identify(Drivers/CMSIS/Device/ST/STM32F4xx/Source/Templates) by extensions ['python_setup_py']
[0.141s] Level 1:colcon.colcon_core.package_identification:_identify(Drivers/CMSIS/Device/ST/STM32F4xx/Source/Templates) by extension 'python_setup_py'
[0.141s] Level 1:colcon.colcon_core.package_identification:_identify(Drivers/CMSIS/Device/ST/STM32F4xx/Source/Templates/arm) by extensions ['ignore', 'ignore_ament_install']
[0.141s] Level 1:colcon.colcon_core.package_identification:_identify(Drivers/CMSIS/Device/ST/STM32F4xx/Source/Templates/arm) by extension 'ignore'
[0.141s] Level 1:colcon.colcon_core.package_identification:_identify(Drivers/CMSIS/Device/ST/STM32F4xx/Source/Templates/arm) by extension 'ignore_ament_install'
[0.141s] Level 1:colcon.colcon_core.package_identification:_identify(Drivers/CMSIS/Device/ST/STM32F4xx/Source/Templates/arm) by extensions ['colcon_pkg']
[0.141s] Level 1:colcon.colcon_core.package_identification:_identify(Drivers/CMSIS/Device/ST/STM32F4xx/Source/Templates/arm) by extension 'colcon_pkg'
[0.141s] Level 1:colcon.colcon_core.package_identification:_identify(Drivers/CMSIS/Device/ST/STM32F4xx/Source/Templates/arm) by extensions ['colcon_meta']
[0.141s] Level 1:colcon.colcon_core.package_identification:_identify(Drivers/CMSIS/Device/ST/STM32F4xx/Source/Templates/arm) by extension 'colcon_meta'
[0.141s] Level 1:colcon.colcon_core.package_identification:_identify(Drivers/CMSIS/Device/ST/STM32F4xx/Source/Templates/arm) by extensions ['ros']
[0.141s] Level 1:colcon.colcon_core.package_identification:_identify(Drivers/CMSIS/Device/ST/STM32F4xx/Source/Templates/arm) by extension 'ros'
[0.141s] Level 1:colcon.colcon_core.package_identification:_identify(Drivers/CMSIS/Device/ST/STM32F4xx/Source/Templates/arm) by extensions ['cmake', 'python']
[0.141s] Level 1:colcon.colcon_core.package_identification:_identify(Drivers/CMSIS/Device/ST/STM32F4xx/Source/Templates/arm) by extension 'cmake'
[0.141s] Level 1:colcon.colcon_core.package_identification:_identify(Drivers/CMSIS/Device/ST/STM32F4xx/Source/Templates/arm) by extension 'python'
[0.141s] Level 1:colcon.colcon_core.package_identification:_identify(Drivers/CMSIS/Device/ST/STM32F4xx/Source/Templates/arm) by extensions ['python_setup_py']
[0.141s] Level 1:colcon.colcon_core.package_identification:_identify(Drivers/CMSIS/Device/ST/STM32F4xx/Source/Templates/arm) by extension 'python_setup_py'
[0.141s] Level 1:colcon.colcon_core.package_identification:_identify(Drivers/CMSIS/Device/ST/STM32F4xx/Source/Templates/gcc) by extensions ['ignore', 'ignore_ament_install']
[0.141s] Level 1:colcon.colcon_core.package_identification:_identify(Drivers/CMSIS/Device/ST/STM32F4xx/Source/Templates/gcc) by extension 'ignore'
[0.141s] Level 1:colcon.colcon_core.package_identification:_identify(Drivers/CMSIS/Device/ST/STM32F4xx/Source/Templates/gcc) by extension 'ignore_ament_install'
[0.141s] Level 1:colcon.colcon_core.package_identification:_identify(Drivers/CMSIS/Device/ST/STM32F4xx/Source/Templates/gcc) by extensions ['colcon_pkg']
[0.141s] Level 1:colcon.colcon_core.package_identification:_identify(Drivers/CMSIS/Device/ST/STM32F4xx/Source/Templates/gcc) by extension 'colcon_pkg'
[0.141s] Level 1:colcon.colcon_core.package_identification:_identify(Drivers/CMSIS/Device/ST/STM32F4xx/Source/Templates/gcc) by extensions ['colcon_meta']
[0.141s] Level 1:colcon.colcon_core.package_identification:_identify(Drivers/CMSIS/Device/ST/STM32F4xx/Source/Templates/gcc) by extension 'colcon_meta'
[0.141s] Level 1:colcon.colcon_core.package_identification:_identify(Drivers/CMSIS/Device/ST/STM32F4xx/Source/Templates/gcc) by extensions ['ros']
[0.141s] Level 1:colcon.colcon_core.package_identification:_identify(Drivers/CMSIS/Device/ST/STM32F4xx/Source/Templates/gcc) by extension 'ros'
[0.141s] Level 1:colcon.colcon_core.package_identification:_identify(Drivers/CMSIS/Device/ST/STM32F4xx/Source/Templates/gcc) by extensions ['cmake', 'python']
[0.141s] Level 1:colcon.colcon_core.package_identification:_identify(Drivers/CMSIS/Device/ST/STM32F4xx/Source/Templates/gcc) by extension 'cmake'
[0.141s] Level 1:colcon.colcon_core.package_identification:_identify(Drivers/CMSIS/Device/ST/STM32F4xx/Source/Templates/gcc) by extension 'python'
[0.141s] Level 1:colcon.colcon_core.package_identification:_identify(Drivers/CMSIS/Device/ST/STM32F4xx/Source/Templates/gcc) by extensions ['python_setup_py']
[0.141s] Level 1:colcon.colcon_core.package_identification:_identify(Drivers/CMSIS/Device/ST/STM32F4xx/Source/Templates/gcc) by extension 'python_setup_py'
[0.142s] Level 1:colcon.colcon_core.package_identification:_identify(Drivers/CMSIS/Device/ST/STM32F4xx/Source/Templates/iar) by extensions ['ignore', 'ignore_ament_install']
[0.142s] Level 1:colcon.colcon_core.package_identification:_identify(Drivers/CMSIS/Device/ST/STM32F4xx/Source/Templates/iar) by extension 'ignore'
[0.142s] Level 1:colcon.colcon_core.package_identification:_identify(Drivers/CMSIS/Device/ST/STM32F4xx/Source/Templates/iar) by extension 'ignore_ament_install'
[0.142s] Level 1:colcon.colcon_core.package_identification:_identify(Drivers/CMSIS/Device/ST/STM32F4xx/Source/Templates/iar) by extensions ['colcon_pkg']
[0.142s] Level 1:colcon.colcon_core.package_identification:_identify(Drivers/CMSIS/Device/ST/STM32F4xx/Source/Templates/iar) by extension 'colcon_pkg'
[0.142s] Level 1:colcon.colcon_core.package_identification:_identify(Drivers/CMSIS/Device/ST/STM32F4xx/Source/Templates/iar) by extensions ['colcon_meta']
[0.142s] Level 1:colcon.colcon_core.package_identification:_identify(Drivers/CMSIS/Device/ST/STM32F4xx/Source/Templates/iar) by extension 'colcon_meta'
[0.142s] Level 1:colcon.colcon_core.package_identification:_identify(Drivers/CMSIS/Device/ST/STM32F4xx/Source/Templates/iar) by extensions ['ros']
[0.142s] Level 1:colcon.colcon_core.package_identification:_identify(Drivers/CMSIS/Device/ST/STM32F4xx/Source/Templates/iar) by extension 'ros'
[0.142s] Level 1:colcon.colcon_core.package_identification:_identify(Drivers/CMSIS/Device/ST/STM32F4xx/Source/Templates/iar) by extensions ['cmake', 'python']
[0.142s] Level 1:colcon.colcon_core.package_identification:_identify(Drivers/CMSIS/Device/ST/STM32F4xx/Source/Templates/iar) by extension 'cmake'
[0.142s] Level 1:colcon.colcon_core.package_identification:_identify(Drivers/CMSIS/Device/ST/STM32F4xx/Source/Templates/iar) by extension 'python'
[0.142s] Level 1:colcon.colcon_core.package_identification:_identify(Drivers/CMSIS/Device/ST/STM32F4xx/Source/Templates/iar) by extensions ['python_setup_py']
[0.142s] Level 1:colcon.colcon_core.package_identification:_identify(Drivers/CMSIS/Device/ST/STM32F4xx/Source/Templates/iar) by extension 'python_setup_py'
[0.142s] Level 1:colcon.colcon_core.package_identification:_identify(Drivers/CMSIS/Device/ST/STM32F4xx/Source/Templates/iar/linker) by extensions ['ignore', 'ignore_ament_install']
[0.142s] Level 1:colcon.colcon_core.package_identification:_identify(Drivers/CMSIS/Device/ST/STM32F4xx/Source/Templates/iar/linker) by extension 'ignore'
[0.142s] Level 1:colcon.colcon_core.package_identification:_identify(Drivers/CMSIS/Device/ST/STM32F4xx/Source/Templates/iar/linker) by extension 'ignore_ament_install'
[0.142s] Level 1:colcon.colcon_core.package_identification:_identify(Drivers/CMSIS/Device/ST/STM32F4xx/Source/Templates/iar/linker) by extensions ['colcon_pkg']
[0.142s] Level 1:colcon.colcon_core.package_identification:_identify(Drivers/CMSIS/Device/ST/STM32F4xx/Source/Templates/iar/linker) by extension 'colcon_pkg'
[0.142s] Level 1:colcon.colcon_core.package_identification:_identify(Drivers/CMSIS/Device/ST/STM32F4xx/Source/Templates/iar/linker) by extensions ['colcon_meta']
[0.142s] Level 1:colcon.colcon_core.package_identification:_identify(Drivers/CMSIS/Device/ST/STM32F4xx/Source/Templates/iar/linker) by extension 'colcon_meta'
[0.142s] Level 1:colcon.colcon_core.package_identification:_identify(Drivers/CMSIS/Device/ST/STM32F4xx/Source/Templates/iar/linker) by extensions ['ros']
[0.142s] Level 1:colcon.colcon_core.package_identification:_identify(Drivers/CMSIS/Device/ST/STM32F4xx/Source/Templates/iar/linker) by extension 'ros'
[0.142s] Level 1:colcon.colcon_core.package_identification:_identify(Drivers/CMSIS/Device/ST/STM32F4xx/Source/Templates/iar/linker) by extensions ['cmake', 'python']
[0.142s] Level 1:colcon.colcon_core.package_identification:_identify(Drivers/CMSIS/Device/ST/STM32F4xx/Source/Templates/iar/linker) by extension 'cmake'
[0.142s] Level 1:colcon.colcon_core.package_identification:_identify(Drivers/CMSIS/Device/ST/STM32F4xx/Source/Templates/iar/linker) by extension 'python'
[0.142s] Level 1:colcon.colcon_core.package_identification:_identify(Drivers/CMSIS/Device/ST/STM32F4xx/Source/Templates/iar/linker) by extensions ['python_setup_py']
[0.142s] Level 1:colcon.colcon_core.package_identification:_identify(Drivers/CMSIS/Device/ST/STM32F4xx/Source/Templates/iar/linker) by extension 'python_setup_py'
[0.142s] Level 1:colcon.colcon_core.package_identification:_identify(Drivers/CMSIS/Documentation) by extensions ['ignore', 'ignore_ament_install']
[0.142s] Level 1:colcon.colcon_core.package_identification:_identify(Drivers/CMSIS/Documentation) by extension 'ignore'
[0.142s] Level 1:colcon.colcon_core.package_identification:_identify(Drivers/CMSIS/Documentation) by extension 'ignore_ament_install'
[0.142s] Level 1:colcon.colcon_core.package_identification:_identify(Drivers/CMSIS/Documentation) by extensions ['colcon_pkg']
[0.142s] Level 1:colcon.colcon_core.package_identification:_identify(Drivers/CMSIS/Documentation) by extension 'colcon_pkg'
[0.142s] Level 1:colcon.colcon_core.package_identification:_identify(Drivers/CMSIS/Documentation) by extensions ['colcon_meta']
[0.142s] Level 1:colcon.colcon_core.package_identification:_identify(Drivers/CMSIS/Documentation) by extension 'colcon_meta'
[0.142s] Level 1:colcon.colcon_core.package_identification:_identify(Drivers/CMSIS/Documentation) by extensions ['ros']
[0.142s] Level 1:colcon.colcon_core.package_identification:_identify(Drivers/CMSIS/Documentation) by extension 'ros'
[0.142s] Level 1:colcon.colcon_core.package_identification:_identify(Drivers/CMSIS/Documentation) by extensions ['cmake', 'python']
[0.142s] Level 1:colcon.colcon_core.package_identification:_identify(Drivers/CMSIS/Documentation) by extension 'cmake'
[0.142s] Level 1:colcon.colcon_core.package_identification:_identify(Drivers/CMSIS/Documentation) by extension 'python'
[0.142s] Level 1:colcon.colcon_core.package_identification:_identify(Drivers/CMSIS/Documentation) by extensions ['python_setup_py']
[0.142s] Level 1:colcon.colcon_core.package_identification:_identify(Drivers/CMSIS/Documentation) by extension 'python_setup_py'
[0.142s] Level 1:colcon.colcon_core.package_identification:_identify(Drivers/CMSIS/Documentation/General) by extensions ['ignore', 'ignore_ament_install']
[0.142s] Level 1:colcon.colcon_core.package_identification:_identify(Drivers/CMSIS/Documentation/General) by extension 'ignore'
[0.143s] Level 1:colcon.colcon_core.package_identification:_identify(Drivers/CMSIS/Documentation/General) by extension 'ignore_ament_install'
[0.143s] Level 1:colcon.colcon_core.package_identification:_identify(Drivers/CMSIS/Documentation/General) by extensions ['colcon_pkg']
[0.143s] Level 1:colcon.colcon_core.package_identification:_identify(Drivers/CMSIS/Documentation/General) by extension 'colcon_pkg'
[0.143s] Level 1:colcon.colcon_core.package_identification:_identify(Drivers/CMSIS/Documentation/General) by extensions ['colcon_meta']
[0.143s] Level 1:colcon.colcon_core.package_identification:_identify(Drivers/CMSIS/Documentation/General) by extension 'colcon_meta'
[0.143s] Level 1:colcon.colcon_core.package_identification:_identify(Drivers/CMSIS/Documentation/General) by extensions ['ros']
[0.143s] Level 1:colcon.colcon_core.package_identification:_identify(Drivers/CMSIS/Documentation/General) by extension 'ros'
[0.143s] Level 1:colcon.colcon_core.package_identification:_identify(Drivers/CMSIS/Documentation/General) by extensions ['cmake', 'python']
[0.143s] Level 1:colcon.colcon_core.package_identification:_identify(Drivers/CMSIS/Documentation/General) by extension 'cmake'
[0.143s] Level 1:colcon.colcon_core.package_identification:_identify(Drivers/CMSIS/Documentation/General) by extension 'python'
[0.143s] Level 1:colcon.colcon_core.package_identification:_identify(Drivers/CMSIS/Documentation/General) by extensions ['python_setup_py']
[0.143s] Level 1:colcon.colcon_core.package_identification:_identify(Drivers/CMSIS/Documentation/General) by extension 'python_setup_py'
[0.143s] Level 1:colcon.colcon_core.package_identification:_identify(Drivers/CMSIS/Documentation/General/html) by extensions ['ignore', 'ignore_ament_install']
[0.143s] Level 1:colcon.colcon_core.package_identification:_identify(Drivers/CMSIS/Documentation/General/html) by extension 'ignore'
[0.143s] Level 1:colcon.colcon_core.package_identification:_identify(Drivers/CMSIS/Documentation/General/html) by extension 'ignore_ament_install'
[0.143s] Level 1:colcon.colcon_core.package_identification:_identify(Drivers/CMSIS/Documentation/General/html) by extensions ['colcon_pkg']
[0.143s] Level 1:colcon.colcon_core.package_identification:_identify(Drivers/CMSIS/Documentation/General/html) by extension 'colcon_pkg'
[0.143s] Level 1:colcon.colcon_core.package_identification:_identify(Drivers/CMSIS/Documentation/General/html) by extensions ['colcon_meta']
[0.143s] Level 1:colcon.colcon_core.package_identification:_identify(Drivers/CMSIS/Documentation/General/html) by extension 'colcon_meta'
[0.143s] Level 1:colcon.colcon_core.package_identification:_identify(Drivers/CMSIS/Documentation/General/html) by extensions ['ros']
[0.143s] Level 1:colcon.colcon_core.package_identification:_identify(Drivers/CMSIS/Documentation/General/html) by extension 'ros'
[0.143s] Level 1:colcon.colcon_core.package_identification:_identify(Drivers/CMSIS/Documentation/General/html) by extensions ['cmake', 'python']
[0.143s] Level 1:colcon.colcon_core.package_identification:_identify(Drivers/CMSIS/Documentation/General/html) by extension 'cmake'
[0.143s] Level 1:colcon.colcon_core.package_identification:_identify(Drivers/CMSIS/Documentation/General/html) by extension 'python'
[0.143s] Level 1:colcon.colcon_core.package_identification:_identify(Drivers/CMSIS/Documentation/General/html) by extensions ['python_setup_py']
[0.143s] Level 1:colcon.colcon_core.package_identification:_identify(Drivers/CMSIS/Documentation/General/html) by extension 'python_setup_py'
[0.143s] Level 1:colcon.colcon_core.package_identification:_identify(Drivers/CMSIS/Include) by extensions ['ignore', 'ignore_ament_install']
[0.143s] Level 1:colcon.colcon_core.package_identification:_identify(Drivers/CMSIS/Include) by extension 'ignore'
[0.143s] Level 1:colcon.colcon_core.package_identification:_identify(Drivers/CMSIS/Include) by extension 'ignore_ament_install'
[0.143s] Level 1:colcon.colcon_core.package_identification:_identify(Drivers/CMSIS/Include) by extensions ['colcon_pkg']
[0.143s] Level 1:colcon.colcon_core.package_identification:_identify(Drivers/CMSIS/Include) by extension 'colcon_pkg'
[0.143s] Level 1:colcon.colcon_core.package_identification:_identify(Drivers/CMSIS/Include) by extensions ['colcon_meta']
[0.143s] Level 1:colcon.colcon_core.package_identification:_identify(Drivers/CMSIS/Include) by extension 'colcon_meta'
[0.143s] Level 1:colcon.colcon_core.package_identification:_identify(Drivers/CMSIS/Include) by extensions ['ros']
[0.143s] Level 1:colcon.colcon_core.package_identification:_identify(Drivers/CMSIS/Include) by extension 'ros'
[0.143s] Level 1:colcon.colcon_core.package_identification:_identify(Drivers/CMSIS/Include) by extensions ['cmake', 'python']
[0.143s] Level 1:colcon.colcon_core.package_identification:_identify(Drivers/CMSIS/Include) by extension 'cmake'
[0.143s] Level 1:colcon.colcon_core.package_identification:_identify(Drivers/CMSIS/Include) by extension 'python'
[0.143s] Level 1:colcon.colcon_core.package_identification:_identify(Drivers/CMSIS/Include) by extensions ['python_setup_py']
[0.143s] Level 1:colcon.colcon_core.package_identification:_identify(Drivers/CMSIS/Include) by extension 'python_setup_py'
[0.143s] Level 1:colcon.colcon_core.package_identification:_identify(Drivers/CMSIS/NN) by extensions ['ignore', 'ignore_ament_install']
[0.143s] Level 1:colcon.colcon_core.package_identification:_identify(Drivers/CMSIS/NN) by extension 'ignore'
[0.143s] Level 1:colcon.colcon_core.package_identification:_identify(Drivers/CMSIS/NN) by extension 'ignore_ament_install'
[0.143s] Level 1:colcon.colcon_core.package_identification:_identify(Drivers/CMSIS/NN) by extensions ['colcon_pkg']
[0.143s] Level 1:colcon.colcon_core.package_identification:_identify(Drivers/CMSIS/NN) by extension 'colcon_pkg'
[0.143s] Level 1:colcon.colcon_core.package_identification:_identify(Drivers/CMSIS/NN) by extensions ['colcon_meta']
[0.143s] Level 1:colcon.colcon_core.package_identification:_identify(Drivers/CMSIS/NN) by extension 'colcon_meta'
[0.143s] Level 1:colcon.colcon_core.package_identification:_identify(Drivers/CMSIS/NN) by extensions ['ros']
[0.143s] Level 1:colcon.colcon_core.package_identification:_identify(Drivers/CMSIS/NN) by extension 'ros'
[0.144s] Level 1:colcon.colcon_core.package_identification:_identify(Drivers/CMSIS/NN) by extensions ['cmake', 'python']
[0.144s] Level 1:colcon.colcon_core.package_identification:_identify(Drivers/CMSIS/NN) by extension 'cmake'
[0.145s] Level 1:colcon.colcon_core.package_identification:_identify(Drivers/CMSIS/NN) by extension 'python'
[0.145s] DEBUG:colcon.colcon_core.package_identification:Package 'Drivers/CMSIS/NN' with type 'cmake' and name 'CMSISNN'
[0.145s] Level 1:colcon.colcon_core.package_identification:_identify(Drivers/CMSIS/RTOS) by extensions ['ignore', 'ignore_ament_install']
[0.145s] Level 1:colcon.colcon_core.package_identification:_identify(Drivers/CMSIS/RTOS) by extension 'ignore'
[0.145s] Level 1:colcon.colcon_core.package_identification:_identify(Drivers/CMSIS/RTOS) by extension 'ignore_ament_install'
[0.145s] Level 1:colcon.colcon_core.package_identification:_identify(Drivers/CMSIS/RTOS) by extensions ['colcon_pkg']
[0.145s] Level 1:colcon.colcon_core.package_identification:_identify(Drivers/CMSIS/RTOS) by extension 'colcon_pkg'
[0.145s] Level 1:colcon.colcon_core.package_identification:_identify(Drivers/CMSIS/RTOS) by extensions ['colcon_meta']
[0.145s] Level 1:colcon.colcon_core.package_identification:_identify(Drivers/CMSIS/RTOS) by extension 'colcon_meta'
[0.145s] Level 1:colcon.colcon_core.package_identification:_identify(Drivers/CMSIS/RTOS) by extensions ['ros']
[0.145s] Level 1:colcon.colcon_core.package_identification:_identify(Drivers/CMSIS/RTOS) by extension 'ros'
[0.145s] Level 1:colcon.colcon_core.package_identification:_identify(Drivers/CMSIS/RTOS) by extensions ['cmake', 'python']
[0.145s] Level 1:colcon.colcon_core.package_identification:_identify(Drivers/CMSIS/RTOS) by extension 'cmake'
[0.145s] Level 1:colcon.colcon_core.package_identification:_identify(Drivers/CMSIS/RTOS) by extension 'python'
[0.145s] Level 1:colcon.colcon_core.package_identification:_identify(Drivers/CMSIS/RTOS) by extensions ['python_setup_py']
[0.145s] Level 1:colcon.colcon_core.package_identification:_identify(Drivers/CMSIS/RTOS) by extension 'python_setup_py'
[0.145s] Level 1:colcon.colcon_core.package_identification:_identify(Drivers/CMSIS/RTOS/Template) by extensions ['ignore', 'ignore_ament_install']
[0.145s] Level 1:colcon.colcon_core.package_identification:_identify(Drivers/CMSIS/RTOS/Template) by extension 'ignore'
[0.145s] Level 1:colcon.colcon_core.package_identification:_identify(Drivers/CMSIS/RTOS/Template) by extension 'ignore_ament_install'
[0.145s] Level 1:colcon.colcon_core.package_identification:_identify(Drivers/CMSIS/RTOS/Template) by extensions ['colcon_pkg']
[0.145s] Level 1:colcon.colcon_core.package_identification:_identify(Drivers/CMSIS/RTOS/Template) by extension 'colcon_pkg'
[0.145s] Level 1:colcon.colcon_core.package_identification:_identify(Drivers/CMSIS/RTOS/Template) by extensions ['colcon_meta']
[0.145s] Level 1:colcon.colcon_core.package_identification:_identify(Drivers/CMSIS/RTOS/Template) by extension 'colcon_meta'
[0.145s] Level 1:colcon.colcon_core.package_identification:_identify(Drivers/CMSIS/RTOS/Template) by extensions ['ros']
[0.145s] Level 1:colcon.colcon_core.package_identification:_identify(Drivers/CMSIS/RTOS/Template) by extension 'ros'
[0.145s] Level 1:colcon.colcon_core.package_identification:_identify(Drivers/CMSIS/RTOS/Template) by extensions ['cmake', 'python']
[0.145s] Level 1:colcon.colcon_core.package_identification:_identify(Drivers/CMSIS/RTOS/Template) by extension 'cmake'
[0.145s] Level 1:colcon.colcon_core.package_identification:_identify(Drivers/CMSIS/RTOS/Template) by extension 'python'
[0.145s] Level 1:colcon.colcon_core.package_identification:_identify(Drivers/CMSIS/RTOS/Template) by extensions ['python_setup_py']
[0.145s] Level 1:colcon.colcon_core.package_identification:_identify(Drivers/CMSIS/RTOS/Template) by extension 'python_setup_py'
[0.145s] Level 1:colcon.colcon_core.package_identification:_identify(Drivers/CMSIS/RTOS2) by extensions ['ignore', 'ignore_ament_install']
[0.145s] Level 1:colcon.colcon_core.package_identification:_identify(Drivers/CMSIS/RTOS2) by extension 'ignore'
[0.145s] Level 1:colcon.colcon_core.package_identification:_identify(Drivers/CMSIS/RTOS2) by extension 'ignore_ament_install'
[0.145s] Level 1:colcon.colcon_core.package_identification:_identify(Drivers/CMSIS/RTOS2) by extensions ['colcon_pkg']
[0.145s] Level 1:colcon.colcon_core.package_identification:_identify(Drivers/CMSIS/RTOS2) by extension 'colcon_pkg'
[0.145s] Level 1:colcon.colcon_core.package_identification:_identify(Drivers/CMSIS/RTOS2) by extensions ['colcon_meta']
[0.145s] Level 1:colcon.colcon_core.package_identification:_identify(Drivers/CMSIS/RTOS2) by extension 'colcon_meta'
[0.145s] Level 1:colcon.colcon_core.package_identification:_identify(Drivers/CMSIS/RTOS2) by extensions ['ros']
[0.145s] Level 1:colcon.colcon_core.package_identification:_identify(Drivers/CMSIS/RTOS2) by extension 'ros'
[0.146s] Level 1:colcon.colcon_core.package_identification:_identify(Drivers/CMSIS/RTOS2) by extensions ['cmake', 'python']
[0.146s] Level 1:colcon.colcon_core.package_identification:_identify(Drivers/CMSIS/RTOS2) by extension 'cmake'
[0.146s] Level 1:colcon.colcon_core.package_identification:_identify(Drivers/CMSIS/RTOS2) by extension 'python'
[0.146s] Level 1:colcon.colcon_core.package_identification:_identify(Drivers/CMSIS/RTOS2) by extensions ['python_setup_py']
[0.146s] Level 1:colcon.colcon_core.package_identification:_identify(Drivers/CMSIS/RTOS2) by extension 'python_setup_py'
[0.146s] Level 1:colcon.colcon_core.package_identification:_identify(Drivers/CMSIS/RTOS2/Include) by extensions ['ignore', 'ignore_ament_install']
[0.146s] Level 1:colcon.colcon_core.package_identification:_identify(Drivers/CMSIS/RTOS2/Include) by extension 'ignore'
[0.146s] Level 1:colcon.colcon_core.package_identification:_identify(Drivers/CMSIS/RTOS2/Include) by extension 'ignore_ament_install'
[0.146s] Level 1:colcon.colcon_core.package_identification:_identify(Drivers/CMSIS/RTOS2/Include) by extensions ['colcon_pkg']
[0.146s] Level 1:colcon.colcon_core.package_identification:_identify(Drivers/CMSIS/RTOS2/Include) by extension 'colcon_pkg'
[0.146s] Level 1:colcon.colcon_core.package_identification:_identify(Drivers/CMSIS/RTOS2/Include) by extensions ['colcon_meta']
[0.146s] Level 1:colcon.colcon_core.package_identification:_identify(Drivers/CMSIS/RTOS2/Include) by extension 'colcon_meta'
[0.146s] Level 1:colcon.colcon_core.package_identification:_identify(Drivers/CMSIS/RTOS2/Include) by extensions ['ros']
[0.146s] Level 1:colcon.colcon_core.package_identification:_identify(Drivers/CMSIS/RTOS2/Include) by extension 'ros'
[0.146s] Level 1:colcon.colcon_core.package_identification:_identify(Drivers/CMSIS/RTOS2/Include) by extensions ['cmake', 'python']
[0.146s] Level 1:colcon.colcon_core.package_identification:_identify(Drivers/CMSIS/RTOS2/Include) by extension 'cmake'
[0.146s] Level 1:colcon.colcon_core.package_identification:_identify(Drivers/CMSIS/RTOS2/Include) by extension 'python'
[0.146s] Level 1:colcon.colcon_core.package_identification:_identify(Drivers/CMSIS/RTOS2/Include) by extensions ['python_setup_py']
[0.146s] Level 1:colcon.colcon_core.package_identification:_identify(Drivers/CMSIS/RTOS2/Include) by extension 'python_setup_py'
[0.146s] Level 1:colcon.colcon_core.package_identification:_identify(Drivers/CMSIS/RTOS2/Source) by extensions ['ignore', 'ignore_ament_install']
[0.146s] Level 1:colcon.colcon_core.package_identification:_identify(Drivers/CMSIS/RTOS2/Source) by extension 'ignore'
[0.146s] Level 1:colcon.colcon_core.package_identification:_identify(Drivers/CMSIS/RTOS2/Source) by extension 'ignore_ament_install'
[0.146s] Level 1:colcon.colcon_core.package_identification:_identify(Drivers/CMSIS/RTOS2/Source) by extensions ['colcon_pkg']
[0.146s] Level 1:colcon.colcon_core.package_identification:_identify(Drivers/CMSIS/RTOS2/Source) by extension 'colcon_pkg'
[0.146s] Level 1:colcon.colcon_core.package_identification:_identify(Drivers/CMSIS/RTOS2/Source) by extensions ['colcon_meta']
[0.146s] Level 1:colcon.colcon_core.package_identification:_identify(Drivers/CMSIS/RTOS2/Source) by extension 'colcon_meta'
[0.146s] Level 1:colcon.colcon_core.package_identification:_identify(Drivers/CMSIS/RTOS2/Source) by extensions ['ros']
[0.146s] Level 1:colcon.colcon_core.package_identification:_identify(Drivers/CMSIS/RTOS2/Source) by extension 'ros'
[0.146s] Level 1:colcon.colcon_core.package_identification:_identify(Drivers/CMSIS/RTOS2/Source) by extensions ['cmake', 'python']
[0.146s] Level 1:colcon.colcon_core.package_identification:_identify(Drivers/CMSIS/RTOS2/Source) by extension 'cmake'
[0.146s] Level 1:colcon.colcon_core.package_identification:_identify(Drivers/CMSIS/RTOS2/Source) by extension 'python'
[0.146s] Level 1:colcon.colcon_core.package_identification:_identify(Drivers/CMSIS/RTOS2/Source) by extensions ['python_setup_py']
[0.146s] Level 1:colcon.colcon_core.package_identification:_identify(Drivers/CMSIS/RTOS2/Source) by extension 'python_setup_py'
[0.146s] Level 1:colcon.colcon_core.package_identification:_identify(Drivers/CMSIS/RTOS2/Template) by extensions ['ignore', 'ignore_ament_install']
[0.146s] Level 1:colcon.colcon_core.package_identification:_identify(Drivers/CMSIS/RTOS2/Template) by extension 'ignore'
[0.146s] Level 1:colcon.colcon_core.package_identification:_identify(Drivers/CMSIS/RTOS2/Template) by extension 'ignore_ament_install'
[0.146s] Level 1:colcon.colcon_core.package_identification:_identify(Drivers/CMSIS/RTOS2/Template) by extensions ['colcon_pkg']
[0.146s] Level 1:colcon.colcon_core.package_identification:_identify(Drivers/CMSIS/RTOS2/Template) by extension 'colcon_pkg'
[0.146s] Level 1:colcon.colcon_core.package_identification:_identify(Drivers/CMSIS/RTOS2/Template) by extensions ['colcon_meta']
[0.146s] Level 1:colcon.colcon_core.package_identification:_identify(Drivers/CMSIS/RTOS2/Template) by extension 'colcon_meta'
[0.146s] Level 1:colcon.colcon_core.package_identification:_identify(Drivers/CMSIS/RTOS2/Template) by extensions ['ros']
[0.146s] Level 1:colcon.colcon_core.package_identification:_identify(Drivers/CMSIS/RTOS2/Template) by extension 'ros'
[0.146s] Level 1:colcon.colcon_core.package_identification:_identify(Drivers/CMSIS/RTOS2/Template) by extensions ['cmake', 'python']
[0.146s] Level 1:colcon.colcon_core.package_identification:_identify(Drivers/CMSIS/RTOS2/Template) by extension 'cmake'
[0.146s] Level 1:colcon.colcon_core.package_identification:_identify(Drivers/CMSIS/RTOS2/Template) by extension 'python'
[0.146s] Level 1:colcon.colcon_core.package_identification:_identify(Drivers/CMSIS/RTOS2/Template) by extensions ['python_setup_py']
[0.146s] Level 1:colcon.colcon_core.package_identification:_identify(Drivers/CMSIS/RTOS2/Template) by extension 'python_setup_py'
[0.146s] Level 1:colcon.colcon_core.package_identification:_identify(Drivers/CMSIS/docs) by extensions ['ignore', 'ignore_ament_install']
[0.146s] Level 1:colcon.colcon_core.package_identification:_identify(Drivers/CMSIS/docs) by extension 'ignore'
[0.147s] Level 1:colcon.colcon_core.package_identification:_identify(Drivers/CMSIS/docs) by extension 'ignore_ament_install'
[0.147s] Level 1:colcon.colcon_core.package_identification:_identify(Drivers/CMSIS/docs) by extensions ['colcon_pkg']
[0.147s] Level 1:colcon.colcon_core.package_identification:_identify(Drivers/CMSIS/docs) by extension 'colcon_pkg'
[0.147s] Level 1:colcon.colcon_core.package_identification:_identify(Drivers/CMSIS/docs) by extensions ['colcon_meta']
[0.147s] Level 1:colcon.colcon_core.package_identification:_identify(Drivers/CMSIS/docs) by extension 'colcon_meta'
[0.147s] Level 1:colcon.colcon_core.package_identification:_identify(Drivers/CMSIS/docs) by extensions ['ros']
[0.147s] Level 1:colcon.colcon_core.package_identification:_identify(Drivers/CMSIS/docs) by extension 'ros'
[0.147s] Level 1:colcon.colcon_core.package_identification:_identify(Drivers/CMSIS/docs) by extensions ['cmake', 'python']
[0.147s] Level 1:colcon.colcon_core.package_identification:_identify(Drivers/CMSIS/docs) by extension 'cmake'
[0.147s] Level 1:colcon.colcon_core.package_identification:_identify(Drivers/CMSIS/docs) by extension 'python'
[0.147s] Level 1:colcon.colcon_core.package_identification:_identify(Drivers/CMSIS/docs) by extensions ['python_setup_py']
[0.147s] Level 1:colcon.colcon_core.package_identification:_identify(Drivers/CMSIS/docs) by extension 'python_setup_py'
[0.147s] Level 1:colcon.colcon_core.package_identification:_identify(Drivers/CMSIS/docs/General) by extensions ['ignore', 'ignore_ament_install']
[0.147s] Level 1:colcon.colcon_core.package_identification:_identify(Drivers/CMSIS/docs/General) by extension 'ignore'
[0.147s] Level 1:colcon.colcon_core.package_identification:_identify(Drivers/CMSIS/docs/General) by extension 'ignore_ament_install'
[0.147s] Level 1:colcon.colcon_core.package_identification:_identify(Drivers/CMSIS/docs/General) by extensions ['colcon_pkg']
[0.147s] Level 1:colcon.colcon_core.package_identification:_identify(Drivers/CMSIS/docs/General) by extension 'colcon_pkg'
[0.147s] Level 1:colcon.colcon_core.package_identification:_identify(Drivers/CMSIS/docs/General) by extensions ['colcon_meta']
[0.147s] Level 1:colcon.colcon_core.package_identification:_identify(Drivers/CMSIS/docs/General) by extension 'colcon_meta'
[0.147s] Level 1:colcon.colcon_core.package_identification:_identify(Drivers/CMSIS/docs/General) by extensions ['ros']
[0.147s] Level 1:colcon.colcon_core.package_identification:_identify(Drivers/CMSIS/docs/General) by extension 'ros'
[0.147s] Level 1:colcon.colcon_core.package_identification:_identify(Drivers/CMSIS/docs/General) by extensions ['cmake', 'python']
[0.147s] Level 1:colcon.colcon_core.package_identification:_identify(Drivers/CMSIS/docs/General) by extension 'cmake'
[0.147s] Level 1:colcon.colcon_core.package_identification:_identify(Drivers/CMSIS/docs/General) by extension 'python'
[0.147s] Level 1:colcon.colcon_core.package_identification:_identify(Drivers/CMSIS/docs/General) by extensions ['python_setup_py']
[0.147s] Level 1:colcon.colcon_core.package_identification:_identify(Drivers/CMSIS/docs/General) by extension 'python_setup_py'
[0.147s] Level 1:colcon.colcon_core.package_identification:_identify(Drivers/CMSIS/docs/General/html) by extensions ['ignore', 'ignore_ament_install']
[0.147s] Level 1:colcon.colcon_core.package_identification:_identify(Drivers/CMSIS/docs/General/html) by extension 'ignore'
[0.147s] Level 1:colcon.colcon_core.package_identification:_identify(Drivers/CMSIS/docs/General/html) by extension 'ignore_ament_install'
[0.147s] Level 1:colcon.colcon_core.package_identification:_identify(Drivers/CMSIS/docs/General/html) by extensions ['colcon_pkg']
[0.147s] Level 1:colcon.colcon_core.package_identification:_identify(Drivers/CMSIS/docs/General/html) by extension 'colcon_pkg'
[0.147s] Level 1:colcon.colcon_core.package_identification:_identify(Drivers/CMSIS/docs/General/html) by extensions ['colcon_meta']
[0.147s] Level 1:colcon.colcon_core.package_identification:_identify(Drivers/CMSIS/docs/General/html) by extension 'colcon_meta'
[0.147s] Level 1:colcon.colcon_core.package_identification:_identify(Drivers/CMSIS/docs/General/html) by extensions ['ros']
[0.147s] Level 1:colcon.colcon_core.package_identification:_identify(Drivers/CMSIS/docs/General/html) by extension 'ros'
[0.147s] Level 1:colcon.colcon_core.package_identification:_identify(Drivers/CMSIS/docs/General/html) by extensions ['cmake', 'python']
[0.147s] Level 1:colcon.colcon_core.package_identification:_identify(Drivers/CMSIS/docs/General/html) by extension 'cmake'
[0.147s] Level 1:colcon.colcon_core.package_identification:_identify(Drivers/CMSIS/docs/General/html) by extension 'python'
[0.147s] Level 1:colcon.colcon_core.package_identification:_identify(Drivers/CMSIS/docs/General/html) by extensions ['python_setup_py']
[0.147s] Level 1:colcon.colcon_core.package_identification:_identify(Drivers/CMSIS/docs/General/html) by extension 'python_setup_py'
[0.147s] Level 1:colcon.colcon_core.package_identification:_identify(Drivers/STM32F4xx_HAL_Driver) by extensions ['ignore', 'ignore_ament_install']
[0.147s] Level 1:colcon.colcon_core.package_identification:_identify(Drivers/STM32F4xx_HAL_Driver) by extension 'ignore'
[0.147s] Level 1:colcon.colcon_core.package_identification:_identify(Drivers/STM32F4xx_HAL_Driver) by extension 'ignore_ament_install'
[0.147s] Level 1:colcon.colcon_core.package_identification:_identify(Drivers/STM32F4xx_HAL_Driver) by extensions ['colcon_pkg']
[0.147s] Level 1:colcon.colcon_core.package_identification:_identify(Drivers/STM32F4xx_HAL_Driver) by extension 'colcon_pkg'
[0.147s] Level 1:colcon.colcon_core.package_identification:_identify(Drivers/STM32F4xx_HAL_Driver) by extensions ['colcon_meta']
[0.147s] Level 1:colcon.colcon_core.package_identification:_identify(Drivers/STM32F4xx_HAL_Driver) by extension 'colcon_meta'
[0.147s] Level 1:colcon.colcon_core.package_identification:_identify(Drivers/STM32F4xx_HAL_Driver) by extensions ['ros']
[0.147s] Level 1:colcon.colcon_core.package_identification:_identify(Drivers/STM32F4xx_HAL_Driver) by extension 'ros'
[0.147s] Level 1:colcon.colcon_core.package_identification:_identify(Drivers/STM32F4xx_HAL_Driver) by extensions ['cmake', 'python']
[0.147s] Level 1:colcon.colcon_core.package_identification:_identify(Drivers/STM32F4xx_HAL_Driver) by extension 'cmake'
[0.147s] Level 1:colcon.colcon_core.package_identification:_identify(Drivers/STM32F4xx_HAL_Driver) by extension 'python'
[0.148s] Level 1:colcon.colcon_core.package_identification:_identify(Drivers/STM32F4xx_HAL_Driver) by extensions ['python_setup_py']
[0.148s] Level 1:colcon.colcon_core.package_identification:_identify(Drivers/STM32F4xx_HAL_Driver) by extension 'python_setup_py'
[0.148s] Level 1:colcon.colcon_core.package_identification:_identify(Drivers/STM32F4xx_HAL_Driver/Inc) by extensions ['ignore', 'ignore_ament_install']
[0.148s] Level 1:colcon.colcon_core.package_identification:_identify(Drivers/STM32F4xx_HAL_Driver/Inc) by extension 'ignore'
[0.148s] Level 1:colcon.colcon_core.package_identification:_identify(Drivers/STM32F4xx_HAL_Driver/Inc) by extension 'ignore_ament_install'
[0.148s] Level 1:colcon.colcon_core.package_identification:_identify(Drivers/STM32F4xx_HAL_Driver/Inc) by extensions ['colcon_pkg']
[0.148s] Level 1:colcon.colcon_core.package_identification:_identify(Drivers/STM32F4xx_HAL_Driver/Inc) by extension 'colcon_pkg'
[0.148s] Level 1:colcon.colcon_core.package_identification:_identify(Drivers/STM32F4xx_HAL_Driver/Inc) by extensions ['colcon_meta']
[0.148s] Level 1:colcon.colcon_core.package_identification:_identify(Drivers/STM32F4xx_HAL_Driver/Inc) by extension 'colcon_meta'
[0.148s] Level 1:colcon.colcon_core.package_identification:_identify(Drivers/STM32F4xx_HAL_Driver/Inc) by extensions ['ros']
[0.148s] Level 1:colcon.colcon_core.package_identification:_identify(Drivers/STM32F4xx_HAL_Driver/Inc) by extension 'ros'
[0.148s] Level 1:colcon.colcon_core.package_identification:_identify(Drivers/STM32F4xx_HAL_Driver/Inc) by extensions ['cmake', 'python']
[0.148s] Level 1:colcon.colcon_core.package_identification:_identify(Drivers/STM32F4xx_HAL_Driver/Inc) by extension 'cmake'
[0.148s] Level 1:colcon.colcon_core.package_identification:_identify(Drivers/STM32F4xx_HAL_Driver/Inc) by extension 'python'
[0.148s] Level 1:colcon.colcon_core.package_identification:_identify(Drivers/STM32F4xx_HAL_Driver/Inc) by extensions ['python_setup_py']
[0.148s] Level 1:colcon.colcon_core.package_identification:_identify(Drivers/STM32F4xx_HAL_Driver/Inc) by extension 'python_setup_py'
[0.148s] Level 1:colcon.colcon_core.package_identification:_identify(Drivers/STM32F4xx_HAL_Driver/Inc/Legacy) by extensions ['ignore', 'ignore_ament_install']
[0.148s] Level 1:colcon.colcon_core.package_identification:_identify(Drivers/STM32F4xx_HAL_Driver/Inc/Legacy) by extension 'ignore'
[0.148s] Level 1:colcon.colcon_core.package_identification:_identify(Drivers/STM32F4xx_HAL_Driver/Inc/Legacy) by extension 'ignore_ament_install'
[0.148s] Level 1:colcon.colcon_core.package_identification:_identify(Drivers/STM32F4xx_HAL_Driver/Inc/Legacy) by extensions ['colcon_pkg']
[0.148s] Level 1:colcon.colcon_core.package_identification:_identify(Drivers/STM32F4xx_HAL_Driver/Inc/Legacy) by extension 'colcon_pkg'
[0.148s] Level 1:colcon.colcon_core.package_identification:_identify(Drivers/STM32F4xx_HAL_Driver/Inc/Legacy) by extensions ['colcon_meta']
[0.148s] Level 1:colcon.colcon_core.package_identification:_identify(Drivers/STM32F4xx_HAL_Driver/Inc/Legacy) by extension 'colcon_meta'
[0.148s] Level 1:colcon.colcon_core.package_identification:_identify(Drivers/STM32F4xx_HAL_Driver/Inc/Legacy) by extensions ['ros']
[0.148s] Level 1:colcon.colcon_core.package_identification:_identify(Drivers/STM32F4xx_HAL_Driver/Inc/Legacy) by extension 'ros'
[0.148s] Level 1:colcon.colcon_core.package_identification:_identify(Drivers/STM32F4xx_HAL_Driver/Inc/Legacy) by extensions ['cmake', 'python']
[0.148s] Level 1:colcon.colcon_core.package_identification:_identify(Drivers/STM32F4xx_HAL_Driver/Inc/Legacy) by extension 'cmake'
[0.148s] Level 1:colcon.colcon_core.package_identification:_identify(Drivers/STM32F4xx_HAL_Driver/Inc/Legacy) by extension 'python'
[0.148s] Level 1:colcon.colcon_core.package_identification:_identify(Drivers/STM32F4xx_HAL_Driver/Inc/Legacy) by extensions ['python_setup_py']
[0.148s] Level 1:colcon.colcon_core.package_identification:_identify(Drivers/STM32F4xx_HAL_Driver/Inc/Legacy) by extension 'python_setup_py'
[0.148s] Level 1:colcon.colcon_core.package_identification:_identify(Drivers/STM32F4xx_HAL_Driver/Src) by extensions ['ignore', 'ignore_ament_install']
[0.148s] Level 1:colcon.colcon_core.package_identification:_identify(Drivers/STM32F4xx_HAL_Driver/Src) by extension 'ignore'
[0.148s] Level 1:colcon.colcon_core.package_identification:_identify(Drivers/STM32F4xx_HAL_Driver/Src) by extension 'ignore_ament_install'
[0.148s] Level 1:colcon.colcon_core.package_identification:_identify(Drivers/STM32F4xx_HAL_Driver/Src) by extensions ['colcon_pkg']
[0.148s] Level 1:colcon.colcon_core.package_identification:_identify(Drivers/STM32F4xx_HAL_Driver/Src) by extension 'colcon_pkg'
[0.148s] Level 1:colcon.colcon_core.package_identification:_identify(Drivers/STM32F4xx_HAL_Driver/Src) by extensions ['colcon_meta']
[0.148s] Level 1:colcon.colcon_core.package_identification:_identify(Drivers/STM32F4xx_HAL_Driver/Src) by extension 'colcon_meta'
[0.148s] Level 1:colcon.colcon_core.package_identification:_identify(Drivers/STM32F4xx_HAL_Driver/Src) by extensions ['ros']
[0.148s] Level 1:colcon.colcon_core.package_identification:_identify(Drivers/STM32F4xx_HAL_Driver/Src) by extension 'ros'
[0.148s] Level 1:colcon.colcon_core.package_identification:_identify(Drivers/STM32F4xx_HAL_Driver/Src) by extensions ['cmake', 'python']
[0.148s] Level 1:colcon.colcon_core.package_identification:_identify(Drivers/STM32F4xx_HAL_Driver/Src) by extension 'cmake'
[0.148s] Level 1:colcon.colcon_core.package_identification:_identify(Drivers/STM32F4xx_HAL_Driver/Src) by extension 'python'
[0.148s] Level 1:colcon.colcon_core.package_identification:_identify(Drivers/STM32F4xx_HAL_Driver/Src) by extensions ['python_setup_py']
[0.148s] Level 1:colcon.colcon_core.package_identification:_identify(Drivers/STM32F4xx_HAL_Driver/Src) by extension 'python_setup_py'
[0.149s] Level 1:colcon.colcon_core.package_identification:_identify(Hiwonder) by extensions ['ignore', 'ignore_ament_install']
[0.149s] Level 1:colcon.colcon_core.package_identification:_identify(Hiwonder) by extension 'ignore'
[0.149s] Level 1:colcon.colcon_core.package_identification:_identify(Hiwonder) by extension 'ignore_ament_install'
[0.149s] Level 1:colcon.colcon_core.package_identification:_identify(Hiwonder) by extensions ['colcon_pkg']
[0.149s] Level 1:colcon.colcon_core.package_identification:_identify(Hiwonder) by extension 'colcon_pkg'
[0.149s] Level 1:colcon.colcon_core.package_identification:_identify(Hiwonder) by extensions ['colcon_meta']
[0.149s] Level 1:colcon.colcon_core.package_identification:_identify(Hiwonder) by extension 'colcon_meta'
[0.149s] Level 1:colcon.colcon_core.package_identification:_identify(Hiwonder) by extensions ['ros']
[0.149s] Level 1:colcon.colcon_core.package_identification:_identify(Hiwonder) by extension 'ros'
[0.149s] Level 1:colcon.colcon_core.package_identification:_identify(Hiwonder) by extensions ['cmake', 'python']
[0.149s] Level 1:colcon.colcon_core.package_identification:_identify(Hiwonder) by extension 'cmake'
[0.149s] Level 1:colcon.colcon_core.package_identification:_identify(Hiwonder) by extension 'python'
[0.149s] Level 1:colcon.colcon_core.package_identification:_identify(Hiwonder) by extensions ['python_setup_py']
[0.149s] Level 1:colcon.colcon_core.package_identification:_identify(Hiwonder) by extension 'python_setup_py'
[0.149s] Level 1:colcon.colcon_core.package_identification:_identify(Hiwonder/Chassis) by extensions ['ignore', 'ignore_ament_install']
[0.149s] Level 1:colcon.colcon_core.package_identification:_identify(Hiwonder/Chassis) by extension 'ignore'
[0.149s] Level 1:colcon.colcon_core.package_identification:_identify(Hiwonder/Chassis) by extension 'ignore_ament_install'
[0.149s] Level 1:colcon.colcon_core.package_identification:_identify(Hiwonder/Chassis) by extensions ['colcon_pkg']
[0.149s] Level 1:colcon.colcon_core.package_identification:_identify(Hiwonder/Chassis) by extension 'colcon_pkg'
[0.149s] Level 1:colcon.colcon_core.package_identification:_identify(Hiwonder/Chassis) by extensions ['colcon_meta']
[0.149s] Level 1:colcon.colcon_core.package_identification:_identify(Hiwonder/Chassis) by extension 'colcon_meta'
[0.149s] Level 1:colcon.colcon_core.package_identification:_identify(Hiwonder/Chassis) by extensions ['ros']
[0.149s] Level 1:colcon.colcon_core.package_identification:_identify(Hiwonder/Chassis) by extension 'ros'
[0.149s] Level 1:colcon.colcon_core.package_identification:_identify(Hiwonder/Chassis) by extensions ['cmake', 'python']
[0.149s] Level 1:colcon.colcon_core.package_identification:_identify(Hiwonder/Chassis) by extension 'cmake'
[0.149s] Level 1:colcon.colcon_core.package_identification:_identify(Hiwonder/Chassis) by extension 'python'
[0.149s] Level 1:colcon.colcon_core.package_identification:_identify(Hiwonder/Chassis) by extensions ['python_setup_py']
[0.149s] Level 1:colcon.colcon_core.package_identification:_identify(Hiwonder/Chassis) by extension 'python_setup_py'
[0.149s] Level 1:colcon.colcon_core.package_identification:_identify(Hiwonder/LVGL_UI) by extensions ['ignore', 'ignore_ament_install']
[0.149s] Level 1:colcon.colcon_core.package_identification:_identify(Hiwonder/LVGL_UI) by extension 'ignore'
[0.149s] Level 1:colcon.colcon_core.package_identification:_identify(Hiwonder/LVGL_UI) by extension 'ignore_ament_install'
[0.149s] Level 1:colcon.colcon_core.package_identification:_identify(Hiwonder/LVGL_UI) by extensions ['colcon_pkg']
[0.149s] Level 1:colcon.colcon_core.package_identification:_identify(Hiwonder/LVGL_UI) by extension 'colcon_pkg'
[0.149s] Level 1:colcon.colcon_core.package_identification:_identify(Hiwonder/LVGL_UI) by extensions ['colcon_meta']
[0.149s] Level 1:colcon.colcon_core.package_identification:_identify(Hiwonder/LVGL_UI) by extension 'colcon_meta'
[0.149s] Level 1:colcon.colcon_core.package_identification:_identify(Hiwonder/LVGL_UI) by extensions ['ros']
[0.149s] Level 1:colcon.colcon_core.package_identification:_identify(Hiwonder/LVGL_UI) by extension 'ros'
[0.149s] Level 1:colcon.colcon_core.package_identification:_identify(Hiwonder/LVGL_UI) by extensions ['cmake', 'python']
[0.149s] Level 1:colcon.colcon_core.package_identification:_identify(Hiwonder/LVGL_UI) by extension 'cmake'
[0.149s] Level 1:colcon.colcon_core.package_identification:_identify(Hiwonder/LVGL_UI) by extension 'python'
[0.149s] Level 1:colcon.colcon_core.package_identification:_identify(Hiwonder/LVGL_UI) by extensions ['python_setup_py']
[0.149s] Level 1:colcon.colcon_core.package_identification:_identify(Hiwonder/LVGL_UI) by extension 'python_setup_py'
[0.149s] Level 1:colcon.colcon_core.package_identification:_identify(Hiwonder/LVGL_UI/guider_customer_fonts) by extensions ['ignore', 'ignore_ament_install']
[0.149s] Level 1:colcon.colcon_core.package_identification:_identify(Hiwonder/LVGL_UI/guider_customer_fonts) by extension 'ignore'
[0.149s] Level 1:colcon.colcon_core.package_identification:_identify(Hiwonder/LVGL_UI/guider_customer_fonts) by extension 'ignore_ament_install'
[0.149s] Level 1:colcon.colcon_core.package_identification:_identify(Hiwonder/LVGL_UI/guider_customer_fonts) by extensions ['colcon_pkg']
[0.149s] Level 1:colcon.colcon_core.package_identification:_identify(Hiwonder/LVGL_UI/guider_customer_fonts) by extension 'colcon_pkg'
[0.149s] Level 1:colcon.colcon_core.package_identification:_identify(Hiwonder/LVGL_UI/guider_customer_fonts) by extensions ['colcon_meta']
[0.149s] Level 1:colcon.colcon_core.package_identification:_identify(Hiwonder/LVGL_UI/guider_customer_fonts) by extension 'colcon_meta'
[0.149s] Level 1:colcon.colcon_core.package_identification:_identify(Hiwonder/LVGL_UI/guider_customer_fonts) by extensions ['ros']
[0.149s] Level 1:colcon.colcon_core.package_identification:_identify(Hiwonder/LVGL_UI/guider_customer_fonts) by extension 'ros'
[0.150s] Level 1:colcon.colcon_core.package_identification:_identify(Hiwonder/LVGL_UI/guider_customer_fonts) by extensions ['cmake', 'python']
[0.150s] Level 1:colcon.colcon_core.package_identification:_identify(Hiwonder/LVGL_UI/guider_customer_fonts) by extension 'cmake'
[0.150s] Level 1:colcon.colcon_core.package_identification:_identify(Hiwonder/LVGL_UI/guider_customer_fonts) by extension 'python'
[0.150s] Level 1:colcon.colcon_core.package_identification:_identify(Hiwonder/LVGL_UI/guider_customer_fonts) by extensions ['python_setup_py']
[0.150s] Level 1:colcon.colcon_core.package_identification:_identify(Hiwonder/LVGL_UI/guider_customer_fonts) by extension 'python_setup_py'
[0.150s] Level 1:colcon.colcon_core.package_identification:_identify(Hiwonder/LVGL_UI/guider_fonts) by extensions ['ignore', 'ignore_ament_install']
[0.150s] Level 1:colcon.colcon_core.package_identification:_identify(Hiwonder/LVGL_UI/guider_fonts) by extension 'ignore'
[0.150s] Level 1:colcon.colcon_core.package_identification:_identify(Hiwonder/LVGL_UI/guider_fonts) by extension 'ignore_ament_install'
[0.150s] Level 1:colcon.colcon_core.package_identification:_identify(Hiwonder/LVGL_UI/guider_fonts) by extensions ['colcon_pkg']
[0.150s] Level 1:colcon.colcon_core.package_identification:_identify(Hiwonder/LVGL_UI/guider_fonts) by extension 'colcon_pkg'
[0.150s] Level 1:colcon.colcon_core.package_identification:_identify(Hiwonder/LVGL_UI/guider_fonts) by extensions ['colcon_meta']
[0.150s] Level 1:colcon.colcon_core.package_identification:_identify(Hiwonder/LVGL_UI/guider_fonts) by extension 'colcon_meta'
[0.150s] Level 1:colcon.colcon_core.package_identification:_identify(Hiwonder/LVGL_UI/guider_fonts) by extensions ['ros']
[0.150s] Level 1:colcon.colcon_core.package_identification:_identify(Hiwonder/LVGL_UI/guider_fonts) by extension 'ros'
[0.150s] Level 1:colcon.colcon_core.package_identification:_identify(Hiwonder/LVGL_UI/guider_fonts) by extensions ['cmake', 'python']
[0.150s] Level 1:colcon.colcon_core.package_identification:_identify(Hiwonder/LVGL_UI/guider_fonts) by extension 'cmake'
[0.150s] Level 1:colcon.colcon_core.package_identification:_identify(Hiwonder/LVGL_UI/guider_fonts) by extension 'python'
[0.150s] Level 1:colcon.colcon_core.package_identification:_identify(Hiwonder/LVGL_UI/guider_fonts) by extensions ['python_setup_py']
[0.150s] Level 1:colcon.colcon_core.package_identification:_identify(Hiwonder/LVGL_UI/guider_fonts) by extension 'python_setup_py'
[0.150s] Level 1:colcon.colcon_core.package_identification:_identify(Hiwonder/LVGL_UI/images) by extensions ['ignore', 'ignore_ament_install']
[0.150s] Level 1:colcon.colcon_core.package_identification:_identify(Hiwonder/LVGL_UI/images) by extension 'ignore'
[0.150s] Level 1:colcon.colcon_core.package_identification:_identify(Hiwonder/LVGL_UI/images) by extension 'ignore_ament_install'
[0.150s] Level 1:colcon.colcon_core.package_identification:_identify(Hiwonder/LVGL_UI/images) by extensions ['colcon_pkg']
[0.150s] Level 1:colcon.colcon_core.package_identification:_identify(Hiwonder/LVGL_UI/images) by extension 'colcon_pkg'
[0.150s] Level 1:colcon.colcon_core.package_identification:_identify(Hiwonder/LVGL_UI/images) by extensions ['colcon_meta']
[0.150s] Level 1:colcon.colcon_core.package_identification:_identify(Hiwonder/LVGL_UI/images) by extension 'colcon_meta'
[0.150s] Level 1:colcon.colcon_core.package_identification:_identify(Hiwonder/LVGL_UI/images) by extensions ['ros']
[0.150s] Level 1:colcon.colcon_core.package_identification:_identify(Hiwonder/LVGL_UI/images) by extension 'ros'
[0.150s] Level 1:colcon.colcon_core.package_identification:_identify(Hiwonder/LVGL_UI/images) by extensions ['cmake', 'python']
[0.150s] Level 1:colcon.colcon_core.package_identification:_identify(Hiwonder/LVGL_UI/images) by extension 'cmake'
[0.150s] Level 1:colcon.colcon_core.package_identification:_identify(Hiwonder/LVGL_UI/images) by extension 'python'
[0.150s] Level 1:colcon.colcon_core.package_identification:_identify(Hiwonder/LVGL_UI/images) by extensions ['python_setup_py']
[0.150s] Level 1:colcon.colcon_core.package_identification:_identify(Hiwonder/LVGL_UI/images) by extension 'python_setup_py'
[0.150s] Level 1:colcon.colcon_core.package_identification:_identify(Hiwonder/Misc) by extensions ['ignore', 'ignore_ament_install']
[0.150s] Level 1:colcon.colcon_core.package_identification:_identify(Hiwonder/Misc) by extension 'ignore'
[0.150s] Level 1:colcon.colcon_core.package_identification:_identify(Hiwonder/Misc) by extension 'ignore_ament_install'
[0.150s] Level 1:colcon.colcon_core.package_identification:_identify(Hiwonder/Misc) by extensions ['colcon_pkg']
[0.150s] Level 1:colcon.colcon_core.package_identification:_identify(Hiwonder/Misc) by extension 'colcon_pkg'
[0.150s] Level 1:colcon.colcon_core.package_identification:_identify(Hiwonder/Misc) by extensions ['colcon_meta']
[0.150s] Level 1:colcon.colcon_core.package_identification:_identify(Hiwonder/Misc) by extension 'colcon_meta'
[0.150s] Level 1:colcon.colcon_core.package_identification:_identify(Hiwonder/Misc) by extensions ['ros']
[0.150s] Level 1:colcon.colcon_core.package_identification:_identify(Hiwonder/Misc) by extension 'ros'
[0.150s] Level 1:colcon.colcon_core.package_identification:_identify(Hiwonder/Misc) by extensions ['cmake', 'python']
[0.150s] Level 1:colcon.colcon_core.package_identification:_identify(Hiwonder/Misc) by extension 'cmake'
[0.150s] Level 1:colcon.colcon_core.package_identification:_identify(Hiwonder/Misc) by extension 'python'
[0.150s] Level 1:colcon.colcon_core.package_identification:_identify(Hiwonder/Misc) by extensions ['python_setup_py']
[0.150s] Level 1:colcon.colcon_core.package_identification:_identify(Hiwonder/Misc) by extension 'python_setup_py'
[0.150s] Level 1:colcon.colcon_core.package_identification:_identify(Hiwonder/Peripherals) by extensions ['ignore', 'ignore_ament_install']
[0.150s] Level 1:colcon.colcon_core.package_identification:_identify(Hiwonder/Peripherals) by extension 'ignore'
[0.150s] Level 1:colcon.colcon_core.package_identification:_identify(Hiwonder/Peripherals) by extension 'ignore_ament_install'
[0.151s] Level 1:colcon.colcon_core.package_identification:_identify(Hiwonder/Peripherals) by extensions ['colcon_pkg']
[0.151s] Level 1:colcon.colcon_core.package_identification:_identify(Hiwonder/Peripherals) by extension 'colcon_pkg'
[0.151s] Level 1:colcon.colcon_core.package_identification:_identify(Hiwonder/Peripherals) by extensions ['colcon_meta']
[0.151s] Level 1:colcon.colcon_core.package_identification:_identify(Hiwonder/Peripherals) by extension 'colcon_meta'
[0.151s] Level 1:colcon.colcon_core.package_identification:_identify(Hiwonder/Peripherals) by extensions ['ros']
[0.151s] Level 1:colcon.colcon_core.package_identification:_identify(Hiwonder/Peripherals) by extension 'ros'
[0.151s] Level 1:colcon.colcon_core.package_identification:_identify(Hiwonder/Peripherals) by extensions ['cmake', 'python']
[0.151s] Level 1:colcon.colcon_core.package_identification:_identify(Hiwonder/Peripherals) by extension 'cmake'
[0.151s] Level 1:colcon.colcon_core.package_identification:_identify(Hiwonder/Peripherals) by extension 'python'
[0.151s] Level 1:colcon.colcon_core.package_identification:_identify(Hiwonder/Peripherals) by extensions ['python_setup_py']
[0.151s] Level 1:colcon.colcon_core.package_identification:_identify(Hiwonder/Peripherals) by extension 'python_setup_py'
[0.151s] Level 1:colcon.colcon_core.package_identification:_identify(Hiwonder/Portings) by extensions ['ignore', 'ignore_ament_install']
[0.151s] Level 1:colcon.colcon_core.package_identification:_identify(Hiwonder/Portings) by extension 'ignore'
[0.151s] Level 1:colcon.colcon_core.package_identification:_identify(Hiwonder/Portings) by extension 'ignore_ament_install'
[0.151s] Level 1:colcon.colcon_core.package_identification:_identify(Hiwonder/Portings) by extensions ['colcon_pkg']
[0.151s] Level 1:colcon.colcon_core.package_identification:_identify(Hiwonder/Portings) by extension 'colcon_pkg'
[0.151s] Level 1:colcon.colcon_core.package_identification:_identify(Hiwonder/Portings) by extensions ['colcon_meta']
[0.151s] Level 1:colcon.colcon_core.package_identification:_identify(Hiwonder/Portings) by extension 'colcon_meta'
[0.151s] Level 1:colcon.colcon_core.package_identification:_identify(Hiwonder/Portings) by extensions ['ros']
[0.151s] Level 1:colcon.colcon_core.package_identification:_identify(Hiwonder/Portings) by extension 'ros'
[0.151s] Level 1:colcon.colcon_core.package_identification:_identify(Hiwonder/Portings) by extensions ['cmake', 'python']
[0.151s] Level 1:colcon.colcon_core.package_identification:_identify(Hiwonder/Portings) by extension 'cmake'
[0.151s] Level 1:colcon.colcon_core.package_identification:_identify(Hiwonder/Portings) by extension 'python'
[0.151s] Level 1:colcon.colcon_core.package_identification:_identify(Hiwonder/Portings) by extensions ['python_setup_py']
[0.151s] Level 1:colcon.colcon_core.package_identification:_identify(Hiwonder/Portings) by extension 'python_setup_py'
[0.151s] Level 1:colcon.colcon_core.package_identification:_identify(Hiwonder/System) by extensions ['ignore', 'ignore_ament_install']
[0.151s] Level 1:colcon.colcon_core.package_identification:_identify(Hiwonder/System) by extension 'ignore'
[0.151s] Level 1:colcon.colcon_core.package_identification:_identify(Hiwonder/System) by extension 'ignore_ament_install'
[0.151s] Level 1:colcon.colcon_core.package_identification:_identify(Hiwonder/System) by extensions ['colcon_pkg']
[0.151s] Level 1:colcon.colcon_core.package_identification:_identify(Hiwonder/System) by extension 'colcon_pkg'
[0.151s] Level 1:colcon.colcon_core.package_identification:_identify(Hiwonder/System) by extensions ['colcon_meta']
[0.151s] Level 1:colcon.colcon_core.package_identification:_identify(Hiwonder/System) by extension 'colcon_meta'
[0.151s] Level 1:colcon.colcon_core.package_identification:_identify(Hiwonder/System) by extensions ['ros']
[0.151s] Level 1:colcon.colcon_core.package_identification:_identify(Hiwonder/System) by extension 'ros'
[0.151s] Level 1:colcon.colcon_core.package_identification:_identify(Hiwonder/System) by extensions ['cmake', 'python']
[0.151s] Level 1:colcon.colcon_core.package_identification:_identify(Hiwonder/System) by extension 'cmake'
[0.151s] Level 1:colcon.colcon_core.package_identification:_identify(Hiwonder/System) by extension 'python'
[0.151s] Level 1:colcon.colcon_core.package_identification:_identify(Hiwonder/System) by extensions ['python_setup_py']
[0.151s] Level 1:colcon.colcon_core.package_identification:_identify(Hiwonder/System) by extension 'python_setup_py'
[0.151s] Level 1:colcon.colcon_core.package_identification:_identify(Hiwonder/USB_HOST) by extensions ['ignore', 'ignore_ament_install']
[0.151s] Level 1:colcon.colcon_core.package_identification:_identify(Hiwonder/USB_HOST) by extension 'ignore'
[0.151s] Level 1:colcon.colcon_core.package_identification:_identify(Hiwonder/USB_HOST) by extension 'ignore_ament_install'
[0.151s] Level 1:colcon.colcon_core.package_identification:_identify(Hiwonder/USB_HOST) by extensions ['colcon_pkg']
[0.151s] Level 1:colcon.colcon_core.package_identification:_identify(Hiwonder/USB_HOST) by extension 'colcon_pkg'
[0.151s] Level 1:colcon.colcon_core.package_identification:_identify(Hiwonder/USB_HOST) by extensions ['colcon_meta']
[0.151s] Level 1:colcon.colcon_core.package_identification:_identify(Hiwonder/USB_HOST) by extension 'colcon_meta'
[0.151s] Level 1:colcon.colcon_core.package_identification:_identify(Hiwonder/USB_HOST) by extensions ['ros']
[0.151s] Level 1:colcon.colcon_core.package_identification:_identify(Hiwonder/USB_HOST) by extension 'ros'
[0.151s] Level 1:colcon.colcon_core.package_identification:_identify(Hiwonder/USB_HOST) by extensions ['cmake', 'python']
[0.151s] Level 1:colcon.colcon_core.package_identification:_identify(Hiwonder/USB_HOST) by extension 'cmake'
[0.151s] Level 1:colcon.colcon_core.package_identification:_identify(Hiwonder/USB_HOST) by extension 'python'
[0.151s] Level 1:colcon.colcon_core.package_identification:_identify(Hiwonder/USB_HOST) by extensions ['python_setup_py']
[0.151s] Level 1:colcon.colcon_core.package_identification:_identify(Hiwonder/USB_HOST) by extension 'python_setup_py'
[0.152s] Level 1:colcon.colcon_core.package_identification:_identify(MDK-ARM) by extensions ['ignore', 'ignore_ament_install']
[0.152s] Level 1:colcon.colcon_core.package_identification:_identify(MDK-ARM) by extension 'ignore'
[0.152s] Level 1:colcon.colcon_core.package_identification:_identify(MDK-ARM) by extension 'ignore_ament_install'
[0.152s] Level 1:colcon.colcon_core.package_identification:_identify(MDK-ARM) by extensions ['colcon_pkg']
[0.152s] Level 1:colcon.colcon_core.package_identification:_identify(MDK-ARM) by extension 'colcon_pkg'
[0.152s] Level 1:colcon.colcon_core.package_identification:_identify(MDK-ARM) by extensions ['colcon_meta']
[0.152s] Level 1:colcon.colcon_core.package_identification:_identify(MDK-ARM) by extension 'colcon_meta'
[0.152s] Level 1:colcon.colcon_core.package_identification:_identify(MDK-ARM) by extensions ['ros']
[0.152s] Level 1:colcon.colcon_core.package_identification:_identify(MDK-ARM) by extension 'ros'
[0.152s] Level 1:colcon.colcon_core.package_identification:_identify(MDK-ARM) by extensions ['cmake', 'python']
[0.152s] Level 1:colcon.colcon_core.package_identification:_identify(MDK-ARM) by extension 'cmake'
[0.152s] Level 1:colcon.colcon_core.package_identification:_identify(MDK-ARM) by extension 'python'
[0.152s] Level 1:colcon.colcon_core.package_identification:_identify(MDK-ARM) by extensions ['python_setup_py']
[0.152s] Level 1:colcon.colcon_core.package_identification:_identify(MDK-ARM) by extension 'python_setup_py'
[0.152s] Level 1:colcon.colcon_core.package_identification:_identify(Middlewares) by extensions ['ignore', 'ignore_ament_install']
[0.152s] Level 1:colcon.colcon_core.package_identification:_identify(Middlewares) by extension 'ignore'
[0.152s] Level 1:colcon.colcon_core.package_identification:_identify(Middlewares) by extension 'ignore_ament_install'
[0.152s] Level 1:colcon.colcon_core.package_identification:_identify(Middlewares) by extensions ['colcon_pkg']
[0.152s] Level 1:colcon.colcon_core.package_identification:_identify(Middlewares) by extension 'colcon_pkg'
[0.152s] Level 1:colcon.colcon_core.package_identification:_identify(Middlewares) by extensions ['colcon_meta']
[0.152s] Level 1:colcon.colcon_core.package_identification:_identify(Middlewares) by extension 'colcon_meta'
[0.152s] Level 1:colcon.colcon_core.package_identification:_identify(Middlewares) by extensions ['ros']
[0.152s] Level 1:colcon.colcon_core.package_identification:_identify(Middlewares) by extension 'ros'
[0.152s] Level 1:colcon.colcon_core.package_identification:_identify(Middlewares) by extensions ['cmake', 'python']
[0.152s] Level 1:colcon.colcon_core.package_identification:_identify(Middlewares) by extension 'cmake'
[0.152s] Level 1:colcon.colcon_core.package_identification:_identify(Middlewares) by extension 'python'
[0.152s] Level 1:colcon.colcon_core.package_identification:_identify(Middlewares) by extensions ['python_setup_py']
[0.152s] Level 1:colcon.colcon_core.package_identification:_identify(Middlewares) by extension 'python_setup_py'
[0.152s] Level 1:colcon.colcon_core.package_identification:_identify(Middlewares/ST) by extensions ['ignore', 'ignore_ament_install']
[0.152s] Level 1:colcon.colcon_core.package_identification:_identify(Middlewares/ST) by extension 'ignore'
[0.152s] Level 1:colcon.colcon_core.package_identification:_identify(Middlewares/ST) by extension 'ignore_ament_install'
[0.152s] Level 1:colcon.colcon_core.package_identification:_identify(Middlewares/ST) by extensions ['colcon_pkg']
[0.152s] Level 1:colcon.colcon_core.package_identification:_identify(Middlewares/ST) by extension 'colcon_pkg'
[0.152s] Level 1:colcon.colcon_core.package_identification:_identify(Middlewares/ST) by extensions ['colcon_meta']
[0.152s] Level 1:colcon.colcon_core.package_identification:_identify(Middlewares/ST) by extension 'colcon_meta'
[0.152s] Level 1:colcon.colcon_core.package_identification:_identify(Middlewares/ST) by extensions ['ros']
[0.152s] Level 1:colcon.colcon_core.package_identification:_identify(Middlewares/ST) by extension 'ros'
[0.152s] Level 1:colcon.colcon_core.package_identification:_identify(Middlewares/ST) by extensions ['cmake', 'python']
[0.152s] Level 1:colcon.colcon_core.package_identification:_identify(Middlewares/ST) by extension 'cmake'
[0.152s] Level 1:colcon.colcon_core.package_identification:_identify(Middlewares/ST) by extension 'python'
[0.152s] Level 1:colcon.colcon_core.package_identification:_identify(Middlewares/ST) by extensions ['python_setup_py']
[0.152s] Level 1:colcon.colcon_core.package_identification:_identify(Middlewares/ST) by extension 'python_setup_py'
[0.152s] Level 1:colcon.colcon_core.package_identification:_identify(Middlewares/ST/STM32_USB_Host_Library) by extensions ['ignore', 'ignore_ament_install']
[0.152s] Level 1:colcon.colcon_core.package_identification:_identify(Middlewares/ST/STM32_USB_Host_Library) by extension 'ignore'
[0.152s] Level 1:colcon.colcon_core.package_identification:_identify(Middlewares/ST/STM32_USB_Host_Library) by extension 'ignore_ament_install'
[0.152s] Level 1:colcon.colcon_core.package_identification:_identify(Middlewares/ST/STM32_USB_Host_Library) by extensions ['colcon_pkg']
[0.152s] Level 1:colcon.colcon_core.package_identification:_identify(Middlewares/ST/STM32_USB_Host_Library) by extension 'colcon_pkg'
[0.152s] Level 1:colcon.colcon_core.package_identification:_identify(Middlewares/ST/STM32_USB_Host_Library) by extensions ['colcon_meta']
[0.152s] Level 1:colcon.colcon_core.package_identification:_identify(Middlewares/ST/STM32_USB_Host_Library) by extension 'colcon_meta'
[0.152s] Level 1:colcon.colcon_core.package_identification:_identify(Middlewares/ST/STM32_USB_Host_Library) by extensions ['ros']
[0.152s] Level 1:colcon.colcon_core.package_identification:_identify(Middlewares/ST/STM32_USB_Host_Library) by extension 'ros'
[0.152s] Level 1:colcon.colcon_core.package_identification:_identify(Middlewares/ST/STM32_USB_Host_Library) by extensions ['cmake', 'python']
[0.152s] Level 1:colcon.colcon_core.package_identification:_identify(Middlewares/ST/STM32_USB_Host_Library) by extension 'cmake'
[0.152s] Level 1:colcon.colcon_core.package_identification:_identify(Middlewares/ST/STM32_USB_Host_Library) by extension 'python'
[0.152s] Level 1:colcon.colcon_core.package_identification:_identify(Middlewares/ST/STM32_USB_Host_Library) by extensions ['python_setup_py']
[0.153s] Level 1:colcon.colcon_core.package_identification:_identify(Middlewares/ST/STM32_USB_Host_Library) by extension 'python_setup_py'
[0.153s] Level 1:colcon.colcon_core.package_identification:_identify(Middlewares/ST/STM32_USB_Host_Library/Class) by extensions ['ignore', 'ignore_ament_install']
[0.153s] Level 1:colcon.colcon_core.package_identification:_identify(Middlewares/ST/STM32_USB_Host_Library/Class) by extension 'ignore'
[0.153s] Level 1:colcon.colcon_core.package_identification:_identify(Middlewares/ST/STM32_USB_Host_Library/Class) by extension 'ignore_ament_install'
[0.153s] Level 1:colcon.colcon_core.package_identification:_identify(Middlewares/ST/STM32_USB_Host_Library/Class) by extensions ['colcon_pkg']
[0.153s] Level 1:colcon.colcon_core.package_identification:_identify(Middlewares/ST/STM32_USB_Host_Library/Class) by extension 'colcon_pkg'
[0.153s] Level 1:colcon.colcon_core.package_identification:_identify(Middlewares/ST/STM32_USB_Host_Library/Class) by extensions ['colcon_meta']
[0.153s] Level 1:colcon.colcon_core.package_identification:_identify(Middlewares/ST/STM32_USB_Host_Library/Class) by extension 'colcon_meta'
[0.153s] Level 1:colcon.colcon_core.package_identification:_identify(Middlewares/ST/STM32_USB_Host_Library/Class) by extensions ['ros']
[0.153s] Level 1:colcon.colcon_core.package_identification:_identify(Middlewares/ST/STM32_USB_Host_Library/Class) by extension 'ros'
[0.153s] Level 1:colcon.colcon_core.package_identification:_identify(Middlewares/ST/STM32_USB_Host_Library/Class) by extensions ['cmake', 'python']
[0.153s] Level 1:colcon.colcon_core.package_identification:_identify(Middlewares/ST/STM32_USB_Host_Library/Class) by extension 'cmake'
[0.153s] Level 1:colcon.colcon_core.package_identification:_identify(Middlewares/ST/STM32_USB_Host_Library/Class) by extension 'python'
[0.153s] Level 1:colcon.colcon_core.package_identification:_identify(Middlewares/ST/STM32_USB_Host_Library/Class) by extensions ['python_setup_py']
[0.153s] Level 1:colcon.colcon_core.package_identification:_identify(Middlewares/ST/STM32_USB_Host_Library/Class) by extension 'python_setup_py'
[0.153s] Level 1:colcon.colcon_core.package_identification:_identify(Middlewares/ST/STM32_USB_Host_Library/Class/HID) by extensions ['ignore', 'ignore_ament_install']
[0.153s] Level 1:colcon.colcon_core.package_identification:_identify(Middlewares/ST/STM32_USB_Host_Library/Class/HID) by extension 'ignore'
[0.153s] Level 1:colcon.colcon_core.package_identification:_identify(Middlewares/ST/STM32_USB_Host_Library/Class/HID) by extension 'ignore_ament_install'
[0.153s] Level 1:colcon.colcon_core.package_identification:_identify(Middlewares/ST/STM32_USB_Host_Library/Class/HID) by extensions ['colcon_pkg']
[0.153s] Level 1:colcon.colcon_core.package_identification:_identify(Middlewares/ST/STM32_USB_Host_Library/Class/HID) by extension 'colcon_pkg'
[0.153s] Level 1:colcon.colcon_core.package_identification:_identify(Middlewares/ST/STM32_USB_Host_Library/Class/HID) by extensions ['colcon_meta']
[0.153s] Level 1:colcon.colcon_core.package_identification:_identify(Middlewares/ST/STM32_USB_Host_Library/Class/HID) by extension 'colcon_meta'
[0.153s] Level 1:colcon.colcon_core.package_identification:_identify(Middlewares/ST/STM32_USB_Host_Library/Class/HID) by extensions ['ros']
[0.153s] Level 1:colcon.colcon_core.package_identification:_identify(Middlewares/ST/STM32_USB_Host_Library/Class/HID) by extension 'ros'
[0.153s] Level 1:colcon.colcon_core.package_identification:_identify(Middlewares/ST/STM32_USB_Host_Library/Class/HID) by extensions ['cmake', 'python']
[0.153s] Level 1:colcon.colcon_core.package_identification:_identify(Middlewares/ST/STM32_USB_Host_Library/Class/HID) by extension 'cmake'
[0.153s] Level 1:colcon.colcon_core.package_identification:_identify(Middlewares/ST/STM32_USB_Host_Library/Class/HID) by extension 'python'
[0.153s] Level 1:colcon.colcon_core.package_identification:_identify(Middlewares/ST/STM32_USB_Host_Library/Class/HID) by extensions ['python_setup_py']
[0.153s] Level 1:colcon.colcon_core.package_identification:_identify(Middlewares/ST/STM32_USB_Host_Library/Class/HID) by extension 'python_setup_py'
[0.153s] Level 1:colcon.colcon_core.package_identification:_identify(Middlewares/ST/STM32_USB_Host_Library/Class/HID/Inc) by extensions ['ignore', 'ignore_ament_install']
[0.153s] Level 1:colcon.colcon_core.package_identification:_identify(Middlewares/ST/STM32_USB_Host_Library/Class/HID/Inc) by extension 'ignore'
[0.153s] Level 1:colcon.colcon_core.package_identification:_identify(Middlewares/ST/STM32_USB_Host_Library/Class/HID/Inc) by extension 'ignore_ament_install'
[0.153s] Level 1:colcon.colcon_core.package_identification:_identify(Middlewares/ST/STM32_USB_Host_Library/Class/HID/Inc) by extensions ['colcon_pkg']
[0.153s] Level 1:colcon.colcon_core.package_identification:_identify(Middlewares/ST/STM32_USB_Host_Library/Class/HID/Inc) by extension 'colcon_pkg'
[0.153s] Level 1:colcon.colcon_core.package_identification:_identify(Middlewares/ST/STM32_USB_Host_Library/Class/HID/Inc) by extensions ['colcon_meta']
[0.153s] Level 1:colcon.colcon_core.package_identification:_identify(Middlewares/ST/STM32_USB_Host_Library/Class/HID/Inc) by extension 'colcon_meta'
[0.153s] Level 1:colcon.colcon_core.package_identification:_identify(Middlewares/ST/STM32_USB_Host_Library/Class/HID/Inc) by extensions ['ros']
[0.153s] Level 1:colcon.colcon_core.package_identification:_identify(Middlewares/ST/STM32_USB_Host_Library/Class/HID/Inc) by extension 'ros'
[0.153s] Level 1:colcon.colcon_core.package_identification:_identify(Middlewares/ST/STM32_USB_Host_Library/Class/HID/Inc) by extensions ['cmake', 'python']
[0.153s] Level 1:colcon.colcon_core.package_identification:_identify(Middlewares/ST/STM32_USB_Host_Library/Class/HID/Inc) by extension 'cmake'
[0.153s] Level 1:colcon.colcon_core.package_identification:_identify(Middlewares/ST/STM32_USB_Host_Library/Class/HID/Inc) by extension 'python'
[0.153s] Level 1:colcon.colcon_core.package_identification:_identify(Middlewares/ST/STM32_USB_Host_Library/Class/HID/Inc) by extensions ['python_setup_py']
[0.153s] Level 1:colcon.colcon_core.package_identification:_identify(Middlewares/ST/STM32_USB_Host_Library/Class/HID/Inc) by extension 'python_setup_py'
[0.153s] Level 1:colcon.colcon_core.package_identification:_identify(Middlewares/ST/STM32_USB_Host_Library/Class/HID/Src) by extensions ['ignore', 'ignore_ament_install']
[0.153s] Level 1:colcon.colcon_core.package_identification:_identify(Middlewares/ST/STM32_USB_Host_Library/Class/HID/Src) by extension 'ignore'
[0.153s] Level 1:colcon.colcon_core.package_identification:_identify(Middlewares/ST/STM32_USB_Host_Library/Class/HID/Src) by extension 'ignore_ament_install'
[0.154s] Level 1:colcon.colcon_core.package_identification:_identify(Middlewares/ST/STM32_USB_Host_Library/Class/HID/Src) by extensions ['colcon_pkg']
[0.154s] Level 1:colcon.colcon_core.package_identification:_identify(Middlewares/ST/STM32_USB_Host_Library/Class/HID/Src) by extension 'colcon_pkg'
[0.154s] Level 1:colcon.colcon_core.package_identification:_identify(Middlewares/ST/STM32_USB_Host_Library/Class/HID/Src) by extensions ['colcon_meta']
[0.154s] Level 1:colcon.colcon_core.package_identification:_identify(Middlewares/ST/STM32_USB_Host_Library/Class/HID/Src) by extension 'colcon_meta'
[0.154s] Level 1:colcon.colcon_core.package_identification:_identify(Middlewares/ST/STM32_USB_Host_Library/Class/HID/Src) by extensions ['ros']
[0.154s] Level 1:colcon.colcon_core.package_identification:_identify(Middlewares/ST/STM32_USB_Host_Library/Class/HID/Src) by extension 'ros'
[0.154s] Level 1:colcon.colcon_core.package_identification:_identify(Middlewares/ST/STM32_USB_Host_Library/Class/HID/Src) by extensions ['cmake', 'python']
[0.154s] Level 1:colcon.colcon_core.package_identification:_identify(Middlewares/ST/STM32_USB_Host_Library/Class/HID/Src) by extension 'cmake'
[0.154s] Level 1:colcon.colcon_core.package_identification:_identify(Middlewares/ST/STM32_USB_Host_Library/Class/HID/Src) by extension 'python'
[0.154s] Level 1:colcon.colcon_core.package_identification:_identify(Middlewares/ST/STM32_USB_Host_Library/Class/HID/Src) by extensions ['python_setup_py']
[0.154s] Level 1:colcon.colcon_core.package_identification:_identify(Middlewares/ST/STM32_USB_Host_Library/Class/HID/Src) by extension 'python_setup_py'
[0.154s] Level 1:colcon.colcon_core.package_identification:_identify(Middlewares/ST/STM32_USB_Host_Library/Core) by extensions ['ignore', 'ignore_ament_install']
[0.154s] Level 1:colcon.colcon_core.package_identification:_identify(Middlewares/ST/STM32_USB_Host_Library/Core) by extension 'ignore'
[0.154s] Level 1:colcon.colcon_core.package_identification:_identify(Middlewares/ST/STM32_USB_Host_Library/Core) by extension 'ignore_ament_install'
[0.154s] Level 1:colcon.colcon_core.package_identification:_identify(Middlewares/ST/STM32_USB_Host_Library/Core) by extensions ['colcon_pkg']
[0.154s] Level 1:colcon.colcon_core.package_identification:_identify(Middlewares/ST/STM32_USB_Host_Library/Core) by extension 'colcon_pkg'
[0.154s] Level 1:colcon.colcon_core.package_identification:_identify(Middlewares/ST/STM32_USB_Host_Library/Core) by extensions ['colcon_meta']
[0.154s] Level 1:colcon.colcon_core.package_identification:_identify(Middlewares/ST/STM32_USB_Host_Library/Core) by extension 'colcon_meta'
[0.154s] Level 1:colcon.colcon_core.package_identification:_identify(Middlewares/ST/STM32_USB_Host_Library/Core) by extensions ['ros']
[0.154s] Level 1:colcon.colcon_core.package_identification:_identify(Middlewares/ST/STM32_USB_Host_Library/Core) by extension 'ros'
[0.154s] Level 1:colcon.colcon_core.package_identification:_identify(Middlewares/ST/STM32_USB_Host_Library/Core) by extensions ['cmake', 'python']
[0.154s] Level 1:colcon.colcon_core.package_identification:_identify(Middlewares/ST/STM32_USB_Host_Library/Core) by extension 'cmake'
[0.154s] Level 1:colcon.colcon_core.package_identification:_identify(Middlewares/ST/STM32_USB_Host_Library/Core) by extension 'python'
[0.154s] Level 1:colcon.colcon_core.package_identification:_identify(Middlewares/ST/STM32_USB_Host_Library/Core) by extensions ['python_setup_py']
[0.154s] Level 1:colcon.colcon_core.package_identification:_identify(Middlewares/ST/STM32_USB_Host_Library/Core) by extension 'python_setup_py'
[0.154s] Level 1:colcon.colcon_core.package_identification:_identify(Middlewares/ST/STM32_USB_Host_Library/Core/Inc) by extensions ['ignore', 'ignore_ament_install']
[0.154s] Level 1:colcon.colcon_core.package_identification:_identify(Middlewares/ST/STM32_USB_Host_Library/Core/Inc) by extension 'ignore'
[0.154s] Level 1:colcon.colcon_core.package_identification:_identify(Middlewares/ST/STM32_USB_Host_Library/Core/Inc) by extension 'ignore_ament_install'
[0.154s] Level 1:colcon.colcon_core.package_identification:_identify(Middlewares/ST/STM32_USB_Host_Library/Core/Inc) by extensions ['colcon_pkg']
[0.154s] Level 1:colcon.colcon_core.package_identification:_identify(Middlewares/ST/STM32_USB_Host_Library/Core/Inc) by extension 'colcon_pkg'
[0.154s] Level 1:colcon.colcon_core.package_identification:_identify(Middlewares/ST/STM32_USB_Host_Library/Core/Inc) by extensions ['colcon_meta']
[0.154s] Level 1:colcon.colcon_core.package_identification:_identify(Middlewares/ST/STM32_USB_Host_Library/Core/Inc) by extension 'colcon_meta'
[0.154s] Level 1:colcon.colcon_core.package_identification:_identify(Middlewares/ST/STM32_USB_Host_Library/Core/Inc) by extensions ['ros']
[0.154s] Level 1:colcon.colcon_core.package_identification:_identify(Middlewares/ST/STM32_USB_Host_Library/Core/Inc) by extension 'ros'
[0.154s] Level 1:colcon.colcon_core.package_identification:_identify(Middlewares/ST/STM32_USB_Host_Library/Core/Inc) by extensions ['cmake', 'python']
[0.154s] Level 1:colcon.colcon_core.package_identification:_identify(Middlewares/ST/STM32_USB_Host_Library/Core/Inc) by extension 'cmake'
[0.154s] Level 1:colcon.colcon_core.package_identification:_identify(Middlewares/ST/STM32_USB_Host_Library/Core/Inc) by extension 'python'
[0.154s] Level 1:colcon.colcon_core.package_identification:_identify(Middlewares/ST/STM32_USB_Host_Library/Core/Inc) by extensions ['python_setup_py']
[0.154s] Level 1:colcon.colcon_core.package_identification:_identify(Middlewares/ST/STM32_USB_Host_Library/Core/Inc) by extension 'python_setup_py'
[0.154s] Level 1:colcon.colcon_core.package_identification:_identify(Middlewares/ST/STM32_USB_Host_Library/Core/Src) by extensions ['ignore', 'ignore_ament_install']
[0.154s] Level 1:colcon.colcon_core.package_identification:_identify(Middlewares/ST/STM32_USB_Host_Library/Core/Src) by extension 'ignore'
[0.154s] Level 1:colcon.colcon_core.package_identification:_identify(Middlewares/ST/STM32_USB_Host_Library/Core/Src) by extension 'ignore_ament_install'
[0.154s] Level 1:colcon.colcon_core.package_identification:_identify(Middlewares/ST/STM32_USB_Host_Library/Core/Src) by extensions ['colcon_pkg']
[0.154s] Level 1:colcon.colcon_core.package_identification:_identify(Middlewares/ST/STM32_USB_Host_Library/Core/Src) by extension 'colcon_pkg'
[0.154s] Level 1:colcon.colcon_core.package_identification:_identify(Middlewares/ST/STM32_USB_Host_Library/Core/Src) by extensions ['colcon_meta']
[0.154s] Level 1:colcon.colcon_core.package_identification:_identify(Middlewares/ST/STM32_USB_Host_Library/Core/Src) by extension 'colcon_meta'
[0.154s] Level 1:colcon.colcon_core.package_identification:_identify(Middlewares/ST/STM32_USB_Host_Library/Core/Src) by extensions ['ros']
[0.154s] Level 1:colcon.colcon_core.package_identification:_identify(Middlewares/ST/STM32_USB_Host_Library/Core/Src) by extension 'ros'
[0.154s] Level 1:colcon.colcon_core.package_identification:_identify(Middlewares/ST/STM32_USB_Host_Library/Core/Src) by extensions ['cmake', 'python']
[0.155s] Level 1:colcon.colcon_core.package_identification:_identify(Middlewares/ST/STM32_USB_Host_Library/Core/Src) by extension 'cmake'
[0.155s] Level 1:colcon.colcon_core.package_identification:_identify(Middlewares/ST/STM32_USB_Host_Library/Core/Src) by extension 'python'
[0.155s] Level 1:colcon.colcon_core.package_identification:_identify(Middlewares/ST/STM32_USB_Host_Library/Core/Src) by extensions ['python_setup_py']
[0.155s] Level 1:colcon.colcon_core.package_identification:_identify(Middlewares/ST/STM32_USB_Host_Library/Core/Src) by extension 'python_setup_py'
[0.155s] Level 1:colcon.colcon_core.package_identification:_identify(Middlewares/Third_Party) by extensions ['ignore', 'ignore_ament_install']
[0.155s] Level 1:colcon.colcon_core.package_identification:_identify(Middlewares/Third_Party) by extension 'ignore'
[0.155s] Level 1:colcon.colcon_core.package_identification:_identify(Middlewares/Third_Party) by extension 'ignore_ament_install'
[0.155s] Level 1:colcon.colcon_core.package_identification:_identify(Middlewares/Third_Party) by extensions ['colcon_pkg']
[0.155s] Level 1:colcon.colcon_core.package_identification:_identify(Middlewares/Third_Party) by extension 'colcon_pkg'
[0.155s] Level 1:colcon.colcon_core.package_identification:_identify(Middlewares/Third_Party) by extensions ['colcon_meta']
[0.155s] Level 1:colcon.colcon_core.package_identification:_identify(Middlewares/Third_Party) by extension 'colcon_meta'
[0.155s] Level 1:colcon.colcon_core.package_identification:_identify(Middlewares/Third_Party) by extensions ['ros']
[0.155s] Level 1:colcon.colcon_core.package_identification:_identify(Middlewares/Third_Party) by extension 'ros'
[0.155s] Level 1:colcon.colcon_core.package_identification:_identify(Middlewares/Third_Party) by extensions ['cmake', 'python']
[0.155s] Level 1:colcon.colcon_core.package_identification:_identify(Middlewares/Third_Party) by extension 'cmake'
[0.155s] Level 1:colcon.colcon_core.package_identification:_identify(Middlewares/Third_Party) by extension 'python'
[0.155s] Level 1:colcon.colcon_core.package_identification:_identify(Middlewares/Third_Party) by extensions ['python_setup_py']
[0.155s] Level 1:colcon.colcon_core.package_identification:_identify(Middlewares/Third_Party) by extension 'python_setup_py'
[0.155s] Level 1:colcon.colcon_core.package_identification:_identify(Middlewares/Third_Party/FreeRTOS) by extensions ['ignore', 'ignore_ament_install']
[0.155s] Level 1:colcon.colcon_core.package_identification:_identify(Middlewares/Third_Party/FreeRTOS) by extension 'ignore'
[0.155s] Level 1:colcon.colcon_core.package_identification:_identify(Middlewares/Third_Party/FreeRTOS) by extension 'ignore_ament_install'
[0.155s] Level 1:colcon.colcon_core.package_identification:_identify(Middlewares/Third_Party/FreeRTOS) by extensions ['colcon_pkg']
[0.155s] Level 1:colcon.colcon_core.package_identification:_identify(Middlewares/Third_Party/FreeRTOS) by extension 'colcon_pkg'
[0.155s] Level 1:colcon.colcon_core.package_identification:_identify(Middlewares/Third_Party/FreeRTOS) by extensions ['colcon_meta']
[0.155s] Level 1:colcon.colcon_core.package_identification:_identify(Middlewares/Third_Party/FreeRTOS) by extension 'colcon_meta'
[0.155s] Level 1:colcon.colcon_core.package_identification:_identify(Middlewares/Third_Party/FreeRTOS) by extensions ['ros']
[0.155s] Level 1:colcon.colcon_core.package_identification:_identify(Middlewares/Third_Party/FreeRTOS) by extension 'ros'
[0.155s] Level 1:colcon.colcon_core.package_identification:_identify(Middlewares/Third_Party/FreeRTOS) by extensions ['cmake', 'python']
[0.155s] Level 1:colcon.colcon_core.package_identification:_identify(Middlewares/Third_Party/FreeRTOS) by extension 'cmake'
[0.155s] Level 1:colcon.colcon_core.package_identification:_identify(Middlewares/Third_Party/FreeRTOS) by extension 'python'
[0.155s] Level 1:colcon.colcon_core.package_identification:_identify(Middlewares/Third_Party/FreeRTOS) by extensions ['python_setup_py']
[0.155s] Level 1:colcon.colcon_core.package_identification:_identify(Middlewares/Third_Party/FreeRTOS) by extension 'python_setup_py'
[0.155s] Level 1:colcon.colcon_core.package_identification:_identify(Middlewares/Third_Party/FreeRTOS/Source) by extensions ['ignore', 'ignore_ament_install']
[0.155s] Level 1:colcon.colcon_core.package_identification:_identify(Middlewares/Third_Party/FreeRTOS/Source) by extension 'ignore'
[0.155s] Level 1:colcon.colcon_core.package_identification:_identify(Middlewares/Third_Party/FreeRTOS/Source) by extension 'ignore_ament_install'
[0.155s] Level 1:colcon.colcon_core.package_identification:_identify(Middlewares/Third_Party/FreeRTOS/Source) by extensions ['colcon_pkg']
[0.155s] Level 1:colcon.colcon_core.package_identification:_identify(Middlewares/Third_Party/FreeRTOS/Source) by extension 'colcon_pkg'
[0.155s] Level 1:colcon.colcon_core.package_identification:_identify(Middlewares/Third_Party/FreeRTOS/Source) by extensions ['colcon_meta']
[0.155s] Level 1:colcon.colcon_core.package_identification:_identify(Middlewares/Third_Party/FreeRTOS/Source) by extension 'colcon_meta'
[0.155s] Level 1:colcon.colcon_core.package_identification:_identify(Middlewares/Third_Party/FreeRTOS/Source) by extensions ['ros']
[0.155s] Level 1:colcon.colcon_core.package_identification:_identify(Middlewares/Third_Party/FreeRTOS/Source) by extension 'ros'
[0.155s] Level 1:colcon.colcon_core.package_identification:_identify(Middlewares/Third_Party/FreeRTOS/Source) by extensions ['cmake', 'python']
[0.155s] Level 1:colcon.colcon_core.package_identification:_identify(Middlewares/Third_Party/FreeRTOS/Source) by extension 'cmake'
[0.155s] Level 1:colcon.colcon_core.package_identification:_identify(Middlewares/Third_Party/FreeRTOS/Source) by extension 'python'
[0.155s] Level 1:colcon.colcon_core.package_identification:_identify(Middlewares/Third_Party/FreeRTOS/Source) by extensions ['python_setup_py']
[0.155s] Level 1:colcon.colcon_core.package_identification:_identify(Middlewares/Third_Party/FreeRTOS/Source) by extension 'python_setup_py'
[0.155s] Level 1:colcon.colcon_core.package_identification:_identify(Middlewares/Third_Party/FreeRTOS/Source/CMSIS_RTOS_V2) by extensions ['ignore', 'ignore_ament_install']
[0.155s] Level 1:colcon.colcon_core.package_identification:_identify(Middlewares/Third_Party/FreeRTOS/Source/CMSIS_RTOS_V2) by extension 'ignore'
[0.155s] Level 1:colcon.colcon_core.package_identification:_identify(Middlewares/Third_Party/FreeRTOS/Source/CMSIS_RTOS_V2) by extension 'ignore_ament_install'
[0.156s] Level 1:colcon.colcon_core.package_identification:_identify(Middlewares/Third_Party/FreeRTOS/Source/CMSIS_RTOS_V2) by extensions ['colcon_pkg']
[0.156s] Level 1:colcon.colcon_core.package_identification:_identify(Middlewares/Third_Party/FreeRTOS/Source/CMSIS_RTOS_V2) by extension 'colcon_pkg'
[0.156s] Level 1:colcon.colcon_core.package_identification:_identify(Middlewares/Third_Party/FreeRTOS/Source/CMSIS_RTOS_V2) by extensions ['colcon_meta']
[0.156s] Level 1:colcon.colcon_core.package_identification:_identify(Middlewares/Third_Party/FreeRTOS/Source/CMSIS_RTOS_V2) by extension 'colcon_meta'
[0.156s] Level 1:colcon.colcon_core.package_identification:_identify(Middlewares/Third_Party/FreeRTOS/Source/CMSIS_RTOS_V2) by extensions ['ros']
[0.156s] Level 1:colcon.colcon_core.package_identification:_identify(Middlewares/Third_Party/FreeRTOS/Source/CMSIS_RTOS_V2) by extension 'ros'
[0.156s] Level 1:colcon.colcon_core.package_identification:_identify(Middlewares/Third_Party/FreeRTOS/Source/CMSIS_RTOS_V2) by extensions ['cmake', 'python']
[0.156s] Level 1:colcon.colcon_core.package_identification:_identify(Middlewares/Third_Party/FreeRTOS/Source/CMSIS_RTOS_V2) by extension 'cmake'
[0.156s] Level 1:colcon.colcon_core.package_identification:_identify(Middlewares/Third_Party/FreeRTOS/Source/CMSIS_RTOS_V2) by extension 'python'
[0.156s] Level 1:colcon.colcon_core.package_identification:_identify(Middlewares/Third_Party/FreeRTOS/Source/CMSIS_RTOS_V2) by extensions ['python_setup_py']
[0.156s] Level 1:colcon.colcon_core.package_identification:_identify(Middlewares/Third_Party/FreeRTOS/Source/CMSIS_RTOS_V2) by extension 'python_setup_py'
[0.156s] Level 1:colcon.colcon_core.package_identification:_identify(Middlewares/Third_Party/FreeRTOS/Source/include) by extensions ['ignore', 'ignore_ament_install']
[0.156s] Level 1:colcon.colcon_core.package_identification:_identify(Middlewares/Third_Party/FreeRTOS/Source/include) by extension 'ignore'
[0.156s] Level 1:colcon.colcon_core.package_identification:_identify(Middlewares/Third_Party/FreeRTOS/Source/include) by extension 'ignore_ament_install'
[0.156s] Level 1:colcon.colcon_core.package_identification:_identify(Middlewares/Third_Party/FreeRTOS/Source/include) by extensions ['colcon_pkg']
[0.156s] Level 1:colcon.colcon_core.package_identification:_identify(Middlewares/Third_Party/FreeRTOS/Source/include) by extension 'colcon_pkg'
[0.156s] Level 1:colcon.colcon_core.package_identification:_identify(Middlewares/Third_Party/FreeRTOS/Source/include) by extensions ['colcon_meta']
[0.156s] Level 1:colcon.colcon_core.package_identification:_identify(Middlewares/Third_Party/FreeRTOS/Source/include) by extension 'colcon_meta'
[0.156s] Level 1:colcon.colcon_core.package_identification:_identify(Middlewares/Third_Party/FreeRTOS/Source/include) by extensions ['ros']
[0.156s] Level 1:colcon.colcon_core.package_identification:_identify(Middlewares/Third_Party/FreeRTOS/Source/include) by extension 'ros'
[0.156s] Level 1:colcon.colcon_core.package_identification:_identify(Middlewares/Third_Party/FreeRTOS/Source/include) by extensions ['cmake', 'python']
[0.156s] Level 1:colcon.colcon_core.package_identification:_identify(Middlewares/Third_Party/FreeRTOS/Source/include) by extension 'cmake'
[0.156s] Level 1:colcon.colcon_core.package_identification:_identify(Middlewares/Third_Party/FreeRTOS/Source/include) by extension 'python'
[0.156s] Level 1:colcon.colcon_core.package_identification:_identify(Middlewares/Third_Party/FreeRTOS/Source/include) by extensions ['python_setup_py']
[0.156s] Level 1:colcon.colcon_core.package_identification:_identify(Middlewares/Third_Party/FreeRTOS/Source/include) by extension 'python_setup_py'
[0.156s] Level 1:colcon.colcon_core.package_identification:_identify(Middlewares/Third_Party/FreeRTOS/Source/portable) by extensions ['ignore', 'ignore_ament_install']
[0.156s] Level 1:colcon.colcon_core.package_identification:_identify(Middlewares/Third_Party/FreeRTOS/Source/portable) by extension 'ignore'
[0.156s] Level 1:colcon.colcon_core.package_identification:_identify(Middlewares/Third_Party/FreeRTOS/Source/portable) by extension 'ignore_ament_install'
[0.156s] Level 1:colcon.colcon_core.package_identification:_identify(Middlewares/Third_Party/FreeRTOS/Source/portable) by extensions ['colcon_pkg']
[0.156s] Level 1:colcon.colcon_core.package_identification:_identify(Middlewares/Third_Party/FreeRTOS/Source/portable) by extension 'colcon_pkg'
[0.156s] Level 1:colcon.colcon_core.package_identification:_identify(Middlewares/Third_Party/FreeRTOS/Source/portable) by extensions ['colcon_meta']
[0.156s] Level 1:colcon.colcon_core.package_identification:_identify(Middlewares/Third_Party/FreeRTOS/Source/portable) by extension 'colcon_meta'
[0.156s] Level 1:colcon.colcon_core.package_identification:_identify(Middlewares/Third_Party/FreeRTOS/Source/portable) by extensions ['ros']
[0.156s] Level 1:colcon.colcon_core.package_identification:_identify(Middlewares/Third_Party/FreeRTOS/Source/portable) by extension 'ros'
[0.156s] Level 1:colcon.colcon_core.package_identification:_identify(Middlewares/Third_Party/FreeRTOS/Source/portable) by extensions ['cmake', 'python']
[0.156s] Level 1:colcon.colcon_core.package_identification:_identify(Middlewares/Third_Party/FreeRTOS/Source/portable) by extension 'cmake'
[0.156s] Level 1:colcon.colcon_core.package_identification:_identify(Middlewares/Third_Party/FreeRTOS/Source/portable) by extension 'python'
[0.156s] Level 1:colcon.colcon_core.package_identification:_identify(Middlewares/Third_Party/FreeRTOS/Source/portable) by extensions ['python_setup_py']
[0.156s] Level 1:colcon.colcon_core.package_identification:_identify(Middlewares/Third_Party/FreeRTOS/Source/portable) by extension 'python_setup_py'
[0.156s] Level 1:colcon.colcon_core.package_identification:_identify(Middlewares/Third_Party/FreeRTOS/Source/portable/GCC) by extensions ['ignore', 'ignore_ament_install']
[0.156s] Level 1:colcon.colcon_core.package_identification:_identify(Middlewares/Third_Party/FreeRTOS/Source/portable/GCC) by extension 'ignore'
[0.156s] Level 1:colcon.colcon_core.package_identification:_identify(Middlewares/Third_Party/FreeRTOS/Source/portable/GCC) by extension 'ignore_ament_install'
[0.156s] Level 1:colcon.colcon_core.package_identification:_identify(Middlewares/Third_Party/FreeRTOS/Source/portable/GCC) by extensions ['colcon_pkg']
[0.156s] Level 1:colcon.colcon_core.package_identification:_identify(Middlewares/Third_Party/FreeRTOS/Source/portable/GCC) by extension 'colcon_pkg'
[0.156s] Level 1:colcon.colcon_core.package_identification:_identify(Middlewares/Third_Party/FreeRTOS/Source/portable/GCC) by extensions ['colcon_meta']
[0.156s] Level 1:colcon.colcon_core.package_identification:_identify(Middlewares/Third_Party/FreeRTOS/Source/portable/GCC) by extension 'colcon_meta'
[0.156s] Level 1:colcon.colcon_core.package_identification:_identify(Middlewares/Third_Party/FreeRTOS/Source/portable/GCC) by extensions ['ros']
[0.156s] Level 1:colcon.colcon_core.package_identification:_identify(Middlewares/Third_Party/FreeRTOS/Source/portable/GCC) by extension 'ros'
[0.157s] Level 1:colcon.colcon_core.package_identification:_identify(Middlewares/Third_Party/FreeRTOS/Source/portable/GCC) by extensions ['cmake', 'python']
[0.157s] Level 1:colcon.colcon_core.package_identification:_identify(Middlewares/Third_Party/FreeRTOS/Source/portable/GCC) by extension 'cmake'
[0.157s] Level 1:colcon.colcon_core.package_identification:_identify(Middlewares/Third_Party/FreeRTOS/Source/portable/GCC) by extension 'python'
[0.157s] Level 1:colcon.colcon_core.package_identification:_identify(Middlewares/Third_Party/FreeRTOS/Source/portable/GCC) by extensions ['python_setup_py']
[0.157s] Level 1:colcon.colcon_core.package_identification:_identify(Middlewares/Third_Party/FreeRTOS/Source/portable/GCC) by extension 'python_setup_py'
[0.157s] Level 1:colcon.colcon_core.package_identification:_identify(Middlewares/Third_Party/FreeRTOS/Source/portable/GCC/ARM_CM4F) by extensions ['ignore', 'ignore_ament_install']
[0.157s] Level 1:colcon.colcon_core.package_identification:_identify(Middlewares/Third_Party/FreeRTOS/Source/portable/GCC/ARM_CM4F) by extension 'ignore'
[0.157s] Level 1:colcon.colcon_core.package_identification:_identify(Middlewares/Third_Party/FreeRTOS/Source/portable/GCC/ARM_CM4F) by extension 'ignore_ament_install'
[0.157s] Level 1:colcon.colcon_core.package_identification:_identify(Middlewares/Third_Party/FreeRTOS/Source/portable/GCC/ARM_CM4F) by extensions ['colcon_pkg']
[0.157s] Level 1:colcon.colcon_core.package_identification:_identify(Middlewares/Third_Party/FreeRTOS/Source/portable/GCC/ARM_CM4F) by extension 'colcon_pkg'
[0.157s] Level 1:colcon.colcon_core.package_identification:_identify(Middlewares/Third_Party/FreeRTOS/Source/portable/GCC/ARM_CM4F) by extensions ['colcon_meta']
[0.157s] Level 1:colcon.colcon_core.package_identification:_identify(Middlewares/Third_Party/FreeRTOS/Source/portable/GCC/ARM_CM4F) by extension 'colcon_meta'
[0.157s] Level 1:colcon.colcon_core.package_identification:_identify(Middlewares/Third_Party/FreeRTOS/Source/portable/GCC/ARM_CM4F) by extensions ['ros']
[0.157s] Level 1:colcon.colcon_core.package_identification:_identify(Middlewares/Third_Party/FreeRTOS/Source/portable/GCC/ARM_CM4F) by extension 'ros'
[0.157s] Level 1:colcon.colcon_core.package_identification:_identify(Middlewares/Third_Party/FreeRTOS/Source/portable/GCC/ARM_CM4F) by extensions ['cmake', 'python']
[0.157s] Level 1:colcon.colcon_core.package_identification:_identify(Middlewares/Third_Party/FreeRTOS/Source/portable/GCC/ARM_CM4F) by extension 'cmake'
[0.157s] Level 1:colcon.colcon_core.package_identification:_identify(Middlewares/Third_Party/FreeRTOS/Source/portable/GCC/ARM_CM4F) by extension 'python'
[0.157s] Level 1:colcon.colcon_core.package_identification:_identify(Middlewares/Third_Party/FreeRTOS/Source/portable/GCC/ARM_CM4F) by extensions ['python_setup_py']
[0.157s] Level 1:colcon.colcon_core.package_identification:_identify(Middlewares/Third_Party/FreeRTOS/Source/portable/GCC/ARM_CM4F) by extension 'python_setup_py'
[0.157s] Level 1:colcon.colcon_core.package_identification:_identify(Middlewares/Third_Party/FreeRTOS/Source/portable/MemMang) by extensions ['ignore', 'ignore_ament_install']
[0.157s] Level 1:colcon.colcon_core.package_identification:_identify(Middlewares/Third_Party/FreeRTOS/Source/portable/MemMang) by extension 'ignore'
[0.157s] Level 1:colcon.colcon_core.package_identification:_identify(Middlewares/Third_Party/FreeRTOS/Source/portable/MemMang) by extension 'ignore_ament_install'
[0.157s] Level 1:colcon.colcon_core.package_identification:_identify(Middlewares/Third_Party/FreeRTOS/Source/portable/MemMang) by extensions ['colcon_pkg']
[0.157s] Level 1:colcon.colcon_core.package_identification:_identify(Middlewares/Third_Party/FreeRTOS/Source/portable/MemMang) by extension 'colcon_pkg'
[0.157s] Level 1:colcon.colcon_core.package_identification:_identify(Middlewares/Third_Party/FreeRTOS/Source/portable/MemMang) by extensions ['colcon_meta']
[0.157s] Level 1:colcon.colcon_core.package_identification:_identify(Middlewares/Third_Party/FreeRTOS/Source/portable/MemMang) by extension 'colcon_meta'
[0.157s] Level 1:colcon.colcon_core.package_identification:_identify(Middlewares/Third_Party/FreeRTOS/Source/portable/MemMang) by extensions ['ros']
[0.157s] Level 1:colcon.colcon_core.package_identification:_identify(Middlewares/Third_Party/FreeRTOS/Source/portable/MemMang) by extension 'ros'
[0.157s] Level 1:colcon.colcon_core.package_identification:_identify(Middlewares/Third_Party/FreeRTOS/Source/portable/MemMang) by extensions ['cmake', 'python']
[0.157s] Level 1:colcon.colcon_core.package_identification:_identify(Middlewares/Third_Party/FreeRTOS/Source/portable/MemMang) by extension 'cmake'
[0.157s] Level 1:colcon.colcon_core.package_identification:_identify(Middlewares/Third_Party/FreeRTOS/Source/portable/MemMang) by extension 'python'
[0.157s] Level 1:colcon.colcon_core.package_identification:_identify(Middlewares/Third_Party/FreeRTOS/Source/portable/MemMang) by extensions ['python_setup_py']
[0.157s] Level 1:colcon.colcon_core.package_identification:_identify(Middlewares/Third_Party/FreeRTOS/Source/portable/MemMang) by extension 'python_setup_py'
[0.157s] Level 1:colcon.colcon_core.package_identification:_identify(Middlewares/Third_Party/FreeRTOS/Source/portable/RVDS) by extensions ['ignore', 'ignore_ament_install']
[0.157s] Level 1:colcon.colcon_core.package_identification:_identify(Middlewares/Third_Party/FreeRTOS/Source/portable/RVDS) by extension 'ignore'
[0.157s] Level 1:colcon.colcon_core.package_identification:_identify(Middlewares/Third_Party/FreeRTOS/Source/portable/RVDS) by extension 'ignore_ament_install'
[0.157s] Level 1:colcon.colcon_core.package_identification:_identify(Middlewares/Third_Party/FreeRTOS/Source/portable/RVDS) by extensions ['colcon_pkg']
[0.157s] Level 1:colcon.colcon_core.package_identification:_identify(Middlewares/Third_Party/FreeRTOS/Source/portable/RVDS) by extension 'colcon_pkg'
[0.157s] Level 1:colcon.colcon_core.package_identification:_identify(Middlewares/Third_Party/FreeRTOS/Source/portable/RVDS) by extensions ['colcon_meta']
[0.157s] Level 1:colcon.colcon_core.package_identification:_identify(Middlewares/Third_Party/FreeRTOS/Source/portable/RVDS) by extension 'colcon_meta'
[0.157s] Level 1:colcon.colcon_core.package_identification:_identify(Middlewares/Third_Party/FreeRTOS/Source/portable/RVDS) by extensions ['ros']
[0.157s] Level 1:colcon.colcon_core.package_identification:_identify(Middlewares/Third_Party/FreeRTOS/Source/portable/RVDS) by extension 'ros'
[0.157s] Level 1:colcon.colcon_core.package_identification:_identify(Middlewares/Third_Party/FreeRTOS/Source/portable/RVDS) by extensions ['cmake', 'python']
[0.157s] Level 1:colcon.colcon_core.package_identification:_identify(Middlewares/Third_Party/FreeRTOS/Source/portable/RVDS) by extension 'cmake'
[0.157s] Level 1:colcon.colcon_core.package_identification:_identify(Middlewares/Third_Party/FreeRTOS/Source/portable/RVDS) by extension 'python'
[0.157s] Level 1:colcon.colcon_core.package_identification:_identify(Middlewares/Third_Party/FreeRTOS/Source/portable/RVDS) by extensions ['python_setup_py']
[0.158s] Level 1:colcon.colcon_core.package_identification:_identify(Middlewares/Third_Party/FreeRTOS/Source/portable/RVDS) by extension 'python_setup_py'
[0.158s] Level 1:colcon.colcon_core.package_identification:_identify(Middlewares/Third_Party/FreeRTOS/Source/portable/RVDS/ARM_CM4F) by extensions ['ignore', 'ignore_ament_install']
[0.158s] Level 1:colcon.colcon_core.package_identification:_identify(Middlewares/Third_Party/FreeRTOS/Source/portable/RVDS/ARM_CM4F) by extension 'ignore'
[0.158s] Level 1:colcon.colcon_core.package_identification:_identify(Middlewares/Third_Party/FreeRTOS/Source/portable/RVDS/ARM_CM4F) by extension 'ignore_ament_install'
[0.158s] Level 1:colcon.colcon_core.package_identification:_identify(Middlewares/Third_Party/FreeRTOS/Source/portable/RVDS/ARM_CM4F) by extensions ['colcon_pkg']
[0.158s] Level 1:colcon.colcon_core.package_identification:_identify(Middlewares/Third_Party/FreeRTOS/Source/portable/RVDS/ARM_CM4F) by extension 'colcon_pkg'
[0.158s] Level 1:colcon.colcon_core.package_identification:_identify(Middlewares/Third_Party/FreeRTOS/Source/portable/RVDS/ARM_CM4F) by extensions ['colcon_meta']
[0.158s] Level 1:colcon.colcon_core.package_identification:_identify(Middlewares/Third_Party/FreeRTOS/Source/portable/RVDS/ARM_CM4F) by extension 'colcon_meta'
[0.158s] Level 1:colcon.colcon_core.package_identification:_identify(Middlewares/Third_Party/FreeRTOS/Source/portable/RVDS/ARM_CM4F) by extensions ['ros']
[0.158s] Level 1:colcon.colcon_core.package_identification:_identify(Middlewares/Third_Party/FreeRTOS/Source/portable/RVDS/ARM_CM4F) by extension 'ros'
[0.158s] Level 1:colcon.colcon_core.package_identification:_identify(Middlewares/Third_Party/FreeRTOS/Source/portable/RVDS/ARM_CM4F) by extensions ['cmake', 'python']
[0.158s] Level 1:colcon.colcon_core.package_identification:_identify(Middlewares/Third_Party/FreeRTOS/Source/portable/RVDS/ARM_CM4F) by extension 'cmake'
[0.158s] Level 1:colcon.colcon_core.package_identification:_identify(Middlewares/Third_Party/FreeRTOS/Source/portable/RVDS/ARM_CM4F) by extension 'python'
[0.158s] Level 1:colcon.colcon_core.package_identification:_identify(Middlewares/Third_Party/FreeRTOS/Source/portable/RVDS/ARM_CM4F) by extensions ['python_setup_py']
[0.158s] Level 1:colcon.colcon_core.package_identification:_identify(Middlewares/Third_Party/FreeRTOS/Source/portable/RVDS/ARM_CM4F) by extension 'python_setup_py'
[0.158s] Level 1:colcon.colcon_core.package_identification:_identify(PlatformIO) by extensions ['ignore', 'ignore_ament_install']
[0.158s] Level 1:colcon.colcon_core.package_identification:_identify(PlatformIO) by extension 'ignore'
[0.158s] Level 1:colcon.colcon_core.package_identification:_identify(PlatformIO) by extension 'ignore_ament_install'
[0.158s] Level 1:colcon.colcon_core.package_identification:_identify(PlatformIO) by extensions ['colcon_pkg']
[0.158s] Level 1:colcon.colcon_core.package_identification:_identify(PlatformIO) by extension 'colcon_pkg'
[0.158s] Level 1:colcon.colcon_core.package_identification:_identify(PlatformIO) by extensions ['colcon_meta']
[0.158s] Level 1:colcon.colcon_core.package_identification:_identify(PlatformIO) by extension 'colcon_meta'
[0.158s] Level 1:colcon.colcon_core.package_identification:_identify(PlatformIO) by extensions ['ros']
[0.158s] Level 1:colcon.colcon_core.package_identification:_identify(PlatformIO) by extension 'ros'
[0.158s] Level 1:colcon.colcon_core.package_identification:_identify(PlatformIO) by extensions ['cmake', 'python']
[0.158s] Level 1:colcon.colcon_core.package_identification:_identify(PlatformIO) by extension 'cmake'
[0.158s] Level 1:colcon.colcon_core.package_identification:_identify(PlatformIO) by extension 'python'
[0.158s] Level 1:colcon.colcon_core.package_identification:_identify(PlatformIO) by extensions ['python_setup_py']
[0.158s] Level 1:colcon.colcon_core.package_identification:_identify(PlatformIO) by extension 'python_setup_py'
[0.158s] Level 1:colcon.colcon_core.package_identification:_identify(RRC升级脚本_通用例程) by extensions ['ignore', 'ignore_ament_install']
[0.158s] Level 1:colcon.colcon_core.package_identification:_identify(RRC升级脚本_通用例程) by extension 'ignore'
[0.158s] Level 1:colcon.colcon_core.package_identification:_identify(RRC升级脚本_通用例程) by extension 'ignore_ament_install'
[0.158s] Level 1:colcon.colcon_core.package_identification:_identify(RRC升级脚本_通用例程) by extensions ['colcon_pkg']
[0.158s] Level 1:colcon.colcon_core.package_identification:_identify(RRC升级脚本_通用例程) by extension 'colcon_pkg'
[0.158s] Level 1:colcon.colcon_core.package_identification:_identify(RRC升级脚本_通用例程) by extensions ['colcon_meta']
[0.158s] Level 1:colcon.colcon_core.package_identification:_identify(RRC升级脚本_通用例程) by extension 'colcon_meta'
[0.158s] Level 1:colcon.colcon_core.package_identification:_identify(RRC升级脚本_通用例程) by extensions ['ros']
[0.158s] Level 1:colcon.colcon_core.package_identification:_identify(RRC升级脚本_通用例程) by extension 'ros'
[0.158s] Level 1:colcon.colcon_core.package_identification:_identify(RRC升级脚本_通用例程) by extensions ['cmake', 'python']
[0.158s] Level 1:colcon.colcon_core.package_identification:_identify(RRC升级脚本_通用例程) by extension 'cmake'
[0.158s] Level 1:colcon.colcon_core.package_identification:_identify(RRC升级脚本_通用例程) by extension 'python'
[0.158s] Level 1:colcon.colcon_core.package_identification:_identify(RRC升级脚本_通用例程) by extensions ['python_setup_py']
[0.158s] Level 1:colcon.colcon_core.package_identification:_identify(RRC升级脚本_通用例程) by extension 'python_setup_py'
[0.158s] Level 1:colcon.colcon_core.package_identification:_identify(RRC升级脚本_通用例程/GCC) by extensions ['ignore', 'ignore_ament_install']
[0.158s] Level 1:colcon.colcon_core.package_identification:_identify(RRC升级脚本_通用例程/GCC) by extension 'ignore'
[0.158s] Level 1:colcon.colcon_core.package_identification:_identify(RRC升级脚本_通用例程/GCC) by extension 'ignore_ament_install'
[0.158s] Level 1:colcon.colcon_core.package_identification:_identify(RRC升级脚本_通用例程/GCC) by extensions ['colcon_pkg']
[0.158s] Level 1:colcon.colcon_core.package_identification:_identify(RRC升级脚本_通用例程/GCC) by extension 'colcon_pkg'
[0.158s] Level 1:colcon.colcon_core.package_identification:_identify(RRC升级脚本_通用例程/GCC) by extensions ['colcon_meta']
[0.159s] Level 1:colcon.colcon_core.package_identification:_identify(RRC升级脚本_通用例程/GCC) by extension 'colcon_meta'
[0.159s] Level 1:colcon.colcon_core.package_identification:_identify(RRC升级脚本_通用例程/GCC) by extensions ['ros']
[0.159s] Level 1:colcon.colcon_core.package_identification:_identify(RRC升级脚本_通用例程/GCC) by extension 'ros'
[0.159s] Level 1:colcon.colcon_core.package_identification:_identify(RRC升级脚本_通用例程/GCC) by extensions ['cmake', 'python']
[0.159s] Level 1:colcon.colcon_core.package_identification:_identify(RRC升级脚本_通用例程/GCC) by extension 'cmake'
[0.159s] Level 1:colcon.colcon_core.package_identification:_identify(RRC升级脚本_通用例程/GCC) by extension 'python'
[0.159s] Level 1:colcon.colcon_core.package_identification:_identify(RRC升级脚本_通用例程/GCC) by extensions ['python_setup_py']
[0.159s] Level 1:colcon.colcon_core.package_identification:_identify(RRC升级脚本_通用例程/GCC) by extension 'python_setup_py'
[0.159s] Level 1:colcon.colcon_core.package_identification:_identify(RRC升级脚本_通用例程/GCC/ARM_CM4F) by extensions ['ignore', 'ignore_ament_install']
[0.159s] Level 1:colcon.colcon_core.package_identification:_identify(RRC升级脚本_通用例程/GCC/ARM_CM4F) by extension 'ignore'
[0.159s] Level 1:colcon.colcon_core.package_identification:_identify(RRC升级脚本_通用例程/GCC/ARM_CM4F) by extension 'ignore_ament_install'
[0.159s] Level 1:colcon.colcon_core.package_identification:_identify(RRC升级脚本_通用例程/GCC/ARM_CM4F) by extensions ['colcon_pkg']
[0.159s] Level 1:colcon.colcon_core.package_identification:_identify(RRC升级脚本_通用例程/GCC/ARM_CM4F) by extension 'colcon_pkg'
[0.159s] Level 1:colcon.colcon_core.package_identification:_identify(RRC升级脚本_通用例程/GCC/ARM_CM4F) by extensions ['colcon_meta']
[0.159s] Level 1:colcon.colcon_core.package_identification:_identify(RRC升级脚本_通用例程/GCC/ARM_CM4F) by extension 'colcon_meta'
[0.159s] Level 1:colcon.colcon_core.package_identification:_identify(RRC升级脚本_通用例程/GCC/ARM_CM4F) by extensions ['ros']
[0.159s] Level 1:colcon.colcon_core.package_identification:_identify(RRC升级脚本_通用例程/GCC/ARM_CM4F) by extension 'ros'
[0.159s] Level 1:colcon.colcon_core.package_identification:_identify(RRC升级脚本_通用例程/GCC/ARM_CM4F) by extensions ['cmake', 'python']
[0.159s] Level 1:colcon.colcon_core.package_identification:_identify(RRC升级脚本_通用例程/GCC/ARM_CM4F) by extension 'cmake'
[0.159s] Level 1:colcon.colcon_core.package_identification:_identify(RRC升级脚本_通用例程/GCC/ARM_CM4F) by extension 'python'
[0.159s] Level 1:colcon.colcon_core.package_identification:_identify(RRC升级脚本_通用例程/GCC/ARM_CM4F) by extensions ['python_setup_py']
[0.159s] Level 1:colcon.colcon_core.package_identification:_identify(RRC升级脚本_通用例程/GCC/ARM_CM4F) by extension 'python_setup_py'
[0.159s] Level 1:colcon.colcon_core.package_identification:_identify(RRC升级脚本_通用例程/操作步骤（必看）) by extensions ['ignore', 'ignore_ament_install']
[0.159s] Level 1:colcon.colcon_core.package_identification:_identify(RRC升级脚本_通用例程/操作步骤（必看）) by extension 'ignore'
[0.159s] Level 1:colcon.colcon_core.package_identification:_identify(RRC升级脚本_通用例程/操作步骤（必看）) by extension 'ignore_ament_install'
[0.159s] Level 1:colcon.colcon_core.package_identification:_identify(RRC升级脚本_通用例程/操作步骤（必看）) by extensions ['colcon_pkg']
[0.159s] Level 1:colcon.colcon_core.package_identification:_identify(RRC升级脚本_通用例程/操作步骤（必看）) by extension 'colcon_pkg'
[0.159s] Level 1:colcon.colcon_core.package_identification:_identify(RRC升级脚本_通用例程/操作步骤（必看）) by extensions ['colcon_meta']
[0.159s] Level 1:colcon.colcon_core.package_identification:_identify(RRC升级脚本_通用例程/操作步骤（必看）) by extension 'colcon_meta'
[0.159s] Level 1:colcon.colcon_core.package_identification:_identify(RRC升级脚本_通用例程/操作步骤（必看）) by extensions ['ros']
[0.159s] Level 1:colcon.colcon_core.package_identification:_identify(RRC升级脚本_通用例程/操作步骤（必看）) by extension 'ros'
[0.159s] Level 1:colcon.colcon_core.package_identification:_identify(RRC升级脚本_通用例程/操作步骤（必看）) by extensions ['cmake', 'python']
[0.159s] Level 1:colcon.colcon_core.package_identification:_identify(RRC升级脚本_通用例程/操作步骤（必看）) by extension 'cmake'
[0.159s] Level 1:colcon.colcon_core.package_identification:_identify(RRC升级脚本_通用例程/操作步骤（必看）) by extension 'python'
[0.159s] Level 1:colcon.colcon_core.package_identification:_identify(RRC升级脚本_通用例程/操作步骤（必看）) by extensions ['python_setup_py']
[0.159s] Level 1:colcon.colcon_core.package_identification:_identify(RRC升级脚本_通用例程/操作步骤（必看）) by extension 'python_setup_py'
[0.159s] Level 1:colcon.colcon_core.package_identification:_identify(RRC升级脚本_通用例程/选择性移植文件) by extensions ['ignore', 'ignore_ament_install']
[0.159s] Level 1:colcon.colcon_core.package_identification:_identify(RRC升级脚本_通用例程/选择性移植文件) by extension 'ignore'
[0.159s] Level 1:colcon.colcon_core.package_identification:_identify(RRC升级脚本_通用例程/选择性移植文件) by extension 'ignore_ament_install'
[0.159s] Level 1:colcon.colcon_core.package_identification:_identify(RRC升级脚本_通用例程/选择性移植文件) by extensions ['colcon_pkg']
[0.159s] Level 1:colcon.colcon_core.package_identification:_identify(RRC升级脚本_通用例程/选择性移植文件) by extension 'colcon_pkg'
[0.159s] Level 1:colcon.colcon_core.package_identification:_identify(RRC升级脚本_通用例程/选择性移植文件) by extensions ['colcon_meta']
[0.159s] Level 1:colcon.colcon_core.package_identification:_identify(RRC升级脚本_通用例程/选择性移植文件) by extension 'colcon_meta'
[0.159s] Level 1:colcon.colcon_core.package_identification:_identify(RRC升级脚本_通用例程/选择性移植文件) by extensions ['ros']
[0.159s] Level 1:colcon.colcon_core.package_identification:_identify(RRC升级脚本_通用例程/选择性移植文件) by extension 'ros'
[0.159s] Level 1:colcon.colcon_core.package_identification:_identify(RRC升级脚本_通用例程/选择性移植文件) by extensions ['cmake', 'python']
[0.159s] Level 1:colcon.colcon_core.package_identification:_identify(RRC升级脚本_通用例程/选择性移植文件) by extension 'cmake'
[0.159s] Level 1:colcon.colcon_core.package_identification:_identify(RRC升级脚本_通用例程/选择性移植文件) by extension 'python'
[0.159s] Level 1:colcon.colcon_core.package_identification:_identify(RRC升级脚本_通用例程/选择性移植文件) by extensions ['python_setup_py']
[0.159s] Level 1:colcon.colcon_core.package_identification:_identify(RRC升级脚本_通用例程/选择性移植文件) by extension 'python_setup_py'
[0.160s] Level 1:colcon.colcon_core.package_identification:_identify(SI) by extensions ['ignore', 'ignore_ament_install']
[0.160s] Level 1:colcon.colcon_core.package_identification:_identify(SI) by extension 'ignore'
[0.160s] Level 1:colcon.colcon_core.package_identification:_identify(SI) by extension 'ignore_ament_install'
[0.160s] Level 1:colcon.colcon_core.package_identification:_identify(SI) by extensions ['colcon_pkg']
[0.160s] Level 1:colcon.colcon_core.package_identification:_identify(SI) by extension 'colcon_pkg'
[0.160s] Level 1:colcon.colcon_core.package_identification:_identify(SI) by extensions ['colcon_meta']
[0.160s] Level 1:colcon.colcon_core.package_identification:_identify(SI) by extension 'colcon_meta'
[0.160s] Level 1:colcon.colcon_core.package_identification:_identify(SI) by extensions ['ros']
[0.160s] Level 1:colcon.colcon_core.package_identification:_identify(SI) by extension 'ros'
[0.160s] Level 1:colcon.colcon_core.package_identification:_identify(SI) by extensions ['cmake', 'python']
[0.160s] Level 1:colcon.colcon_core.package_identification:_identify(SI) by extension 'cmake'
[0.160s] Level 1:colcon.colcon_core.package_identification:_identify(SI) by extension 'python'
[0.160s] Level 1:colcon.colcon_core.package_identification:_identify(SI) by extensions ['python_setup_py']
[0.160s] Level 1:colcon.colcon_core.package_identification:_identify(SI) by extension 'python_setup_py'
[0.160s] Level 1:colcon.colcon_core.package_identification:_identify(SI/Tank_DiPan.si4project) by extensions ['ignore', 'ignore_ament_install']
[0.160s] Level 1:colcon.colcon_core.package_identification:_identify(SI/Tank_DiPan.si4project) by extension 'ignore'
[0.160s] Level 1:colcon.colcon_core.package_identification:_identify(SI/Tank_DiPan.si4project) by extension 'ignore_ament_install'
[0.160s] Level 1:colcon.colcon_core.package_identification:_identify(SI/Tank_DiPan.si4project) by extensions ['colcon_pkg']
[0.160s] Level 1:colcon.colcon_core.package_identification:_identify(SI/Tank_DiPan.si4project) by extension 'colcon_pkg'
[0.160s] Level 1:colcon.colcon_core.package_identification:_identify(SI/Tank_DiPan.si4project) by extensions ['colcon_meta']
[0.160s] Level 1:colcon.colcon_core.package_identification:_identify(SI/Tank_DiPan.si4project) by extension 'colcon_meta'
[0.160s] Level 1:colcon.colcon_core.package_identification:_identify(SI/Tank_DiPan.si4project) by extensions ['ros']
[0.160s] Level 1:colcon.colcon_core.package_identification:_identify(SI/Tank_DiPan.si4project) by extension 'ros'
[0.160s] Level 1:colcon.colcon_core.package_identification:_identify(SI/Tank_DiPan.si4project) by extensions ['cmake', 'python']
[0.160s] Level 1:colcon.colcon_core.package_identification:_identify(SI/Tank_DiPan.si4project) by extension 'cmake'
[0.160s] Level 1:colcon.colcon_core.package_identification:_identify(SI/Tank_DiPan.si4project) by extension 'python'
[0.160s] Level 1:colcon.colcon_core.package_identification:_identify(SI/Tank_DiPan.si4project) by extensions ['python_setup_py']
[0.160s] Level 1:colcon.colcon_core.package_identification:_identify(SI/Tank_DiPan.si4project) by extension 'python_setup_py'
[0.160s] Level 1:colcon.colcon_core.package_identification:_identify(SI/Tank_DiPan.si4project/Backup) by extensions ['ignore', 'ignore_ament_install']
[0.160s] Level 1:colcon.colcon_core.package_identification:_identify(SI/Tank_DiPan.si4project/Backup) by extension 'ignore'
[0.160s] Level 1:colcon.colcon_core.package_identification:_identify(SI/Tank_DiPan.si4project/Backup) by extension 'ignore_ament_install'
[0.160s] Level 1:colcon.colcon_core.package_identification:_identify(SI/Tank_DiPan.si4project/Backup) by extensions ['colcon_pkg']
[0.160s] Level 1:colcon.colcon_core.package_identification:_identify(SI/Tank_DiPan.si4project/Backup) by extension 'colcon_pkg'
[0.160s] Level 1:colcon.colcon_core.package_identification:_identify(SI/Tank_DiPan.si4project/Backup) by extensions ['colcon_meta']
[0.160s] Level 1:colcon.colcon_core.package_identification:_identify(SI/Tank_DiPan.si4project/Backup) by extension 'colcon_meta'
[0.160s] Level 1:colcon.colcon_core.package_identification:_identify(SI/Tank_DiPan.si4project/Backup) by extensions ['ros']
[0.160s] Level 1:colcon.colcon_core.package_identification:_identify(SI/Tank_DiPan.si4project/Backup) by extension 'ros'
[0.160s] Level 1:colcon.colcon_core.package_identification:_identify(SI/Tank_DiPan.si4project/Backup) by extensions ['cmake', 'python']
[0.160s] Level 1:colcon.colcon_core.package_identification:_identify(SI/Tank_DiPan.si4project/Backup) by extension 'cmake'
[0.160s] Level 1:colcon.colcon_core.package_identification:_identify(SI/Tank_DiPan.si4project/Backup) by extension 'python'
[0.160s] Level 1:colcon.colcon_core.package_identification:_identify(SI/Tank_DiPan.si4project/Backup) by extensions ['python_setup_py']
[0.160s] Level 1:colcon.colcon_core.package_identification:_identify(SI/Tank_DiPan.si4project/Backup) by extension 'python_setup_py'
[0.160s] Level 1:colcon.colcon_core.package_identification:_identify(SI/Tank_DiPan.si4project/cache) by extensions ['ignore', 'ignore_ament_install']
[0.160s] Level 1:colcon.colcon_core.package_identification:_identify(SI/Tank_DiPan.si4project/cache) by extension 'ignore'
[0.160s] Level 1:colcon.colcon_core.package_identification:_identify(SI/Tank_DiPan.si4project/cache) by extension 'ignore_ament_install'
[0.160s] Level 1:colcon.colcon_core.package_identification:_identify(SI/Tank_DiPan.si4project/cache) by extensions ['colcon_pkg']
[0.160s] Level 1:colcon.colcon_core.package_identification:_identify(SI/Tank_DiPan.si4project/cache) by extension 'colcon_pkg'
[0.160s] Level 1:colcon.colcon_core.package_identification:_identify(SI/Tank_DiPan.si4project/cache) by extensions ['colcon_meta']
[0.160s] Level 1:colcon.colcon_core.package_identification:_identify(SI/Tank_DiPan.si4project/cache) by extension 'colcon_meta'
[0.160s] Level 1:colcon.colcon_core.package_identification:_identify(SI/Tank_DiPan.si4project/cache) by extensions ['ros']
[0.160s] Level 1:colcon.colcon_core.package_identification:_identify(SI/Tank_DiPan.si4project/cache) by extension 'ros'
[0.160s] Level 1:colcon.colcon_core.package_identification:_identify(SI/Tank_DiPan.si4project/cache) by extensions ['cmake', 'python']
[0.161s] Level 1:colcon.colcon_core.package_identification:_identify(SI/Tank_DiPan.si4project/cache) by extension 'cmake'
[0.161s] Level 1:colcon.colcon_core.package_identification:_identify(SI/Tank_DiPan.si4project/cache) by extension 'python'
[0.161s] Level 1:colcon.colcon_core.package_identification:_identify(SI/Tank_DiPan.si4project/cache) by extensions ['python_setup_py']
[0.161s] Level 1:colcon.colcon_core.package_identification:_identify(SI/Tank_DiPan.si4project/cache) by extension 'python_setup_py'
[0.161s] Level 1:colcon.colcon_core.package_identification:_identify(SI/Tank_DiPan.si4project/cache/parse) by extensions ['ignore', 'ignore_ament_install']
[0.161s] Level 1:colcon.colcon_core.package_identification:_identify(SI/Tank_DiPan.si4project/cache/parse) by extension 'ignore'
[0.161s] Level 1:colcon.colcon_core.package_identification:_identify(SI/Tank_DiPan.si4project/cache/parse) by extension 'ignore_ament_install'
[0.161s] Level 1:colcon.colcon_core.package_identification:_identify(SI/Tank_DiPan.si4project/cache/parse) by extensions ['colcon_pkg']
[0.161s] Level 1:colcon.colcon_core.package_identification:_identify(SI/Tank_DiPan.si4project/cache/parse) by extension 'colcon_pkg'
[0.161s] Level 1:colcon.colcon_core.package_identification:_identify(SI/Tank_DiPan.si4project/cache/parse) by extensions ['colcon_meta']
[0.161s] Level 1:colcon.colcon_core.package_identification:_identify(SI/Tank_DiPan.si4project/cache/parse) by extension 'colcon_meta'
[0.161s] Level 1:colcon.colcon_core.package_identification:_identify(SI/Tank_DiPan.si4project/cache/parse) by extensions ['ros']
[0.161s] Level 1:colcon.colcon_core.package_identification:_identify(SI/Tank_DiPan.si4project/cache/parse) by extension 'ros'
[0.161s] Level 1:colcon.colcon_core.package_identification:_identify(SI/Tank_DiPan.si4project/cache/parse) by extensions ['cmake', 'python']
[0.161s] Level 1:colcon.colcon_core.package_identification:_identify(SI/Tank_DiPan.si4project/cache/parse) by extension 'cmake'
[0.161s] Level 1:colcon.colcon_core.package_identification:_identify(SI/Tank_DiPan.si4project/cache/parse) by extension 'python'
[0.161s] Level 1:colcon.colcon_core.package_identification:_identify(SI/Tank_DiPan.si4project/cache/parse) by extensions ['python_setup_py']
[0.161s] Level 1:colcon.colcon_core.package_identification:_identify(SI/Tank_DiPan.si4project/cache/parse) by extension 'python_setup_py'
[0.161s] Level 1:colcon.colcon_core.package_identification:_identify(Third_Party) by extensions ['ignore', 'ignore_ament_install']
[0.162s] Level 1:colcon.colcon_core.package_identification:_identify(Third_Party) by extension 'ignore'
[0.162s] Level 1:colcon.colcon_core.package_identification:_identify(Third_Party) by extension 'ignore_ament_install'
[0.162s] Level 1:colcon.colcon_core.package_identification:_identify(Third_Party) by extensions ['colcon_pkg']
[0.162s] Level 1:colcon.colcon_core.package_identification:_identify(Third_Party) by extension 'colcon_pkg'
[0.162s] Level 1:colcon.colcon_core.package_identification:_identify(Third_Party) by extensions ['colcon_meta']
[0.162s] Level 1:colcon.colcon_core.package_identification:_identify(Third_Party) by extension 'colcon_meta'
[0.162s] Level 1:colcon.colcon_core.package_identification:_identify(Third_Party) by extensions ['ros']
[0.162s] Level 1:colcon.colcon_core.package_identification:_identify(Third_Party) by extension 'ros'
[0.162s] Level 1:colcon.colcon_core.package_identification:_identify(Third_Party) by extensions ['cmake', 'python']
[0.162s] Level 1:colcon.colcon_core.package_identification:_identify(Third_Party) by extension 'cmake'
[0.162s] Level 1:colcon.colcon_core.package_identification:_identify(Third_Party) by extension 'python'
[0.162s] Level 1:colcon.colcon_core.package_identification:_identify(Third_Party) by extensions ['python_setup_py']
[0.162s] Level 1:colcon.colcon_core.package_identification:_identify(Third_Party) by extension 'python_setup_py'
[0.162s] Level 1:colcon.colcon_core.package_identification:_identify(Third_Party/Fusion) by extensions ['ignore', 'ignore_ament_install']
[0.162s] Level 1:colcon.colcon_core.package_identification:_identify(Third_Party/Fusion) by extension 'ignore'
[0.162s] Level 1:colcon.colcon_core.package_identification:_identify(Third_Party/Fusion) by extension 'ignore_ament_install'
[0.162s] Level 1:colcon.colcon_core.package_identification:_identify(Third_Party/Fusion) by extensions ['colcon_pkg']
[0.162s] Level 1:colcon.colcon_core.package_identification:_identify(Third_Party/Fusion) by extension 'colcon_pkg'
[0.162s] Level 1:colcon.colcon_core.package_identification:_identify(Third_Party/Fusion) by extensions ['colcon_meta']
[0.162s] Level 1:colcon.colcon_core.package_identification:_identify(Third_Party/Fusion) by extension 'colcon_meta'
[0.162s] Level 1:colcon.colcon_core.package_identification:_identify(Third_Party/Fusion) by extensions ['ros']
[0.162s] Level 1:colcon.colcon_core.package_identification:_identify(Third_Party/Fusion) by extension 'ros'
[0.162s] Level 1:colcon.colcon_core.package_identification:_identify(Third_Party/Fusion) by extensions ['cmake', 'python']
[0.162s] Level 1:colcon.colcon_core.package_identification:_identify(Third_Party/Fusion) by extension 'cmake'
[0.162s] Level 1:colcon.colcon_core.package_identification:_identify(Third_Party/Fusion) by extension 'python'
[0.162s] Level 1:colcon.colcon_core.package_identification:_identify(Third_Party/Fusion) by extensions ['python_setup_py']
[0.162s] Level 1:colcon.colcon_core.package_identification:_identify(Third_Party/Fusion) by extension 'python_setup_py'
[0.162s] Level 1:colcon.colcon_core.package_identification:_identify(Third_Party/Fusion/Fusion) by extensions ['ignore', 'ignore_ament_install']
[0.162s] Level 1:colcon.colcon_core.package_identification:_identify(Third_Party/Fusion/Fusion) by extension 'ignore'
[0.162s] Level 1:colcon.colcon_core.package_identification:_identify(Third_Party/Fusion/Fusion) by extension 'ignore_ament_install'
[0.162s] Level 1:colcon.colcon_core.package_identification:_identify(Third_Party/Fusion/Fusion) by extensions ['colcon_pkg']
[0.162s] Level 1:colcon.colcon_core.package_identification:_identify(Third_Party/Fusion/Fusion) by extension 'colcon_pkg'
[0.162s] Level 1:colcon.colcon_core.package_identification:_identify(Third_Party/Fusion/Fusion) by extensions ['colcon_meta']
[0.162s] Level 1:colcon.colcon_core.package_identification:_identify(Third_Party/Fusion/Fusion) by extension 'colcon_meta'
[0.162s] Level 1:colcon.colcon_core.package_identification:_identify(Third_Party/Fusion/Fusion) by extensions ['ros']
[0.162s] Level 1:colcon.colcon_core.package_identification:_identify(Third_Party/Fusion/Fusion) by extension 'ros'
[0.162s] Level 1:colcon.colcon_core.package_identification:_identify(Third_Party/Fusion/Fusion) by extensions ['cmake', 'python']
[0.162s] Level 1:colcon.colcon_core.package_identification:_identify(Third_Party/Fusion/Fusion) by extension 'cmake'
[0.162s] Level 1:colcon.colcon_core.package_identification:_identify(Third_Party/Fusion/Fusion) by extension 'python'
[0.162s] DEBUG:colcon.colcon_core.package_identification:Package 'Third_Party/Fusion/Fusion' with type 'cmake' and name 'Fusion'
[0.162s] Level 1:colcon.colcon_core.package_identification:_identify(Third_Party/LVGL) by extensions ['ignore', 'ignore_ament_install']
[0.162s] Level 1:colcon.colcon_core.package_identification:_identify(Third_Party/LVGL) by extension 'ignore'
[0.162s] Level 1:colcon.colcon_core.package_identification:_identify(Third_Party/LVGL) by extension 'ignore_ament_install'
[0.162s] Level 1:colcon.colcon_core.package_identification:_identify(Third_Party/LVGL) by extensions ['colcon_pkg']
[0.163s] Level 1:colcon.colcon_core.package_identification:_identify(Third_Party/LVGL) by extension 'colcon_pkg'
[0.163s] Level 1:colcon.colcon_core.package_identification:_identify(Third_Party/LVGL) by extensions ['colcon_meta']
[0.163s] Level 1:colcon.colcon_core.package_identification:_identify(Third_Party/LVGL) by extension 'colcon_meta'
[0.163s] Level 1:colcon.colcon_core.package_identification:_identify(Third_Party/LVGL) by extensions ['ros']
[0.163s] Level 1:colcon.colcon_core.package_identification:_identify(Third_Party/LVGL) by extension 'ros'
[0.163s] Level 1:colcon.colcon_core.package_identification:_identify(Third_Party/LVGL) by extensions ['cmake', 'python']
[0.163s] Level 1:colcon.colcon_core.package_identification:_identify(Third_Party/LVGL) by extension 'cmake'
[0.163s] Level 1:colcon.colcon_core.package_identification:_identify(Third_Party/LVGL) by extension 'python'
[0.163s] Level 1:colcon.colcon_core.package_identification:_identify(Third_Party/LVGL) by extensions ['python_setup_py']
[0.163s] Level 1:colcon.colcon_core.package_identification:_identify(Third_Party/LVGL) by extension 'python_setup_py'
[0.163s] Level 1:colcon.colcon_core.package_identification:_identify(Third_Party/LVGL/lvgl) by extensions ['ignore', 'ignore_ament_install']
[0.163s] Level 1:colcon.colcon_core.package_identification:_identify(Third_Party/LVGL/lvgl) by extension 'ignore'
[0.163s] Level 1:colcon.colcon_core.package_identification:_identify(Third_Party/LVGL/lvgl) by extension 'ignore_ament_install'
[0.163s] Level 1:colcon.colcon_core.package_identification:_identify(Third_Party/LVGL/lvgl) by extensions ['colcon_pkg']
[0.163s] Level 1:colcon.colcon_core.package_identification:_identify(Third_Party/LVGL/lvgl) by extension 'colcon_pkg'
[0.163s] Level 1:colcon.colcon_core.package_identification:_identify(Third_Party/LVGL/lvgl) by extensions ['colcon_meta']
[0.163s] Level 1:colcon.colcon_core.package_identification:_identify(Third_Party/LVGL/lvgl) by extension 'colcon_meta'
[0.163s] Level 1:colcon.colcon_core.package_identification:_identify(Third_Party/LVGL/lvgl) by extensions ['ros']
[0.163s] Level 1:colcon.colcon_core.package_identification:_identify(Third_Party/LVGL/lvgl) by extension 'ros'
[0.163s] Level 1:colcon.colcon_core.package_identification:_identify(Third_Party/LVGL/lvgl) by extensions ['cmake', 'python']
[0.163s] Level 1:colcon.colcon_core.package_identification:_identify(Third_Party/LVGL/lvgl) by extension 'cmake'
[0.163s] Level 1:colcon.colcon_core.package_identification:_identify(Third_Party/LVGL/lvgl) by extension 'python'
[0.163s] Level 1:colcon.colcon_core.package_identification:_identify(Third_Party/LVGL/lvgl) by extensions ['python_setup_py']
[0.163s] Level 1:colcon.colcon_core.package_identification:_identify(Third_Party/LVGL/lvgl) by extension 'python_setup_py'
[0.163s] Level 1:colcon.colcon_core.package_identification:_identify(Third_Party/LVGL/porting) by extensions ['ignore', 'ignore_ament_install']
[0.163s] Level 1:colcon.colcon_core.package_identification:_identify(Third_Party/LVGL/porting) by extension 'ignore'
[0.163s] Level 1:colcon.colcon_core.package_identification:_identify(Third_Party/LVGL/porting) by extension 'ignore_ament_install'
[0.163s] Level 1:colcon.colcon_core.package_identification:_identify(Third_Party/LVGL/porting) by extensions ['colcon_pkg']
[0.163s] Level 1:colcon.colcon_core.package_identification:_identify(Third_Party/LVGL/porting) by extension 'colcon_pkg'
[0.163s] Level 1:colcon.colcon_core.package_identification:_identify(Third_Party/LVGL/porting) by extensions ['colcon_meta']
[0.163s] Level 1:colcon.colcon_core.package_identification:_identify(Third_Party/LVGL/porting) by extension 'colcon_meta'
[0.163s] Level 1:colcon.colcon_core.package_identification:_identify(Third_Party/LVGL/porting) by extensions ['ros']
[0.163s] Level 1:colcon.colcon_core.package_identification:_identify(Third_Party/LVGL/porting) by extension 'ros'
[0.163s] Level 1:colcon.colcon_core.package_identification:_identify(Third_Party/LVGL/porting) by extensions ['cmake', 'python']
[0.163s] Level 1:colcon.colcon_core.package_identification:_identify(Third_Party/LVGL/porting) by extension 'cmake'
[0.163s] Level 1:colcon.colcon_core.package_identification:_identify(Third_Party/LVGL/porting) by extension 'python'
[0.163s] Level 1:colcon.colcon_core.package_identification:_identify(Third_Party/LVGL/porting) by extensions ['python_setup_py']
[0.163s] Level 1:colcon.colcon_core.package_identification:_identify(Third_Party/LVGL/porting) by extension 'python_setup_py'
[0.163s] Level 1:colcon.colcon_core.package_identification:_identify(Third_Party/LVGL/src) by extensions ['ignore', 'ignore_ament_install']
[0.163s] Level 1:colcon.colcon_core.package_identification:_identify(Third_Party/LVGL/src) by extension 'ignore'
[0.163s] Level 1:colcon.colcon_core.package_identification:_identify(Third_Party/LVGL/src) by extension 'ignore_ament_install'
[0.163s] Level 1:colcon.colcon_core.package_identification:_identify(Third_Party/LVGL/src) by extensions ['colcon_pkg']
[0.163s] Level 1:colcon.colcon_core.package_identification:_identify(Third_Party/LVGL/src) by extension 'colcon_pkg'
[0.163s] Level 1:colcon.colcon_core.package_identification:_identify(Third_Party/LVGL/src) by extensions ['colcon_meta']
[0.163s] Level 1:colcon.colcon_core.package_identification:_identify(Third_Party/LVGL/src) by extension 'colcon_meta'
[0.163s] Level 1:colcon.colcon_core.package_identification:_identify(Third_Party/LVGL/src) by extensions ['ros']
[0.163s] Level 1:colcon.colcon_core.package_identification:_identify(Third_Party/LVGL/src) by extension 'ros'
[0.163s] Level 1:colcon.colcon_core.package_identification:_identify(Third_Party/LVGL/src) by extensions ['cmake', 'python']
[0.163s] Level 1:colcon.colcon_core.package_identification:_identify(Third_Party/LVGL/src) by extension 'cmake'
[0.163s] Level 1:colcon.colcon_core.package_identification:_identify(Third_Party/LVGL/src) by extension 'python'
[0.163s] Level 1:colcon.colcon_core.package_identification:_identify(Third_Party/LVGL/src) by extensions ['python_setup_py']
[0.163s] Level 1:colcon.colcon_core.package_identification:_identify(Third_Party/LVGL/src) by extension 'python_setup_py'
[0.164s] Level 1:colcon.colcon_core.package_identification:_identify(Third_Party/LVGL/src/lv_core) by extensions ['ignore', 'ignore_ament_install']
[0.164s] Level 1:colcon.colcon_core.package_identification:_identify(Third_Party/LVGL/src/lv_core) by extension 'ignore'
[0.164s] Level 1:colcon.colcon_core.package_identification:_identify(Third_Party/LVGL/src/lv_core) by extension 'ignore_ament_install'
[0.164s] Level 1:colcon.colcon_core.package_identification:_identify(Third_Party/LVGL/src/lv_core) by extensions ['colcon_pkg']
[0.164s] Level 1:colcon.colcon_core.package_identification:_identify(Third_Party/LVGL/src/lv_core) by extension 'colcon_pkg'
[0.164s] Level 1:colcon.colcon_core.package_identification:_identify(Third_Party/LVGL/src/lv_core) by extensions ['colcon_meta']
[0.164s] Level 1:colcon.colcon_core.package_identification:_identify(Third_Party/LVGL/src/lv_core) by extension 'colcon_meta'
[0.164s] Level 1:colcon.colcon_core.package_identification:_identify(Third_Party/LVGL/src/lv_core) by extensions ['ros']
[0.164s] Level 1:colcon.colcon_core.package_identification:_identify(Third_Party/LVGL/src/lv_core) by extension 'ros'
[0.164s] Level 1:colcon.colcon_core.package_identification:_identify(Third_Party/LVGL/src/lv_core) by extensions ['cmake', 'python']
[0.164s] Level 1:colcon.colcon_core.package_identification:_identify(Third_Party/LVGL/src/lv_core) by extension 'cmake'
[0.164s] Level 1:colcon.colcon_core.package_identification:_identify(Third_Party/LVGL/src/lv_core) by extension 'python'
[0.164s] Level 1:colcon.colcon_core.package_identification:_identify(Third_Party/LVGL/src/lv_core) by extensions ['python_setup_py']
[0.164s] Level 1:colcon.colcon_core.package_identification:_identify(Third_Party/LVGL/src/lv_core) by extension 'python_setup_py'
[0.164s] Level 1:colcon.colcon_core.package_identification:_identify(Third_Party/LVGL/src/lv_draw) by extensions ['ignore', 'ignore_ament_install']
[0.164s] Level 1:colcon.colcon_core.package_identification:_identify(Third_Party/LVGL/src/lv_draw) by extension 'ignore'
[0.164s] Level 1:colcon.colcon_core.package_identification:_identify(Third_Party/LVGL/src/lv_draw) by extension 'ignore_ament_install'
[0.164s] Level 1:colcon.colcon_core.package_identification:_identify(Third_Party/LVGL/src/lv_draw) by extensions ['colcon_pkg']
[0.164s] Level 1:colcon.colcon_core.package_identification:_identify(Third_Party/LVGL/src/lv_draw) by extension 'colcon_pkg'
[0.164s] Level 1:colcon.colcon_core.package_identification:_identify(Third_Party/LVGL/src/lv_draw) by extensions ['colcon_meta']
[0.164s] Level 1:colcon.colcon_core.package_identification:_identify(Third_Party/LVGL/src/lv_draw) by extension 'colcon_meta'
[0.164s] Level 1:colcon.colcon_core.package_identification:_identify(Third_Party/LVGL/src/lv_draw) by extensions ['ros']
[0.164s] Level 1:colcon.colcon_core.package_identification:_identify(Third_Party/LVGL/src/lv_draw) by extension 'ros'
[0.164s] Level 1:colcon.colcon_core.package_identification:_identify(Third_Party/LVGL/src/lv_draw) by extensions ['cmake', 'python']
[0.164s] Level 1:colcon.colcon_core.package_identification:_identify(Third_Party/LVGL/src/lv_draw) by extension 'cmake'
[0.164s] Level 1:colcon.colcon_core.package_identification:_identify(Third_Party/LVGL/src/lv_draw) by extension 'python'
[0.164s] Level 1:colcon.colcon_core.package_identification:_identify(Third_Party/LVGL/src/lv_draw) by extensions ['python_setup_py']
[0.164s] Level 1:colcon.colcon_core.package_identification:_identify(Third_Party/LVGL/src/lv_draw) by extension 'python_setup_py'
[0.164s] Level 1:colcon.colcon_core.package_identification:_identify(Third_Party/LVGL/src/lv_font) by extensions ['ignore', 'ignore_ament_install']
[0.164s] Level 1:colcon.colcon_core.package_identification:_identify(Third_Party/LVGL/src/lv_font) by extension 'ignore'
[0.164s] Level 1:colcon.colcon_core.package_identification:_identify(Third_Party/LVGL/src/lv_font) by extension 'ignore_ament_install'
[0.164s] Level 1:colcon.colcon_core.package_identification:_identify(Third_Party/LVGL/src/lv_font) by extensions ['colcon_pkg']
[0.164s] Level 1:colcon.colcon_core.package_identification:_identify(Third_Party/LVGL/src/lv_font) by extension 'colcon_pkg'
[0.164s] Level 1:colcon.colcon_core.package_identification:_identify(Third_Party/LVGL/src/lv_font) by extensions ['colcon_meta']
[0.164s] Level 1:colcon.colcon_core.package_identification:_identify(Third_Party/LVGL/src/lv_font) by extension 'colcon_meta'
[0.164s] Level 1:colcon.colcon_core.package_identification:_identify(Third_Party/LVGL/src/lv_font) by extensions ['ros']
[0.164s] Level 1:colcon.colcon_core.package_identification:_identify(Third_Party/LVGL/src/lv_font) by extension 'ros'
[0.164s] Level 1:colcon.colcon_core.package_identification:_identify(Third_Party/LVGL/src/lv_font) by extensions ['cmake', 'python']
[0.164s] Level 1:colcon.colcon_core.package_identification:_identify(Third_Party/LVGL/src/lv_font) by extension 'cmake'
[0.164s] Level 1:colcon.colcon_core.package_identification:_identify(Third_Party/LVGL/src/lv_font) by extension 'python'
[0.164s] Level 1:colcon.colcon_core.package_identification:_identify(Third_Party/LVGL/src/lv_font) by extensions ['python_setup_py']
[0.164s] Level 1:colcon.colcon_core.package_identification:_identify(Third_Party/LVGL/src/lv_font) by extension 'python_setup_py'
[0.164s] Level 1:colcon.colcon_core.package_identification:_identify(Third_Party/LVGL/src/lv_gpu) by extensions ['ignore', 'ignore_ament_install']
[0.164s] Level 1:colcon.colcon_core.package_identification:_identify(Third_Party/LVGL/src/lv_gpu) by extension 'ignore'
[0.164s] Level 1:colcon.colcon_core.package_identification:_identify(Third_Party/LVGL/src/lv_gpu) by extension 'ignore_ament_install'
[0.164s] Level 1:colcon.colcon_core.package_identification:_identify(Third_Party/LVGL/src/lv_gpu) by extensions ['colcon_pkg']
[0.164s] Level 1:colcon.colcon_core.package_identification:_identify(Third_Party/LVGL/src/lv_gpu) by extension 'colcon_pkg'
[0.164s] Level 1:colcon.colcon_core.package_identification:_identify(Third_Party/LVGL/src/lv_gpu) by extensions ['colcon_meta']
[0.164s] Level 1:colcon.colcon_core.package_identification:_identify(Third_Party/LVGL/src/lv_gpu) by extension 'colcon_meta'
[0.165s] Level 1:colcon.colcon_core.package_identification:_identify(Third_Party/LVGL/src/lv_gpu) by extensions ['ros']
[0.165s] Level 1:colcon.colcon_core.package_identification:_identify(Third_Party/LVGL/src/lv_gpu) by extension 'ros'
[0.165s] Level 1:colcon.colcon_core.package_identification:_identify(Third_Party/LVGL/src/lv_gpu) by extensions ['cmake', 'python']
[0.165s] Level 1:colcon.colcon_core.package_identification:_identify(Third_Party/LVGL/src/lv_gpu) by extension 'cmake'
[0.165s] Level 1:colcon.colcon_core.package_identification:_identify(Third_Party/LVGL/src/lv_gpu) by extension 'python'
[0.165s] Level 1:colcon.colcon_core.package_identification:_identify(Third_Party/LVGL/src/lv_gpu) by extensions ['python_setup_py']
[0.165s] Level 1:colcon.colcon_core.package_identification:_identify(Third_Party/LVGL/src/lv_gpu) by extension 'python_setup_py'
[0.165s] Level 1:colcon.colcon_core.package_identification:_identify(Third_Party/LVGL/src/lv_hal) by extensions ['ignore', 'ignore_ament_install']
[0.165s] Level 1:colcon.colcon_core.package_identification:_identify(Third_Party/LVGL/src/lv_hal) by extension 'ignore'
[0.165s] Level 1:colcon.colcon_core.package_identification:_identify(Third_Party/LVGL/src/lv_hal) by extension 'ignore_ament_install'
[0.165s] Level 1:colcon.colcon_core.package_identification:_identify(Third_Party/LVGL/src/lv_hal) by extensions ['colcon_pkg']
[0.165s] Level 1:colcon.colcon_core.package_identification:_identify(Third_Party/LVGL/src/lv_hal) by extension 'colcon_pkg'
[0.165s] Level 1:colcon.colcon_core.package_identification:_identify(Third_Party/LVGL/src/lv_hal) by extensions ['colcon_meta']
[0.165s] Level 1:colcon.colcon_core.package_identification:_identify(Third_Party/LVGL/src/lv_hal) by extension 'colcon_meta'
[0.165s] Level 1:colcon.colcon_core.package_identification:_identify(Third_Party/LVGL/src/lv_hal) by extensions ['ros']
[0.165s] Level 1:colcon.colcon_core.package_identification:_identify(Third_Party/LVGL/src/lv_hal) by extension 'ros'
[0.165s] Level 1:colcon.colcon_core.package_identification:_identify(Third_Party/LVGL/src/lv_hal) by extensions ['cmake', 'python']
[0.165s] Level 1:colcon.colcon_core.package_identification:_identify(Third_Party/LVGL/src/lv_hal) by extension 'cmake'
[0.165s] Level 1:colcon.colcon_core.package_identification:_identify(Third_Party/LVGL/src/lv_hal) by extension 'python'
[0.165s] Level 1:colcon.colcon_core.package_identification:_identify(Third_Party/LVGL/src/lv_hal) by extensions ['python_setup_py']
[0.165s] Level 1:colcon.colcon_core.package_identification:_identify(Third_Party/LVGL/src/lv_hal) by extension 'python_setup_py'
[0.165s] Level 1:colcon.colcon_core.package_identification:_identify(Third_Party/LVGL/src/lv_misc) by extensions ['ignore', 'ignore_ament_install']
[0.165s] Level 1:colcon.colcon_core.package_identification:_identify(Third_Party/LVGL/src/lv_misc) by extension 'ignore'
[0.165s] Level 1:colcon.colcon_core.package_identification:_identify(Third_Party/LVGL/src/lv_misc) by extension 'ignore_ament_install'
[0.165s] Level 1:colcon.colcon_core.package_identification:_identify(Third_Party/LVGL/src/lv_misc) by extensions ['colcon_pkg']
[0.165s] Level 1:colcon.colcon_core.package_identification:_identify(Third_Party/LVGL/src/lv_misc) by extension 'colcon_pkg'
[0.165s] Level 1:colcon.colcon_core.package_identification:_identify(Third_Party/LVGL/src/lv_misc) by extensions ['colcon_meta']
[0.165s] Level 1:colcon.colcon_core.package_identification:_identify(Third_Party/LVGL/src/lv_misc) by extension 'colcon_meta'
[0.165s] Level 1:colcon.colcon_core.package_identification:_identify(Third_Party/LVGL/src/lv_misc) by extensions ['ros']
[0.165s] Level 1:colcon.colcon_core.package_identification:_identify(Third_Party/LVGL/src/lv_misc) by extension 'ros'
[0.165s] Level 1:colcon.colcon_core.package_identification:_identify(Third_Party/LVGL/src/lv_misc) by extensions ['cmake', 'python']
[0.165s] Level 1:colcon.colcon_core.package_identification:_identify(Third_Party/LVGL/src/lv_misc) by extension 'cmake'
[0.165s] Level 1:colcon.colcon_core.package_identification:_identify(Third_Party/LVGL/src/lv_misc) by extension 'python'
[0.165s] Level 1:colcon.colcon_core.package_identification:_identify(Third_Party/LVGL/src/lv_misc) by extensions ['python_setup_py']
[0.165s] Level 1:colcon.colcon_core.package_identification:_identify(Third_Party/LVGL/src/lv_misc) by extension 'python_setup_py'
[0.165s] Level 1:colcon.colcon_core.package_identification:_identify(Third_Party/LVGL/src/lv_themes) by extensions ['ignore', 'ignore_ament_install']
[0.165s] Level 1:colcon.colcon_core.package_identification:_identify(Third_Party/LVGL/src/lv_themes) by extension 'ignore'
[0.165s] Level 1:colcon.colcon_core.package_identification:_identify(Third_Party/LVGL/src/lv_themes) by extension 'ignore_ament_install'
[0.165s] Level 1:colcon.colcon_core.package_identification:_identify(Third_Party/LVGL/src/lv_themes) by extensions ['colcon_pkg']
[0.165s] Level 1:colcon.colcon_core.package_identification:_identify(Third_Party/LVGL/src/lv_themes) by extension 'colcon_pkg'
[0.165s] Level 1:colcon.colcon_core.package_identification:_identify(Third_Party/LVGL/src/lv_themes) by extensions ['colcon_meta']
[0.165s] Level 1:colcon.colcon_core.package_identification:_identify(Third_Party/LVGL/src/lv_themes) by extension 'colcon_meta'
[0.165s] Level 1:colcon.colcon_core.package_identification:_identify(Third_Party/LVGL/src/lv_themes) by extensions ['ros']
[0.165s] Level 1:colcon.colcon_core.package_identification:_identify(Third_Party/LVGL/src/lv_themes) by extension 'ros'
[0.165s] Level 1:colcon.colcon_core.package_identification:_identify(Third_Party/LVGL/src/lv_themes) by extensions ['cmake', 'python']
[0.165s] Level 1:colcon.colcon_core.package_identification:_identify(Third_Party/LVGL/src/lv_themes) by extension 'cmake'
[0.165s] Level 1:colcon.colcon_core.package_identification:_identify(Third_Party/LVGL/src/lv_themes) by extension 'python'
[0.165s] Level 1:colcon.colcon_core.package_identification:_identify(Third_Party/LVGL/src/lv_themes) by extensions ['python_setup_py']
[0.165s] Level 1:colcon.colcon_core.package_identification:_identify(Third_Party/LVGL/src/lv_themes) by extension 'python_setup_py'
[0.166s] Level 1:colcon.colcon_core.package_identification:_identify(Third_Party/LVGL/src/lv_widgets) by extensions ['ignore', 'ignore_ament_install']
[0.166s] Level 1:colcon.colcon_core.package_identification:_identify(Third_Party/LVGL/src/lv_widgets) by extension 'ignore'
[0.166s] Level 1:colcon.colcon_core.package_identification:_identify(Third_Party/LVGL/src/lv_widgets) by extension 'ignore_ament_install'
[0.166s] Level 1:colcon.colcon_core.package_identification:_identify(Third_Party/LVGL/src/lv_widgets) by extensions ['colcon_pkg']
[0.166s] Level 1:colcon.colcon_core.package_identification:_identify(Third_Party/LVGL/src/lv_widgets) by extension 'colcon_pkg'
[0.166s] Level 1:colcon.colcon_core.package_identification:_identify(Third_Party/LVGL/src/lv_widgets) by extensions ['colcon_meta']
[0.166s] Level 1:colcon.colcon_core.package_identification:_identify(Third_Party/LVGL/src/lv_widgets) by extension 'colcon_meta'
[0.166s] Level 1:colcon.colcon_core.package_identification:_identify(Third_Party/LVGL/src/lv_widgets) by extensions ['ros']
[0.166s] Level 1:colcon.colcon_core.package_identification:_identify(Third_Party/LVGL/src/lv_widgets) by extension 'ros'
[0.166s] Level 1:colcon.colcon_core.package_identification:_identify(Third_Party/LVGL/src/lv_widgets) by extensions ['cmake', 'python']
[0.166s] Level 1:colcon.colcon_core.package_identification:_identify(Third_Party/LVGL/src/lv_widgets) by extension 'cmake'
[0.166s] Level 1:colcon.colcon_core.package_identification:_identify(Third_Party/LVGL/src/lv_widgets) by extension 'python'
[0.166s] Level 1:colcon.colcon_core.package_identification:_identify(Third_Party/LVGL/src/lv_widgets) by extensions ['python_setup_py']
[0.166s] Level 1:colcon.colcon_core.package_identification:_identify(Third_Party/LVGL/src/lv_widgets) by extension 'python_setup_py'
[0.166s] Level 1:colcon.colcon_core.package_identification:_identify(Third_Party/Lw) by extensions ['ignore', 'ignore_ament_install']
[0.166s] Level 1:colcon.colcon_core.package_identification:_identify(Third_Party/Lw) by extension 'ignore'
[0.166s] Level 1:colcon.colcon_core.package_identification:_identify(Third_Party/Lw) by extension 'ignore_ament_install'
[0.166s] Level 1:colcon.colcon_core.package_identification:_identify(Third_Party/Lw) by extensions ['colcon_pkg']
[0.166s] Level 1:colcon.colcon_core.package_identification:_identify(Third_Party/Lw) by extension 'colcon_pkg'
[0.166s] Level 1:colcon.colcon_core.package_identification:_identify(Third_Party/Lw) by extensions ['colcon_meta']
[0.166s] Level 1:colcon.colcon_core.package_identification:_identify(Third_Party/Lw) by extension 'colcon_meta'
[0.166s] Level 1:colcon.colcon_core.package_identification:_identify(Third_Party/Lw) by extensions ['ros']
[0.166s] Level 1:colcon.colcon_core.package_identification:_identify(Third_Party/Lw) by extension 'ros'
[0.166s] Level 1:colcon.colcon_core.package_identification:_identify(Third_Party/Lw) by extensions ['cmake', 'python']
[0.166s] Level 1:colcon.colcon_core.package_identification:_identify(Third_Party/Lw) by extension 'cmake'
[0.166s] Level 1:colcon.colcon_core.package_identification:_identify(Third_Party/Lw) by extension 'python'
[0.166s] Level 1:colcon.colcon_core.package_identification:_identify(Third_Party/Lw) by extensions ['python_setup_py']
[0.166s] Level 1:colcon.colcon_core.package_identification:_identify(Third_Party/Lw) by extension 'python_setup_py'
[0.166s] Level 1:colcon.colcon_core.package_identification:_identify(Third_Party/RTT) by extensions ['ignore', 'ignore_ament_install']
[0.166s] Level 1:colcon.colcon_core.package_identification:_identify(Third_Party/RTT) by extension 'ignore'
[0.166s] Level 1:colcon.colcon_core.package_identification:_identify(Third_Party/RTT) by extension 'ignore_ament_install'
[0.166s] Level 1:colcon.colcon_core.package_identification:_identify(Third_Party/RTT) by extensions ['colcon_pkg']
[0.166s] Level 1:colcon.colcon_core.package_identification:_identify(Third_Party/RTT) by extension 'colcon_pkg'
[0.166s] Level 1:colcon.colcon_core.package_identification:_identify(Third_Party/RTT) by extensions ['colcon_meta']
[0.166s] Level 1:colcon.colcon_core.package_identification:_identify(Third_Party/RTT) by extension 'colcon_meta'
[0.166s] Level 1:colcon.colcon_core.package_identification:_identify(Third_Party/RTT) by extensions ['ros']
[0.166s] Level 1:colcon.colcon_core.package_identification:_identify(Third_Party/RTT) by extension 'ros'
[0.166s] Level 1:colcon.colcon_core.package_identification:_identify(Third_Party/RTT) by extensions ['cmake', 'python']
[0.166s] Level 1:colcon.colcon_core.package_identification:_identify(Third_Party/RTT) by extension 'cmake'
[0.166s] Level 1:colcon.colcon_core.package_identification:_identify(Third_Party/RTT) by extension 'python'
[0.166s] Level 1:colcon.colcon_core.package_identification:_identify(Third_Party/RTT) by extensions ['python_setup_py']
[0.166s] Level 1:colcon.colcon_core.package_identification:_identify(Third_Party/RTT) by extension 'python_setup_py'
[0.166s] Level 1:colcon.colcon_core.package_identification:_identify(Third_Party/U8g2) by extensions ['ignore', 'ignore_ament_install']
[0.166s] Level 1:colcon.colcon_core.package_identification:_identify(Third_Party/U8g2) by extension 'ignore'
[0.166s] Level 1:colcon.colcon_core.package_identification:_identify(Third_Party/U8g2) by extension 'ignore_ament_install'
[0.166s] Level 1:colcon.colcon_core.package_identification:_identify(Third_Party/U8g2) by extensions ['colcon_pkg']
[0.166s] Level 1:colcon.colcon_core.package_identification:_identify(Third_Party/U8g2) by extension 'colcon_pkg'
[0.166s] Level 1:colcon.colcon_core.package_identification:_identify(Third_Party/U8g2) by extensions ['colcon_meta']
[0.166s] Level 1:colcon.colcon_core.package_identification:_identify(Third_Party/U8g2) by extension 'colcon_meta'
[0.166s] Level 1:colcon.colcon_core.package_identification:_identify(Third_Party/U8g2) by extensions ['ros']
[0.166s] Level 1:colcon.colcon_core.package_identification:_identify(Third_Party/U8g2) by extension 'ros'
[0.167s] Level 1:colcon.colcon_core.package_identification:_identify(Third_Party/U8g2) by extensions ['cmake', 'python']
[0.167s] Level 1:colcon.colcon_core.package_identification:_identify(Third_Party/U8g2) by extension 'cmake'
[0.167s] Level 1:colcon.colcon_core.package_identification:_identify(Third_Party/U8g2) by extension 'python'
[0.167s] Level 1:colcon.colcon_core.package_identification:_identify(Third_Party/U8g2) by extensions ['python_setup_py']
[0.167s] Level 1:colcon.colcon_core.package_identification:_identify(Third_Party/U8g2) by extension 'python_setup_py'
[0.167s] Level 1:colcon.colcon_core.package_identification:_identify(USB_HOST) by extensions ['ignore', 'ignore_ament_install']
[0.167s] Level 1:colcon.colcon_core.package_identification:_identify(USB_HOST) by extension 'ignore'
[0.167s] Level 1:colcon.colcon_core.package_identification:_identify(USB_HOST) by extension 'ignore_ament_install'
[0.167s] Level 1:colcon.colcon_core.package_identification:_identify(USB_HOST) by extensions ['colcon_pkg']
[0.167s] Level 1:colcon.colcon_core.package_identification:_identify(USB_HOST) by extension 'colcon_pkg'
[0.167s] Level 1:colcon.colcon_core.package_identification:_identify(USB_HOST) by extensions ['colcon_meta']
[0.167s] Level 1:colcon.colcon_core.package_identification:_identify(USB_HOST) by extension 'colcon_meta'
[0.167s] Level 1:colcon.colcon_core.package_identification:_identify(USB_HOST) by extensions ['ros']
[0.167s] Level 1:colcon.colcon_core.package_identification:_identify(USB_HOST) by extension 'ros'
[0.167s] Level 1:colcon.colcon_core.package_identification:_identify(USB_HOST) by extensions ['cmake', 'python']
[0.167s] Level 1:colcon.colcon_core.package_identification:_identify(USB_HOST) by extension 'cmake'
[0.167s] Level 1:colcon.colcon_core.package_identification:_identify(USB_HOST) by extension 'python'
[0.167s] Level 1:colcon.colcon_core.package_identification:_identify(USB_HOST) by extensions ['python_setup_py']
[0.167s] Level 1:colcon.colcon_core.package_identification:_identify(USB_HOST) by extension 'python_setup_py'
[0.167s] Level 1:colcon.colcon_core.package_identification:_identify(USB_HOST/App) by extensions ['ignore', 'ignore_ament_install']
[0.167s] Level 1:colcon.colcon_core.package_identification:_identify(USB_HOST/App) by extension 'ignore'
[0.167s] Level 1:colcon.colcon_core.package_identification:_identify(USB_HOST/App) by extension 'ignore_ament_install'
[0.167s] Level 1:colcon.colcon_core.package_identification:_identify(USB_HOST/App) by extensions ['colcon_pkg']
[0.167s] Level 1:colcon.colcon_core.package_identification:_identify(USB_HOST/App) by extension 'colcon_pkg'
[0.167s] Level 1:colcon.colcon_core.package_identification:_identify(USB_HOST/App) by extensions ['colcon_meta']
[0.167s] Level 1:colcon.colcon_core.package_identification:_identify(USB_HOST/App) by extension 'colcon_meta'
[0.167s] Level 1:colcon.colcon_core.package_identification:_identify(USB_HOST/App) by extensions ['ros']
[0.167s] Level 1:colcon.colcon_core.package_identification:_identify(USB_HOST/App) by extension 'ros'
[0.167s] Level 1:colcon.colcon_core.package_identification:_identify(USB_HOST/App) by extensions ['cmake', 'python']
[0.167s] Level 1:colcon.colcon_core.package_identification:_identify(USB_HOST/App) by extension 'cmake'
[0.167s] Level 1:colcon.colcon_core.package_identification:_identify(USB_HOST/App) by extension 'python'
[0.167s] Level 1:colcon.colcon_core.package_identification:_identify(USB_HOST/App) by extensions ['python_setup_py']
[0.167s] Level 1:colcon.colcon_core.package_identification:_identify(USB_HOST/App) by extension 'python_setup_py'
[0.167s] Level 1:colcon.colcon_core.package_identification:_identify(USB_HOST/Target) by extensions ['ignore', 'ignore_ament_install']
[0.167s] Level 1:colcon.colcon_core.package_identification:_identify(USB_HOST/Target) by extension 'ignore'
[0.167s] Level 1:colcon.colcon_core.package_identification:_identify(USB_HOST/Target) by extension 'ignore_ament_install'
[0.167s] Level 1:colcon.colcon_core.package_identification:_identify(USB_HOST/Target) by extensions ['colcon_pkg']
[0.167s] Level 1:colcon.colcon_core.package_identification:_identify(USB_HOST/Target) by extension 'colcon_pkg'
[0.167s] Level 1:colcon.colcon_core.package_identification:_identify(USB_HOST/Target) by extensions ['colcon_meta']
[0.167s] Level 1:colcon.colcon_core.package_identification:_identify(USB_HOST/Target) by extension 'colcon_meta'
[0.167s] Level 1:colcon.colcon_core.package_identification:_identify(USB_HOST/Target) by extensions ['ros']
[0.167s] Level 1:colcon.colcon_core.package_identification:_identify(USB_HOST/Target) by extension 'ros'
[0.167s] Level 1:colcon.colcon_core.package_identification:_identify(USB_HOST/Target) by extensions ['cmake', 'python']
[0.167s] Level 1:colcon.colcon_core.package_identification:_identify(USB_HOST/Target) by extension 'cmake'
[0.167s] Level 1:colcon.colcon_core.package_identification:_identify(USB_HOST/Target) by extension 'python'
[0.167s] Level 1:colcon.colcon_core.package_identification:_identify(USB_HOST/Target) by extensions ['python_setup_py']
[0.167s] Level 1:colcon.colcon_core.package_identification:_identify(USB_HOST/Target) by extension 'python_setup_py'
[0.167s] Level 1:colcon.colcon_core.package_identification:_identify(build) by extensions ['ignore', 'ignore_ament_install']
[0.167s] Level 1:colcon.colcon_core.package_identification:_identify(build) by extension 'ignore'
[0.167s] Level 1:colcon.colcon_core.package_identification:_identify(build) ignored
[0.167s] Level 1:colcon.colcon_core.package_identification:_identify(install) by extensions ['ignore', 'ignore_ament_install']
[0.168s] Level 1:colcon.colcon_core.package_identification:_identify(install) by extension 'ignore'
[0.168s] Level 1:colcon.colcon_core.package_identification:_identify(install) ignored
[0.168s] Level 1:colcon.colcon_core.package_identification:_identify(log) by extensions ['ignore', 'ignore_ament_install']
[0.168s] Level 1:colcon.colcon_core.package_identification:_identify(log) by extension 'ignore'
[0.168s] Level 1:colcon.colcon_core.package_identification:_identify(log) ignored
[0.168s] Level 1:colcon.colcon_core.package_identification:_identify(scripts) by extensions ['ignore', 'ignore_ament_install']
[0.168s] Level 1:colcon.colcon_core.package_identification:_identify(scripts) by extension 'ignore'
[0.168s] Level 1:colcon.colcon_core.package_identification:_identify(scripts) by extension 'ignore_ament_install'
[0.168s] Level 1:colcon.colcon_core.package_identification:_identify(scripts) by extensions ['colcon_pkg']
[0.168s] Level 1:colcon.colcon_core.package_identification:_identify(scripts) by extension 'colcon_pkg'
[0.168s] Level 1:colcon.colcon_core.package_identification:_identify(scripts) by extensions ['colcon_meta']
[0.168s] Level 1:colcon.colcon_core.package_identification:_identify(scripts) by extension 'colcon_meta'
[0.168s] Level 1:colcon.colcon_core.package_identification:_identify(scripts) by extensions ['ros']
[0.168s] Level 1:colcon.colcon_core.package_identification:_identify(scripts) by extension 'ros'
[0.168s] Level 1:colcon.colcon_core.package_identification:_identify(scripts) by extensions ['cmake', 'python']
[0.168s] Level 1:colcon.colcon_core.package_identification:_identify(scripts) by extension 'cmake'
[0.168s] Level 1:colcon.colcon_core.package_identification:_identify(scripts) by extension 'python'
[0.168s] Level 1:colcon.colcon_core.package_identification:_identify(scripts) by extensions ['python_setup_py']
[0.168s] Level 1:colcon.colcon_core.package_identification:_identify(scripts) by extension 'python_setup_py'
[0.168s] Level 1:colcon.colcon_core.package_identification:_identify(scripts/ubuntu) by extensions ['ignore', 'ignore_ament_install']
[0.168s] Level 1:colcon.colcon_core.package_identification:_identify(scripts/ubuntu) by extension 'ignore'
[0.168s] Level 1:colcon.colcon_core.package_identification:_identify(scripts/ubuntu) by extension 'ignore_ament_install'
[0.168s] Level 1:colcon.colcon_core.package_identification:_identify(scripts/ubuntu) by extensions ['colcon_pkg']
[0.168s] Level 1:colcon.colcon_core.package_identification:_identify(scripts/ubuntu) by extension 'colcon_pkg'
[0.168s] Level 1:colcon.colcon_core.package_identification:_identify(scripts/ubuntu) by extensions ['colcon_meta']
[0.168s] Level 1:colcon.colcon_core.package_identification:_identify(scripts/ubuntu) by extension 'colcon_meta'
[0.168s] Level 1:colcon.colcon_core.package_identification:_identify(scripts/ubuntu) by extensions ['ros']
[0.168s] Level 1:colcon.colcon_core.package_identification:_identify(scripts/ubuntu) by extension 'ros'
[0.168s] Level 1:colcon.colcon_core.package_identification:_identify(scripts/ubuntu) by extensions ['cmake', 'python']
[0.168s] Level 1:colcon.colcon_core.package_identification:_identify(scripts/ubuntu) by extension 'cmake'
[0.168s] Level 1:colcon.colcon_core.package_identification:_identify(scripts/ubuntu) by extension 'python'
[0.168s] Level 1:colcon.colcon_core.package_identification:_identify(scripts/ubuntu) by extensions ['python_setup_py']
[0.168s] Level 1:colcon.colcon_core.package_identification:_identify(scripts/ubuntu) by extension 'python_setup_py'
[0.168s] Level 1:colcon.colcon_core.package_identification:_identify(scripts/windows) by extensions ['ignore', 'ignore_ament_install']
[0.168s] Level 1:colcon.colcon_core.package_identification:_identify(scripts/windows) by extension 'ignore'
[0.168s] Level 1:colcon.colcon_core.package_identification:_identify(scripts/windows) by extension 'ignore_ament_install'
[0.168s] Level 1:colcon.colcon_core.package_identification:_identify(scripts/windows) by extensions ['colcon_pkg']
[0.168s] Level 1:colcon.colcon_core.package_identification:_identify(scripts/windows) by extension 'colcon_pkg'
[0.168s] Level 1:colcon.colcon_core.package_identification:_identify(scripts/windows) by extensions ['colcon_meta']
[0.168s] Level 1:colcon.colcon_core.package_identification:_identify(scripts/windows) by extension 'colcon_meta'
[0.168s] Level 1:colcon.colcon_core.package_identification:_identify(scripts/windows) by extensions ['ros']
[0.168s] Level 1:colcon.colcon_core.package_identification:_identify(scripts/windows) by extension 'ros'
[0.168s] Level 1:colcon.colcon_core.package_identification:_identify(scripts/windows) by extensions ['cmake', 'python']
[0.168s] Level 1:colcon.colcon_core.package_identification:_identify(scripts/windows) by extension 'cmake'
[0.168s] Level 1:colcon.colcon_core.package_identification:_identify(scripts/windows) by extension 'python'
[0.168s] Level 1:colcon.colcon_core.package_identification:_identify(scripts/windows) by extensions ['python_setup_py']
[0.168s] Level 1:colcon.colcon_core.package_identification:_identify(scripts/windows) by extension 'python_setup_py'
[0.168s] Level 1:colcon.colcon_core.package_discovery:discover_packages(recursive) using defaults
[0.168s] Level 1:colcon.colcon_core.package_discovery:discover_packages(ignore) discover
[0.168s] Level 1:colcon.colcon_core.package_discovery:discover_packages(ignore) using defaults
[0.168s] Level 1:colcon.colcon_core.package_discovery:discover_packages(path) discover
[0.168s] Level 1:colcon.colcon_core.package_discovery:discover_packages(path) using defaults
[0.169s] WARNING:colcon.colcon_core.package_selection:ignoring unknown package 'ros_robot_controller' in --packages-select
[0.179s] INFO:colcon.colcon_core.package_selection:Skipping not selected package 'CMSISDSP' in 'Drivers/CMSIS/DSP/Source'
[0.179s] INFO:colcon.colcon_core.package_selection:Skipping not selected package 'CMSISNN' in 'Drivers/CMSIS/NN'
[0.179s] INFO:colcon.colcon_core.package_selection:Skipping not selected package 'Fusion' in 'Third_Party/Fusion/Fusion'
[0.179s] INFO:colcon.colcon_core.package_selection:Skipping not selected package 'arm_bayes_example' in 'Drivers/CMSIS/DSP/Examples/ARM/arm_bayes_example'
[0.179s] INFO:colcon.colcon_core.package_selection:Skipping not selected package 'arm_class_marks_example' in 'Drivers/CMSIS/DSP/Examples/ARM/arm_class_marks_example'
[0.179s] INFO:colcon.colcon_core.package_selection:Skipping not selected package 'arm_convolution_example' in 'Drivers/CMSIS/DSP/Examples/ARM/arm_convolution_example'
[0.179s] INFO:colcon.colcon_core.package_selection:Skipping not selected package 'arm_dotproduct_example' in 'Drivers/CMSIS/DSP/Examples/ARM/arm_dotproduct_example'
[0.179s] INFO:colcon.colcon_core.package_selection:Skipping not selected package 'arm_fft_bin_example' in 'Drivers/CMSIS/DSP/Examples/ARM/arm_fft_bin_example'
[0.179s] INFO:colcon.colcon_core.package_selection:Skipping not selected package 'arm_fir_example' in 'Drivers/CMSIS/DSP/Examples/ARM/arm_fir_example'
[0.179s] INFO:colcon.colcon_core.package_selection:Skipping not selected package 'arm_graphic_equalizer_example' in 'Drivers/CMSIS/DSP/Examples/ARM/arm_graphic_equalizer_example'
[0.179s] INFO:colcon.colcon_core.package_selection:Skipping not selected package 'arm_linear_interp_example' in 'Drivers/CMSIS/DSP/Examples/ARM/arm_linear_interp_example'
[0.179s] INFO:colcon.colcon_core.package_selection:Skipping not selected package 'arm_matrix_example' in 'Drivers/CMSIS/DSP/Examples/ARM/arm_matrix_example'
[0.179s] INFO:colcon.colcon_core.package_selection:Skipping not selected package 'arm_signal_convergence_example' in 'Drivers/CMSIS/DSP/Examples/ARM/arm_signal_converge_example'
[0.179s] INFO:colcon.colcon_core.package_selection:Skipping not selected package 'arm_sin_cos_example' in 'Drivers/CMSIS/DSP/Examples/ARM/arm_sin_cos_example'
[0.179s] INFO:colcon.colcon_core.package_selection:Skipping not selected package 'arm_svm_example' in 'Drivers/CMSIS/DSP/Examples/ARM/arm_svm_example'
[0.179s] INFO:colcon.colcon_core.package_selection:Skipping not selected package 'arm_variance_example' in 'Drivers/CMSIS/DSP/Examples/ARM/arm_variance_example'
[0.179s] Level 1:colcon.colcon_core.package_discovery:discover_packages(prefix_path) check parameters
[0.179s] Level 1:colcon.colcon_core.package_discovery:discover_packages(prefix_path) discover
[0.180s] DEBUG:colcon.colcon_installed_package_information.package_discovery:Found 2 installed packages in /home/jimmy/project/tank/ros_robot_controller_ros2/install
[0.181s] DEBUG:colcon.colcon_installed_package_information.package_discovery:Found 291 installed packages in /opt/ros/jazzy
[0.182s] Level 1:colcon.colcon_core.package_discovery:discover_packages(prefix_path) using defaults
[0.204s] INFO:colcon.colcon_core.executor:Executing jobs using 'parallel' executor
[0.205s] DEBUG:colcon.colcon_parallel_executor.executor.parallel:run_until_complete
[0.205s] DEBUG:colcon.colcon_parallel_executor.executor.parallel:closing loop
[0.205s] DEBUG:colcon.colcon_parallel_executor.executor.parallel:loop closed
[0.205s] DEBUG:colcon.colcon_parallel_executor.executor.parallel:run_until_complete finished with '0'
[0.205s] DEBUG:colcon.colcon_core.event_reactor:joining thread
[0.208s] INFO:colcon.colcon_core.plugin_system:Skipping extension 'colcon_notification.desktop_notification.terminal_notifier': Not used on non-Darwin systems
[0.208s] INFO:colcon.colcon_core.plugin_system:Skipping extension 'colcon_notification.desktop_notification.win32': Not used on non-Windows systems
[0.208s] INFO:colcon.colcon_notification.desktop_notification:Sending desktop notification using 'notify2'
[0.215s] DEBUG:colcon.colcon_core.event_reactor:joined thread
[0.216s] INFO:colcon.colcon_core.plugin_system:Skipping extension 'colcon_core.shell.bat': Not used on non-Windows systems
[0.216s] INFO:colcon.colcon_core.shell:Creating prefix script '/home/jimmy/project/tank/mcu_rosrobotcontrollerm4_motor_ps2/install/local_setup.ps1'
[0.217s] INFO:colcon.colcon_core.shell:Creating prefix util module '/home/jimmy/project/tank/mcu_rosrobotcontrollerm4_motor_ps2/install/_local_setup_util_ps1.py'
[0.217s] INFO:colcon.colcon_core.shell:Creating prefix chain script '/home/jimmy/project/tank/mcu_rosrobotcontrollerm4_motor_ps2/install/setup.ps1'
[0.218s] INFO:colcon.colcon_core.shell:Creating prefix script '/home/jimmy/project/tank/mcu_rosrobotcontrollerm4_motor_ps2/install/local_setup.sh'
[0.218s] INFO:colcon.colcon_core.shell:Creating prefix util module '/home/jimmy/project/tank/mcu_rosrobotcontrollerm4_motor_ps2/install/_local_setup_util_sh.py'
[0.219s] INFO:colcon.colcon_core.shell:Creating prefix chain script '/home/jimmy/project/tank/mcu_rosrobotcontrollerm4_motor_ps2/install/setup.sh'
[0.219s] INFO:colcon.colcon_core.shell:Creating prefix script '/home/jimmy/project/tank/mcu_rosrobotcontrollerm4_motor_ps2/install/local_setup.bash'
[0.219s] INFO:colcon.colcon_core.shell:Creating prefix chain script '/home/jimmy/project/tank/mcu_rosrobotcontrollerm4_motor_ps2/install/setup.bash'
[0.220s] INFO:colcon.colcon_core.shell:Creating prefix script '/home/jimmy/project/tank/mcu_rosrobotcontrollerm4_motor_ps2/install/local_setup.zsh'
[0.220s] INFO:colcon.colcon_core.shell:Creating prefix chain script '/home/jimmy/project/tank/mcu_rosrobotcontrollerm4_motor_ps2/install/setup.zsh'
